Date,Price,Open,High,Low,Vol.Change %,True Range,Max_Range,Min_Range,Simple Moving Average ,Del C,Output (One  day)
01-10-2014,1.2624,1.2631,1.264,1.2584,-0.06%,,,,,,1.2668
02-10-2014,1.2668,1.2622,1.2698,1.2612,0.35%,,,,,,1.2517
03-10-2014,1.2517,1.2668,1.2676,1.25,-1.19%,,,,,,1.2654
06-10-2014,1.2654,1.251,1.2677,1.2504,1.09%,,,,,,1.267
07-10-2014,1.267,1.2656,1.2683,1.2584,0.13%,,,,,,1.2734
08-10-2014,1.2734,1.2669,1.2749,1.2622,0.51%,,,,,,1.2691
09-10-2014,1.2691,1.2732,1.2792,1.2664,-0.34%,,,,,,1.2628
10-10-2014,1.2628,1.2691,1.2716,1.2605,-0.50%,,,,,,1.2753
13-10-2014,1.2753,1.2637,1.2762,1.2619,0.99%,,,,,,1.2659
14-10-2014,1.2659,1.2752,1.2769,1.264,-0.74%,,,,,,1.2837
15-10-2014,1.2837,1.2659,1.2886,1.2624,1.41%,,,,,,1.2809
16-10-2014,1.2809,1.2837,1.2847,1.2706,-0.22%,,,,,,1.2763
17-10-2014,1.2763,1.2811,1.2837,1.2744,-0.36%,0.0262,1.2886,1.25,1.52064,-0.0180000000000025,1.2799
20-10-2014,1.2799,1.2758,1.2817,1.2731,0.28%,0.0262,1.2886,1.25,1.52244,-0.0136000000000003,1.2715
21-10-2014,1.2715,1.2801,1.2841,1.2713,-0.66%,0.0262,1.2886,1.25,1.5238,-0.013300000000001,1.2649
22-10-2014,1.2649,1.2716,1.274,1.2636,-0.52%,0.0262,1.2886,1.2504,1.52513,-0.0206,1.2647
23-10-2014,1.2647,1.2651,1.2679,1.2614,-0.02%,0.0262,1.2886,1.2584,1.52719,0.000500000000000611,1.267
24-10-2014,1.267,1.2645,1.2696,1.2633,0.18%,0.0262,1.2886,1.2605,1.52714,0.00239999999999974,1.2698
27-10-2014,1.2698,1.2683,1.2725,1.2666,0.22%,0.0262,1.2886,1.2605,1.5269,0.00490000000000102,1.2734
28-10-2014,1.2734,1.2698,1.2765,1.2683,0.28%,0.0262,1.2886,1.2605,1.52641,-0.000700000000000145,1.2632
29-10-2014,1.2632,1.2735,1.2772,1.2631,-0.80%,0.0262,1.2886,1.2614,1.52648,-0.00980000000000025,1.2613
30-10-2014,1.2613,1.2631,1.264,1.2547,-0.15%,0.0262,1.2886,1.2614,1.52746,0.0121000000000002,1.2525
31-10-2014,1.2525,1.2612,1.2618,1.2485,-0.70%,0.0262,1.2886,1.2614,1.52625,0.0046999999999997,1.2483
03-11-2014,1.2483,1.2515,1.2517,1.2441,-0.34%,0.0141,1.2847,1.2614,1.52578,0.0321999999999996,1.2546
04-11-2014,1.2546,1.2483,1.2578,1.2481,0.50%,0.0141,1.2841,1.2614,1.52256,0.0327999999999999,1.2486
05-11-2014,1.2486,1.2546,1.2568,1.2457,-0.48%,0.0141,1.2841,1.2547,1.51928,0.0212000000000003,1.2375
06-11-2014,1.2375,1.2487,1.2535,1.2365,-0.89%,0.0141,1.2841,1.2485,1.51716,0.0313999999999997,1.2454
07-11-2014,1.2454,1.2376,1.2471,1.2359,0.64%,0.0170000000000001,1.2772,1.2441,1.51402,0.0340000000000007,1.2421
10-11-2014,1.2421,1.2452,1.251,1.2417,-0.26%,0.0170000000000001,1.2772,1.2441,1.51062,0.0198999999999998,1.2475
11-11-2014,1.2475,1.2421,1.25,1.2394,0.43%,0.0170000000000001,1.2772,1.2441,1.50863,0.0223999999999993,1.2439
12-11-2014,1.2439,1.2476,1.2499,1.2418,-0.29%,0.0170000000000001,1.2772,1.2365,1.50639,0.0206999999999997,1.2477
13-11-2014,1.2477,1.2439,1.2492,1.2426,0.31%,0.0170000000000001,1.2772,1.2359,1.50432,0.0259,1.2523
14-11-2014,1.2523,1.2477,1.2548,1.2399,0.37%,0.0170000000000001,1.2772,1.2359,1.50173,0.0258000000000003,1.245
17-11-2014,1.245,1.2526,1.2578,1.2444,-0.58%,0.0170000000000001,1.264,1.2359,1.49915,0.0105000000000004,1.2537
18-11-2014,1.2537,1.245,1.2546,1.2442,0.70%,0.0170000000000001,1.2618,1.2359,1.4981,0.0161999999999995,1.2554
19-11-2014,1.2554,1.2537,1.26,1.2512,0.14%,0.0170000000000001,1.2578,1.2359,1.49648,-0.0022000000000002,1.254
20-11-2014,1.254,1.2555,1.2576,1.2504,-0.11%,0.0170000000000001,1.26,1.2359,1.4967,-0.00719999999999921,1.239
21-11-2014,1.239,1.2541,1.2571,1.2376,-1.20%,0.0170000000000001,1.26,1.2359,1.49742,0.000499999999998835,1.2443
24-11-2014,1.2443,1.2376,1.2445,1.2357,0.43%,0.0195000000000001,1.26,1.2359,1.49737,0.0111000000000008,1.2475
25-11-2014,1.2475,1.2443,1.2487,1.2401,0.26%,0.0195000000000001,1.26,1.2359,1.49626,-0.00670000000000037,1.2506
26-11-2014,1.2506,1.2475,1.2532,1.2443,0.25%,0.0195000000000001,1.26,1.2394,1.49693,-0.00229999999999997,1.2467
27-11-2014,1.2467,1.2506,1.2524,1.2464,-0.31%,0.0195000000000001,1.26,1.2376,1.49716,-0.00849999999999973,1.2452
28-11-2014,1.2452,1.2468,1.2492,1.2427,-0.12%,0.0195000000000001,1.26,1.2357,1.49801,0.000799999999999912,1.247
01-12-2014,1.247,1.2456,1.2507,1.2419,0.14%,0.0195000000000001,1.26,1.2357,1.49793,-0.00169999999999959,1.2383
02-12-2014,1.2383,1.2471,1.2478,1.2377,-0.70%,0.0195000000000001,1.26,1.2357,1.4981,0.000600000000000378,1.2311
03-12-2014,1.2311,1.2382,1.2391,1.23,-0.58%,0.0195000000000001,1.26,1.2357,1.49804,0.0143999999999984,1.2379
04-12-2014,1.2379,1.2313,1.2458,1.2282,0.55%,0.0195000000000001,1.26,1.2357,1.4966,0.0137,1.2285
05-12-2014,1.2285,1.238,1.2393,1.2271,-0.76%,0.0195000000000001,1.26,1.2357,1.49523,0.0157000000000007,1.2317
08-12-2014,1.2317,1.2278,1.2344,1.2246,0.26%,0.0195000000000001,1.2576,1.2357,1.49366,0.0277000000000012,1.2375
09-12-2014,1.2375,1.2317,1.2448,1.2292,0.47%,0.0195000000000001,1.2571,1.23,1.49089,0.0223999999999993,1.2448
10-12-2014,1.2448,1.2374,1.2449,1.2361,0.59%,0.0176000000000001,1.2532,1.2282,1.48865,0.000199999999999534,1.2411
11-12-2014,1.2411,1.2448,1.2496,1.237,-0.30%,0.0176000000000001,1.2532,1.2271,1.48863,-0.000500000000000611,1.2462
12-12-2014,1.2462,1.2413,1.2487,1.2384,0.41%,0.0176000000000001,1.2532,1.2246,1.48868,0.00620000000000154,1.2437
15-12-2014,1.2437,1.2462,1.2485,1.2414,-0.20%,0.0176000000000001,1.2524,1.2246,1.48806,0.00439999999999863,1.2511
16-12-2014,1.2511,1.2437,1.2571,1.2433,0.59%,0.0176000000000001,1.2507,1.2246,1.48762,0.00309999999999988,1.2343
17-12-2014,1.2343,1.2512,1.2517,1.2322,-1.34%,0.0176000000000001,1.2571,1.2246,1.48731,-0.00559999999999938,1.2286
18-12-2014,1.2286,1.2342,1.2353,1.2265,-0.46%,0.0195000000000001,1.2571,1.2246,1.48787,0.0129000000000001,1.2228
19-12-2014,1.2228,1.2288,1.2305,1.2222,-0.47%,0.0195000000000001,1.2571,1.2246,1.48658,0.00939999999999941,1.2231
22-12-2014,1.2231,1.2226,1.2273,1.2216,0.02%,0.0195000000000001,1.2571,1.2246,1.48564,0.00870000000000104,1.2172
23-12-2014,1.2172,1.2231,1.2247,1.2165,-0.48%,0.0195000000000001,1.2571,1.2246,1.48477,0.014899999999999,1.2195
24-12-2014,1.2195,1.2172,1.2222,1.217,0.19%,0.0195000000000001,1.2571,1.2246,1.48328,0.0106000000000002,1.2222
25-12-2014,1.2222,1.2195,1.2256,1.2186,0.22%,0.0195000000000001,1.2571,1.2222,1.48222,0.0122,1.2176
26-12-2014,1.2176,1.2224,1.2228,1.2168,-0.38%,0.0195000000000001,1.2571,1.2216,1.481,0.0150000000000006,1.2152
29-12-2014,1.2152,1.2182,1.2221,1.2142,-0.20%,0.0195000000000001,1.2571,1.2165,1.4795,0.0266000000000002,1.2157
30-12-2014,1.2157,1.2151,1.2188,1.2123,0.04%,0.0195000000000001,1.2571,1.2165,1.47684,0.0261999999999993,1.2098
31-12-2014,1.2098,1.2155,1.2172,1.2096,-0.49%,0.0195000000000001,1.2571,1.2165,1.47422,0.0306999999999995,1.2104
01-01-2015,1.2104,1.21,1.2107,1.2094,0.05%,0.0195000000000001,1.2571,1.2165,1.47115,0.0337000000000014,1.2003
02-01-2015,1.2003,1.2106,1.2111,1.2001,-0.83%,0.0195000000000001,1.2517,1.2142,1.46778,0.0405999999999995,1.1934
05-01-2015,1.1934,1.2003,1.2008,1.1883,-0.57%,0.0110000000000001,1.2353,1.2123,1.46372,0.0339000000000009,1.1889
06-01-2015,1.1889,1.1933,1.1969,1.1884,-0.38%,0.0125000000000002,1.2305,1.2096,1.46033,0.035499999999999,1.1839
07-01-2015,1.1839,1.1892,1.1898,1.1803,-0.42%,0.0125000000000002,1.2273,1.2094,1.45678,0.0334000000000003,1.1793
08-01-2015,1.1793,1.1839,1.1848,1.1753,-0.39%,0.0125000000000002,1.2256,1.2001,1.45344,0.0391999999999992,1.1841
09-01-2015,1.1841,1.1793,1.1848,1.1763,0.41%,0.0125000000000002,1.2256,1.1883,1.44952,0.0379000000000005,1.1834
12-01-2015,1.1834,1.1838,1.1871,1.1786,-0.06%,0.0125000000000002,1.2256,1.1883,1.44573,0.0357000000000003,1.1772
13-01-2015,1.1772,1.1833,1.186,1.1753,-0.52%,0.0125000000000002,1.2228,1.1803,1.44216,0.0390999999999995,1.1789
14-01-2015,1.1789,1.1772,1.1846,1.1726,0.14%,0.0125000000000002,1.2221,1.1753,1.43825,0.0410000000000004,1.1631
15-01-2015,1.1631,1.1789,1.1795,1.157,-1.34%,0.0125000000000002,1.2188,1.1753,1.43415,0.0362000000000009,1.157
16-01-2015,1.157,1.1633,1.165,1.1462,-0.52%,0.0225,1.2172,1.1753,1.43053,0.0521999999999991,1.1606
19-01-2015,1.1606,1.1551,1.1641,1.1545,0.31%,0.0225,1.2111,1.1753,1.42531,0.0549,1.1551
20-01-2015,1.1551,1.1606,1.1616,1.154,-0.47%,0.0225,1.2111,1.1726,1.41982,0.0500000000000007,1.161
21-01-2015,1.161,1.1553,1.1677,1.1542,0.51%,0.0225,1.2008,1.157,1.41482,0.0449999999999982,1.1366
22-01-2015,1.1366,1.161,1.1648,1.1317,-2.10%,0.0225,1.1969,1.1462,1.41032,0.0323000000000011,1.1208
23-01-2015,1.1208,1.1366,1.1374,1.1114,-1.39%,0.0331000000000001,1.1898,1.1462,1.40709,0.0526,1.1239
26-01-2015,1.1239,1.1186,1.1297,1.1099,0.28%,0.0331000000000001,1.1871,1.1462,1.40183,0.0653000000000006,1.1381
27-01-2015,1.1381,1.1237,1.1423,1.1224,1.26%,0.0331000000000001,1.1871,1.1462,1.3953,0.0555999999999983,1.1288
28-01-2015,1.1288,1.1382,1.1385,1.1276,-0.82%,0.0331000000000001,1.1871,1.1317,1.38974,0.0456000000000003,1.132
29-01-2015,1.132,1.1287,1.1369,1.1261,0.28%,0.0331000000000001,1.186,1.1114,1.38518,0.0546000000000007,1.1288
30-01-2015,1.1288,1.1321,1.1366,1.1279,-0.28%,0.0331000000000001,1.1846,1.1099,1.37972,0.0450999999999997,1.1342
02-02-2015,1.1342,1.1284,1.1364,1.128,0.48%,0.0331000000000001,1.1795,1.1099,1.37521,0.0504999999999995,1.1481
03-02-2015,1.1481,1.1343,1.1534,1.1313,1.23%,0.0331000000000001,1.1677,1.1099,1.37016,0.0289999999999999,1.1347
04-02-2015,1.1347,1.1482,1.1486,1.1317,-1.17%,0.0331000000000001,1.1677,1.1099,1.36726,0.00689999999999991,1.1477
05-02-2015,1.1477,1.1345,1.15,1.1304,1.15%,0.0331000000000001,1.1677,1.1099,1.36657,0.0260999999999996,1.1315
06-02-2015,1.1315,1.1477,1.1488,1.1313,-1.41%,0.0331000000000001,1.1677,1.1099,1.36396,0.00760000000000005,1.1324
09-02-2015,1.1324,1.1315,1.1359,1.1271,0.08%,0.0331000000000001,1.1648,1.1099,1.3632,0.0295000000000005,1.1321
10-02-2015,1.1321,1.1327,1.1347,1.1274,-0.03%,0.026,1.1534,1.1099,1.36025,0.00389999999999979,1.1334
11-02-2015,1.1334,1.1321,1.1349,1.128,0.11%,0.0221,1.1534,1.1099,1.35986,-0.0134999999999987,1.1403
12-02-2015,1.1403,1.1334,1.1423,1.1302,0.61%,0.0221,1.1534,1.1224,1.36121,-0.00970000000000049,1.1385
13-02-2015,1.1385,1.1403,1.1443,1.138,-0.16%,0.0221,1.1534,1.1261,1.36218,-0.00210000000000044,1.1353
16-02-2015,1.1353,1.1385,1.1429,1.1317,-0.28%,0.0221,1.1534,1.1261,1.36239,-0.00980000000000025,1.1412
17-02-2015,1.1412,1.1354,1.145,1.1322,0.52%,0.0221,1.1534,1.1271,1.36337,-0.00329999999999941,1.1397
18-02-2015,1.1397,1.1412,1.1418,1.1334,-0.13%,0.0221,1.1534,1.1271,1.3637,-0.0128000000000004,1.1366
19-02-2015,1.1366,1.1397,1.145,1.1355,-0.27%,0.0221,1.1534,1.1271,1.36498,-0.00539999999999985,1.1381
20-02-2015,1.1381,1.137,1.1431,1.128,0.13%,0.0195999999999998,1.15,1.1271,1.36552,0.0112000000000005,1.1332
23-02-2015,1.1332,1.1385,1.1414,1.1296,-0.43%,0.0195999999999998,1.15,1.1271,1.3644,-0.00399999999999956,1.1341
24-02-2015,1.1341,1.1336,1.136,1.1289,0.08%,0.0175000000000001,1.1488,1.1271,1.3648,0.0140999999999991,1.1362
25-02-2015,1.1362,1.134,1.1389,1.1334,0.19%,0.0151000000000001,1.145,1.1271,1.36339,-0.0024999999999995,1.1198
26-02-2015,1.1198,1.1361,1.1381,1.1184,-1.44%,0.0151000000000001,1.145,1.1274,1.36364,-0.00340000000000096,1.1195
27-02-2015,1.1195,1.1199,1.1248,1.1178,-0.03%,0.0196999999999998,1.145,1.128,1.36398,0.0122000000000018,1.1185
02-03-2015,1.1185,1.1187,1.1242,1.1159,-0.09%,0.0196999999999998,1.145,1.128,1.36276,0.0146999999999995,1.1176
03-03-2015,1.1176,1.1183,1.1219,1.1155,-0.08%,0.0196999999999998,1.145,1.128,1.36129,0.0220000000000002,1.1079
04-03-2015,1.1079,1.1178,1.1187,1.1062,-0.87%,0.0196999999999998,1.145,1.1184,1.35909,0.0206999999999997,1.1031
05-03-2015,1.1031,1.1079,1.1115,1.0989,-0.43%,0.0196999999999998,1.145,1.1178,1.35702,0.0274999999999999,1.0844
06-03-2015,1.0844,1.1033,1.1035,1.0842,-1.70%,0.0196999999999998,1.145,1.1159,1.35427,0.0379000000000005,1.0852
09-03-2015,1.0852,1.0832,1.0908,1.0823,0.07%,0.0196999999999998,1.145,1.1155,1.35048,0.0564999999999998,1.0698
10-03-2015,1.0698,1.0851,1.0856,1.0692,-1.42%,0.0196999999999998,1.1431,1.1062,1.34483,0.0518999999999998,1.0547
11-03-2015,1.0547,1.0699,1.0718,1.0511,-1.41%,0.0196999999999998,1.1414,1.0989,1.33964,0.0686,1.0635
12-03-2015,1.0635,1.0547,1.0684,1.0495,0.83%,0.0207000000000002,1.1389,1.0842,1.33278,0.0789000000000009,1.0495
13-03-2015,1.0495,1.0637,1.0639,1.0462,-1.32%,0.0207000000000002,1.1389,1.0823,1.32489,0.0702999999999996,1.0568
16-03-2015,1.0568,1.0494,1.0621,1.0459,0.70%,0.0207000000000002,1.1381,1.0692,1.31786,0.0866999999999987,1.0598
17-03-2015,1.0598,1.0566,1.065,1.0551,0.28%,0.0207000000000002,1.1248,1.0511,1.30919,0.0632999999999999,1.0867
18-03-2015,1.0867,1.0598,1.1033,1.0581,2.54%,0.0207000000000002,1.1242,1.0495,1.30286,0.0589000000000013,1.066
19-03-2015,1.066,1.0866,1.0915,1.0613,-1.90%,0.0451999999999999,1.1219,1.0462,1.29697,0.031699999999999,1.0822
20-03-2015,1.0822,1.0661,1.0883,1.065,1.52%,0.0451999999999999,1.1187,1.0459,1.2938,0.0517000000000003,1.0947
23-03-2015,1.0947,1.0837,1.0972,1.0768,1.16%,0.0451999999999999,1.1115,1.0459,1.28863,0.0242000000000004,1.0926
24-03-2015,1.0926,1.0947,1.1031,1.0892,-0.19%,0.0451999999999999,1.1035,1.0459,1.28621,0.0085999999999995,1.0972
25-03-2015,1.0972,1.0926,1.1016,1.0901,0.42%,0.0451999999999999,1.1033,1.0459,1.28535,-0.00939999999999941,1.0884
26-03-2015,1.0884,1.0969,1.1052,1.0856,-0.80%,0.0451999999999999,1.1033,1.0459,1.28629,-0.0118000000000009,1.0888
27-03-2015,1.0888,1.0886,1.0949,1.0802,0.04%,0.0451999999999999,1.1052,1.0459,1.28747,-0.0186999999999991,1.0834
30-03-2015,1.0834,1.0889,1.0897,1.0811,-0.50%,0.0451999999999999,1.1052,1.0459,1.28934,-0.0342000000000002,1.0731
31-03-2015,1.0731,1.0833,1.0846,1.0713,-0.95%,0.0451999999999999,1.1052,1.0459,1.29276,-0.0196000000000005,1.0764
01-04-2015,1.0764,1.0735,1.0801,1.0719,0.31%,0.0451999999999999,1.1052,1.0459,1.29472,-0.0240999999999989,1.0884
02-04-2015,1.0884,1.0764,1.0905,1.0751,1.11%,0.0451999999999999,1.1052,1.0551,1.29713,-0.0198,1.0978
03-04-2015,1.0978,1.0883,1.1028,1.0864,0.86%,0.0451999999999999,1.1052,1.0581,1.29911,-0.0285000000000011,1.0924
06-04-2015,1.0924,1.0991,1.1037,1.0911,-0.49%,0.0302,1.1052,1.0613,1.30196,-0.0124999999999993,1.0816
07-04-2015,1.0816,1.0922,1.0957,1.0805,-0.99%,0.0233000000000001,1.1052,1.065,1.30321,-0.0260999999999996,1.0781
08-04-2015,1.0781,1.0816,1.0888,1.0764,-0.32%,0.0204,1.1052,1.0713,1.30582,0.00209999999999866,1.0659
09-04-2015,1.0659,1.0781,1.0789,1.0638,-1.13%,0.0196000000000001,1.1052,1.0713,1.30561,0.0166000000000004,1.0604
10-04-2015,1.0604,1.066,1.0685,1.0569,-0.52%,0.0196000000000001,1.1052,1.0713,1.30395,0.0266000000000002,1.0568
13-04-2015,1.0568,1.0602,1.0619,1.052,-0.34%,0.0196000000000001,1.1052,1.0713,1.30129,0.0366999999999997,1.0654
14-04-2015,1.0654,1.0566,1.0709,1.053,0.81%,0.0164,1.1037,1.0713,1.29762,0.032,1.0686
15-04-2015,1.0686,1.0655,1.0703,1.0572,0.30%,0.0179,1.1037,1.0638,1.29442,0.0234000000000005,1.0762
16-04-2015,1.0762,1.0684,1.0819,1.0625,0.71%,0.0179,1.1037,1.0569,1.29208,0.0149000000000008,1.0807
17-04-2015,1.0807,1.0762,1.085,1.0737,0.42%,0.0194000000000001,1.1037,1.052,1.29059,-0.00270000000000081,1.0737
20-04-2015,1.0737,1.0821,1.0825,1.0713,-0.65%,0.0194000000000001,1.1037,1.052,1.29086,-0.00570000000000093,1.0736
21-04-2015,1.0736,1.074,1.0784,1.0661,-0.01%,0.0194000000000001,1.1037,1.052,1.29143,0.0143000000000004,1.0726
22-04-2015,1.0726,1.0736,1.0802,1.0709,-0.09%,0.0194000000000001,1.1037,1.052,1.29,0.0254999999999992,1.0827
23-04-2015,1.0827,1.0726,1.0848,1.0667,0.94%,0.0194000000000001,1.0957,1.052,1.28745,0.0196000000000005,1.0874
24-04-2015,1.0874,1.0825,1.0901,1.0785,0.43%,0.0194000000000001,1.0888,1.052,1.28549,-0.000899999999999679,1.0888
27-04-2015,1.0888,1.0873,1.0928,1.0821,0.13%,0.0194000000000001,1.0901,1.052,1.28558,-0.00919999999999988,1.0981
28-04-2015,1.0981,1.0894,1.0991,1.0859,0.85%,0.0194000000000001,1.0928,1.052,1.2865,-0.0234000000000005,1.1132
29-04-2015,1.1132,1.0983,1.1189,1.096,1.38%,0.0194000000000001,1.0991,1.052,1.28884,-0.0381,1.1225
30-04-2015,1.1225,1.113,1.1269,1.1073,0.84%,0.0228999999999999,1.1189,1.053,1.29265,-0.0564,1.1202
01-05-2015,1.1202,1.1223,1.129,1.1176,-0.20%,0.0228999999999999,1.1269,1.0572,1.29829,-0.0567999999999991,1.1146
04-05-2015,1.1146,1.1202,1.1226,1.1123,-0.50%,0.0228999999999999,1.129,1.0625,1.30397,-0.0518000000000001,1.1186
05-05-2015,1.1186,1.1147,1.1223,1.1067,0.36%,0.0228999999999999,1.129,1.0661,1.30915,-0.0385000000000009,1.1353
06-05-2015,1.1353,1.1187,1.1372,1.1176,1.49%,0.0228999999999999,1.129,1.0661,1.313,-0.0366,1.1267
07-05-2015,1.1267,1.1347,1.1393,1.1237,-0.76%,0.0228999999999999,1.1372,1.0661,1.31666,-0.0606999999999989,1.1204
08-05-2015,1.1204,1.1267,1.129,1.1178,-0.56%,0.0228999999999999,1.1393,1.0667,1.32273,-0.0531000000000006,1.1155
11-05-2015,1.1155,1.1197,1.1207,1.1131,-0.44%,0.0228999999999999,1.1393,1.0667,1.32804,-0.0471000000000004,1.1214
12-05-2015,1.1214,1.1155,1.1277,1.1134,0.53%,0.0228999999999999,1.1393,1.0785,1.33275,-0.0329999999999995,1.1357
13-05-2015,1.1357,1.1214,1.1385,1.1204,1.28%,0.0228999999999999,1.1393,1.0821,1.33605,-0.0341000000000005,1.141
14-05-2015,1.141,1.1359,1.1447,1.1341,0.47%,0.0228999999999999,1.1393,1.0859,1.33946,-0.0465,1.1452
15-05-2015,1.1452,1.141,1.1467,1.1324,0.37%,0.0228999999999999,1.1447,1.096,1.34411,-0.0427,1.1315
18-05-2015,1.1315,1.1441,1.145,1.1298,-1.20%,0.0196000000000001,1.1467,1.1067,1.34838,-0.0311000000000004,1.1149
19-05-2015,1.1149,1.1317,1.1328,1.1119,-1.47%,0.0196000000000001,1.1467,1.1067,1.35149,-0.00939999999999941,1.1093
20-05-2015,1.1093,1.115,1.1156,1.1063,-0.50%,0.0208999999999999,1.1467,1.1067,1.35243,0.00520000000000032,1.1113
21-05-2015,1.1113,1.1092,1.1181,1.108,0.18%,0.0208999999999999,1.1467,1.1067,1.35191,0.00549999999999962,1.1018
22-05-2015,1.1018,1.1115,1.1211,1.1004,-0.85%,0.0208999999999999,1.1467,1.1131,1.35136,0.00720000000000098,1.0978
25-05-2015,1.0978,1.1006,1.1012,1.0961,-0.36%,0.0208999999999999,1.1467,1.1119,1.35064,0.0341000000000005,1.0873
26-05-2015,1.0873,1.0978,1.0985,1.0863,-0.96%,0.0208999999999999,1.1467,1.1063,1.34723,0.0288999999999984,1.0905
27-05-2015,1.0905,1.0873,1.0931,1.082,0.29%,0.0208999999999999,1.1467,1.1063,1.34434,0.0324000000000009,1.0949
28-05-2015,1.0949,1.0905,1.096,1.0869,0.40%,0.0208999999999999,1.1467,1.1004,1.3411,0.0250000000000004,1.0988
29-05-2015,1.0988,1.0948,1.1006,1.0926,0.36%,0.0208999999999999,1.1467,1.0961,1.3386,0.0266000000000002,1.0928
01-06-2015,1.0928,1.0989,1.0991,1.0888,-0.55%,0.0208999999999999,1.1467,1.0863,1.33594,0.036999999999999,1.1155
02-06-2015,1.1155,1.0928,1.1193,1.0915,2.08%,0.0208999999999999,1.1467,1.082,1.33224,0.0481999999999996,1.1275
03-06-2015,1.1275,1.1151,1.1284,1.1079,1.08%,0.0278,1.145,1.082,1.32742,0.0289999999999999,1.1239
04-06-2015,1.1239,1.1276,1.1381,1.1227,-0.32%,0.0278,1.1328,1.082,1.32452,0.0041000000000011,1.1113
05-06-2015,1.1113,1.1239,1.1281,1.105,-1.12%,0.0278,1.1381,1.082,1.32411,-0.00890000000000057,1.1292
08-06-2015,1.1292,1.1113,1.1307,1.108,1.61%,0.0278,1.1381,1.082,1.325,-0.00210000000000044,1.1284
09-06-2015,1.1284,1.1292,1.1345,1.1214,-0.07%,0.0278,1.1381,1.082,1.32521,-0.0176999999999996,1.1326
10-06-2015,1.1326,1.1286,1.1387,1.1261,0.37%,0.0278,1.1381,1.082,1.32698,-0.0280000000000005,1.1258
11-06-2015,1.1258,1.1325,1.1332,1.1183,-0.60%,0.0278,1.1387,1.082,1.32978,-0.0346999999999991,1.1269
12-06-2015,1.1269,1.1258,1.1298,1.1151,0.10%,0.0278,1.1387,1.082,1.33325,-0.0385000000000009,1.1284
15-06-2015,1.1284,1.1225,1.1294,1.1189,0.13%,0.0278,1.1387,1.0869,1.3371,-0.032,1.1248
16-06-2015,1.1248,1.1283,1.1331,1.1206,-0.32%,0.0278,1.1387,1.0888,1.3403,-0.0335000000000001,1.1337
17-06-2015,1.1337,1.1249,1.136,1.1213,0.79%,0.0278,1.1387,1.0888,1.34365,-0.0259999999999998,1.136
18-06-2015,1.136,1.1337,1.1438,1.1331,0.20%,0.0278,1.1387,1.0915,1.34625,-0.0408999999999988,1.1353
19-06-2015,1.1353,1.136,1.1393,1.1292,-0.06%,0.0231000000000001,1.1438,1.105,1.35034,-0.020900000000001,1.1341
22-06-2015,1.1341,1.1363,1.1411,1.1312,-0.11%,0.0231000000000001,1.1438,1.105,1.35243,-0.00869999999999926,1.117
23-06-2015,1.117,1.1341,1.1348,1.1135,-1.51%,0.0231000000000001,1.1438,1.105,1.3533,-0.0102000000000011,1.1207
24-06-2015,1.1207,1.1171,1.1237,1.1156,0.33%,0.0226999999999999,1.1438,1.108,1.35432,-0.00579999999999892,1.1204
25-06-2015,1.1204,1.1204,1.1227,1.1153,-0.03%,0.0213000000000001,1.1438,1.1151,1.3549,0.00879999999999903,1.1166
26-06-2015,1.1166,1.1207,1.1221,1.1131,-0.34%,0.0213000000000001,1.1438,1.1151,1.35402,0.00790000000000113,1.1236
29-06-2015,1.1236,1.1031,1.1279,1.0954,0.63%,0.0213000000000001,1.1438,1.1135,1.35323,0.029399999999999,1.1138
30-06-2015,1.1138,1.1237,1.1246,1.1114,-0.87%,0.0325,1.1438,1.1135,1.35029,0.00210000000000044,1.1054
01-07-2015,1.1054,1.1139,1.1172,1.1042,-0.75%,0.0325,1.1438,1.1135,1.35008,0.0085999999999995,1.1084
02-07-2015,1.1084,1.1054,1.1124,1.1031,0.27%,0.0325,1.1438,1.1131,1.34922,0.0228999999999999,1.1114
03-07-2015,1.1114,1.1086,1.1119,1.1066,0.27%,0.0325,1.1438,1.0954,1.34693,0.0163000000000011,1.1057
06-07-2015,1.1057,1.0993,1.1097,1.0969,-0.51%,0.0325,1.1438,1.0954,1.3453,0.0343999999999998,1.1012
07-07-2015,1.1012,1.1056,1.1061,1.0917,-0.41%,0.0325,1.1411,1.0954,1.34186,0.0304000000000002,1.1077
08-07-2015,1.1077,1.1012,1.1094,1.0974,0.59%,0.0325,1.1411,1.0954,1.33882,0.0350999999999999,1.1038
09-07-2015,1.1038,1.1078,1.1126,1.0992,-0.35%,0.0325,1.1348,1.0954,1.33531,0.0263000000000009,1.1164
10-07-2015,1.1164,1.1037,1.1218,1.1031,1.14%,0.0325,1.1279,1.0954,1.33268,0.013399999999999,1.1004
13-07-2015,1.1004,1.1107,1.1197,1.0995,-1.43%,0.0325,1.1279,1.0917,1.33134,0.00970000000000049,1.1012
14-07-2015,1.1012,1.1004,1.1084,1.0966,0.07%,0.0325,1.1279,1.0917,1.33037,0.0202999999999989,1.0949
15-07-2015,1.0949,1.101,1.1035,1.093,-0.57%,0.0325,1.1279,1.0917,1.32834,0.00210000000000044,1.0875
16-07-2015,1.0875,1.0947,1.0964,1.0856,-0.68%,0.0202,1.1246,1.0917,1.32813,0.0289999999999999,1.0829
17-07-2015,1.0829,1.0875,1.0907,1.0827,-0.42%,0.0202,1.1218,1.0917,1.32523,0.0264000000000006,1.0827
20-07-2015,1.0827,1.0833,1.0872,1.081,-0.02%,0.0202,1.1218,1.0917,1.32259,0.0221,1.0937
21-07-2015,1.0937,1.0825,1.097,1.0811,1.02%,0.0202,1.1218,1.0917,1.32038,0.0260999999999996,1.0934
22-07-2015,1.0934,1.0936,1.0966,1.0869,-0.03%,0.0202,1.1218,1.0856,1.31777,0.00570000000000093,1.0983
23-07-2015,1.0983,1.0928,1.1019,1.0922,0.45%,0.0202,1.1218,1.0827,1.3172,0.0127999999999986,1.0984
24-07-2015,1.0984,1.0983,1.0997,1.0926,0.01%,0.0202,1.1218,1.081,1.31592,0.00290000000000035,1.1094
27-07-2015,1.1094,1.0974,1.113,1.097,1.00%,0.0202,1.1218,1.081,1.31563,0.0104000000000006,1.1059
28-07-2015,1.1059,1.1089,1.1101,1.1022,-0.32%,0.0202,1.1218,1.081,1.31459,-0.00520000000000032,1.0986
29-07-2015,1.0986,1.1061,1.1086,1.0967,-0.66%,0.0202,1.1197,1.081,1.31511,0.00459999999999994,1.0933
30-07-2015,1.0933,1.0987,1.0992,1.0894,-0.48%,0.016,1.113,1.081,1.31465,0.00169999999999959,1.0988
31-07-2015,1.0988,1.0934,1.1114,1.0921,0.50%,0.016,1.113,1.081,1.31448,0.00760000000000005,1.0951
03-08-2015,1.0951,1.097,1.0997,1.0941,-0.34%,0.0192999999999999,1.113,1.081,1.31372,-0.00229999999999997,1.0882
04-08-2015,1.0882,1.0951,1.0989,1.0877,-0.63%,0.0192999999999999,1.113,1.081,1.31395,-0.00760000000000005,1.0906
05-08-2015,1.0906,1.0883,1.0938,1.0849,0.22%,0.0192999999999999,1.113,1.081,1.31471,-0.00500000000000078,1.0925
06-08-2015,1.0925,1.0909,1.0944,1.0876,0.17%,0.0192999999999999,1.113,1.0811,1.31521,-0.00839999999999819,1.0968
07-08-2015,1.0968,1.093,1.0981,1.0857,0.39%,0.0192999999999999,1.113,1.0869,1.31605,0.000599999999998602,1.1019
10-08-2015,1.1019,1.0969,1.1044,1.0927,0.46%,0.0192999999999999,1.113,1.0877,1.31599,-0.00409999999999933,1.104
11-08-2015,1.104,1.1019,1.1088,1.096,0.19%,0.0192999999999999,1.113,1.0849,1.3164,-0.00360000000000049,1.1157
12-08-2015,1.1157,1.104,1.1212,1.1023,1.06%,0.0192999999999999,1.113,1.0849,1.31676,-0.00660000000000061,1.1149
13-08-2015,1.1149,1.1157,1.1189,1.108,-0.07%,0.0192999999999999,1.1212,1.0849,1.31742,-0.00680000000000014,1.1107
14-08-2015,1.1107,1.1149,1.1189,1.1096,-0.38%,0.0192999999999999,1.1212,1.0849,1.3181,-0.00879999999999903,1.1081
17-08-2015,1.1081,1.1106,1.1125,1.1058,-0.23%,0.0192999999999999,1.1212,1.0849,1.31898,-0.0119000000000007,1.1021
18-08-2015,1.1021,1.1083,1.1096,1.1018,-0.54%,0.0192999999999999,1.1212,1.0849,1.32017,-0.014899999999999,1.1119
19-08-2015,1.1119,1.1023,1.1137,1.1019,0.89%,0.0188999999999999,1.1212,1.0849,1.32166,-0.00530000000000008,1.1242
20-08-2015,1.1242,1.1117,1.1246,1.1105,1.11%,0.0188999999999999,1.1212,1.0849,1.32219,-0.0166000000000004,1.1389
21-08-2015,1.1389,1.1244,1.1393,1.1229,1.31%,0.0188999999999999,1.1246,1.0849,1.32385,-0.0360999999999994,1.162
24-08-2015,1.162,1.1363,1.1713,1.1363,2.03%,0.0188999999999999,1.1393,1.0857,1.32746,-0.0454000000000008,1.1517
25-08-2015,1.1517,1.1619,1.1625,1.1399,-0.89%,0.0349999999999999,1.1713,1.0857,1.332,-0.0688999999999993,1.1315
26-08-2015,1.1315,1.1515,1.1561,1.129,-1.75%,0.0349999999999999,1.1713,1.0927,1.33889,-0.0546000000000007,1.1245
27-08-2015,1.1245,1.1314,1.1366,1.1204,-0.62%,0.0349999999999999,1.1713,1.096,1.34435,-0.0295000000000005,1.1179
28-08-2015,1.1179,1.1247,1.131,1.1156,-0.59%,0.0349999999999999,1.1713,1.1018,1.3473,-0.0206999999999997,1.1214
31-08-2015,1.1214,1.1176,1.1265,1.1162,0.31%,0.0349999999999999,1.1713,1.1018,1.34937,-0.00189999999999912,1.1319
01-09-2015,1.1319,1.1211,1.1333,1.1206,0.94%,0.0349999999999999,1.1713,1.1018,1.34956,-0.00619999999999976,1.1227
02-09-2015,1.1227,1.1311,1.1319,1.1214,-0.81%,0.0349999999999999,1.1713,1.1018,1.35018,-0.0205000000000002,1.1124
03-09-2015,1.1124,1.1227,1.1246,1.1088,-0.92%,0.0349999999999999,1.1713,1.1018,1.35223,-0.0144000000000002,1.1147
04-09-2015,1.1147,1.1124,1.1181,1.1089,0.21%,0.0349999999999999,1.1713,1.1019,1.35367,-0.0100999999999996,1.1168
07-09-2015,1.1168,1.1157,1.1178,1.112,0.19%,0.0349999999999999,1.1713,1.1105,1.35468,-0.00400000000000134,1.12
08-09-2015,1.12,1.117,1.1229,1.1152,0.29%,0.0349999999999999,1.1713,1.1156,1.35508,0.00740000000000052,1.1207
09-09-2015,1.1207,1.1202,1.1219,1.1133,0.06%,0.0349999999999999,1.1713,1.1088,1.35434,0.0160999999999998,1.128
10-09-2015,1.128,1.1209,1.1299,1.1174,0.65%,0.0270999999999999,1.1625,1.1088,1.35273,0.0410000000000004,1.134
11-09-2015,1.134,1.1279,1.1349,1.1254,0.53%,0.0270999999999999,1.1561,1.1088,1.34863,0.0236000000000001,1.1321
14-09-2015,1.1321,1.1338,1.1375,1.1285,-0.17%,0.0162,1.1366,1.1088,1.34627,-0.00239999999999974,1.1267
15-09-2015,1.1267,1.1313,1.1328,1.1258,-0.48%,0.0158,1.1375,1.1088,1.34651,-0.00660000000000061,1.129
16-09-2015,1.129,1.1267,1.1321,1.1212,0.20%,0.0158,1.1375,1.1088,1.34717,-0.00910000000000011,1.1437
17-09-2015,1.1437,1.129,1.1442,1.1284,1.30%,0.0158,1.1375,1.1088,1.34808,-0.00789999999999935,1.1305
18-09-2015,1.1305,1.1435,1.146,1.1267,-1.15%,0.0158,1.1442,1.1088,1.34887,-0.0123999999999995,1.1189
21-09-2015,1.1189,1.1284,1.1332,1.1183,-1.03%,0.0192999999999999,1.146,1.1088,1.35011,-0.00570000000000093,1.112
22-09-2015,1.112,1.1188,1.1209,1.1114,-0.62%,0.0192999999999999,1.146,1.1089,1.35068,-0.0063999999999993,1.1187
23-09-2015,1.1187,1.112,1.1214,1.1105,0.60%,0.0192999999999999,1.146,1.112,1.35132,0.00370000000000026,1.123
24-09-2015,1.123,1.1185,1.1296,1.1164,0.38%,0.0192999999999999,1.146,1.1133,1.35095,-0.00150000000000006,1.1195
25-09-2015,1.1195,1.1227,1.1231,1.1115,-0.31%,0.0192999999999999,1.146,1.1133,1.3511,-0.00250000000000128,1.1246
28-09-2015,1.1246,1.1195,1.125,1.1149,0.46%,0.0192999999999999,1.146,1.1114,1.35135,0.00140000000000029,1.1249
29-09-2015,1.1249,1.1247,1.1285,1.1196,0.03%,0.0192999999999999,1.146,1.1105,1.35121,0.00319999999999965,1.1177
30-09-2015,1.1177,1.1246,1.1262,1.1157,-0.64%,0.0192999999999999,1.146,1.1105,1.35089,0.00919999999999988,1.1195
01-10-2015,1.1195,1.1176,1.121,1.1134,0.16%,0.0192999999999999,1.146,1.1105,1.34997,0.0137,1.1211
02-10-2015,1.1211,1.1196,1.1319,1.1151,0.14%,0.0192999999999999,1.146,1.1105,1.3486,0.00710000000000122,1.1185
05-10-2015,1.1185,1.122,1.129,1.117,-0.23%,0.0192999999999999,1.146,1.1105,1.34789,0.00699999999999967,1.1271
06-10-2015,1.1271,1.1193,1.1282,1.1174,0.77%,0.0192999999999999,1.146,1.1105,1.34719,0.0241999999999987,1.1235
07-10-2015,1.1235,1.1269,1.1284,1.121,-0.32%,0.0167999999999999,1.1332,1.1105,1.34477,0.00150000000000006,1.1279
08-10-2015,1.1279,1.1235,1.1325,1.1232,0.39%,0.0167999999999999,1.1319,1.1105,1.34462,-0.0046999999999997,1.1358
09-10-2015,1.1358,1.1282,1.1391,1.1269,0.70%,0.0167999999999999,1.1325,1.1105,1.34509,-0.0161999999999995,1.1355
12-10-2015,1.1355,1.1355,1.1397,1.1351,-0.03%,0.0167999999999999,1.1391,1.1115,1.34671,-0.0169999999999995,1.1379
13-10-2015,1.1379,1.1358,1.1413,1.1346,0.21%,0.0167999999999999,1.1397,1.1115,1.34841,-0.0130999999999997,1.1473
14-10-2015,1.1473,1.1378,1.149,1.1374,0.83%,0.0167999999999999,1.1413,1.1134,1.34972,-0.0183,1.1383
15-10-2015,1.1383,1.1474,1.1496,1.1363,-0.78%,0.0167999999999999,1.149,1.1134,1.35155,-0.0227000000000004,1.1347
16-10-2015,1.1347,1.1383,1.1397,1.1334,-0.32%,0.0167999999999999,1.1496,1.1134,1.35382,-0.0137,1.1327
19-10-2015,1.1327,1.1352,1.1382,1.1307,-0.18%,0.0167999999999999,1.1496,1.1134,1.35519,-0.0175999999999998,1.1345
20-10-2015,1.1345,1.1326,1.1387,1.1324,0.16%,0.0167999999999999,1.1496,1.1151,1.35695,-0.0129999999999999,1.1339
21-10-2015,1.1339,1.1347,1.138,1.1335,-0.05%,0.0132999999999999,1.1496,1.117,1.35825,-0.0127000000000006,1.1107
22-10-2015,1.1107,1.1338,1.1351,1.1098,-2.05%,0.0132999999999999,1.1496,1.1174,1.35952,-0.0145,1.1018
23-10-2015,1.1018,1.1111,1.1142,1.0997,-0.80%,0.0253000000000001,1.1496,1.121,1.36097,0.0158000000000005,1.1056
26-10-2015,1.1056,1.1008,1.1069,1.0987,0.34%,0.0253000000000001,1.1496,1.1232,1.35939,0.0227000000000004,1.1048
27-10-2015,1.1048,1.1056,1.1079,1.1029,-0.07%,0.0253000000000001,1.1496,1.1269,1.35712,0.0225999999999988,1.092
28-10-2015,1.092,1.105,1.1096,1.0894,-1.16%,0.0253000000000001,1.1496,1.1098,1.35486,0.0305,1.0976
29-10-2015,1.0976,1.0924,1.0985,1.0903,0.51%,0.0253000000000001,1.1496,1.0997,1.35181,0.0434000000000001,1.1006
30-10-2015,1.1006,1.0976,1.1073,1.0964,0.27%,0.0253000000000001,1.1496,1.0987,1.34747,0.0402000000000005,1.1015
02-11-2015,1.1015,1.1015,1.1053,1.1001,0.08%,0.0253000000000001,1.1496,1.0987,1.34345,0.0458999999999996,1.0968
03-11-2015,1.0968,1.1014,1.1031,1.0936,-0.43%,0.0253000000000001,1.1397,1.0894,1.33886,0.036900000000001,1.0863
04-11-2015,1.0863,1.0962,1.0968,1.0842,-0.96%,0.0253000000000001,1.1387,1.0894,1.33517,0.0389999999999997,1.0884
05-11-2015,1.0884,1.0865,1.0898,1.0835,0.19%,0.0253000000000001,1.1387,1.0894,1.33127,0.0460999999999991,1.0741
06-11-2015,1.0741,1.0886,1.0896,1.0709,-1.31%,0.0253000000000001,1.138,1.0894,1.32666,0.0461000000000009,1.0752
09-11-2015,1.0752,1.0738,1.0793,1.0719,0.10%,0.0253000000000001,1.1351,1.0894,1.32205,0.0600000000000005,1.0724
10-11-2015,1.0724,1.0751,1.0764,1.0673,-0.26%,0.0202,1.1142,1.0842,1.31605,0.0359999999999996,1.0744
11-11-2015,1.0744,1.0724,1.0774,1.0705,0.19%,0.0202,1.1096,1.0835,1.31245,0.0283999999999995,1.0817
12-11-2015,1.0817,1.0743,1.0829,1.069,0.68%,0.0202,1.1096,1.0709,1.30961,0.0312999999999999,1.0779
13-11-2015,1.0779,1.0816,1.0818,1.0715,-0.35%,0.0202,1.1096,1.0709,1.30648,0.0234000000000005,1.0686
16-11-2015,1.0686,1.0751,1.0781,1.0675,-0.86%,0.0186999999999999,1.1073,1.0673,1.30414,0.0172999999999988,1.0644
17-11-2015,1.0644,1.069,1.0696,1.0633,-0.39%,0.0186999999999999,1.1073,1.0673,1.30241,0.0286000000000008,1.0659
18-11-2015,1.0659,1.064,1.0694,1.0617,0.14%,0.0186999999999999,1.1053,1.0673,1.29955,0.0374999999999996,1.0734
19-11-2015,1.0734,1.0657,1.0764,1.0654,0.70%,0.0186999999999999,1.1031,1.0673,1.2958,0.0357000000000003,1.0646
20-11-2015,1.0646,1.0736,1.0745,1.0641,-0.82%,0.0186999999999999,1.0968,1.0673,1.29223,0.0226000000000006,1.0636
23-11-2015,1.0636,1.0647,1.0658,1.0593,-0.09%,0.0186999999999999,1.0898,1.0633,1.28997,0.0217999999999989,1.0641
24-11-2015,1.0641,1.0634,1.0674,1.062,0.05%,0.0186999999999999,1.0896,1.0617,1.28779,0.0251999999999999,1.0627
25-11-2015,1.0627,1.0642,1.069,1.0566,-0.13%,0.0139,1.0829,1.0617,1.28527,0.00960000000000072,1.061
26-11-2015,1.061,1.0627,1.0633,1.06,-0.16%,0.0139,1.0829,1.0617,1.28431,0.0123999999999995,1.0593
27-11-2015,1.0593,1.061,1.064,1.057,-0.16%,0.0139,1.0829,1.0593,1.28307,0.0114000000000001,1.0564
30-11-2015,1.0564,1.0591,1.0596,1.0558,-0.27%,0.0139,1.0829,1.0593,1.28193,0.0152000000000001,1.0631
01-12-2015,1.0631,1.0566,1.0638,1.0562,0.63%,0.0124,1.0818,1.0566,1.28041,0.0250000000000004,1.0615
02-12-2015,1.0615,1.0633,1.0644,1.0553,-0.15%,0.0124,1.0781,1.0566,1.27791,0.0117999999999991,1.0941
03-12-2015,1.0941,1.0616,1.0983,1.0541,3.07%,0.0124,1.0764,1.0566,1.27673,0.00740000000000052,1.0886
04-12-2015,1.0886,1.0939,1.0957,1.0837,-0.50%,0.0442,1.0983,1.0558,1.27599,-0.0298999999999996,1.0835
07-12-2015,1.0835,1.0859,1.0888,1.0795,-0.47%,0.0442,1.0983,1.0558,1.27898,-0.0202000000000009,1.0894
08-12-2015,1.0894,1.0835,1.0901,1.0827,0.54%,0.0442,1.0983,1.0553,1.281,-0.00990000000000002,1.1025
09-12-2015,1.1025,1.0888,1.1042,1.0877,1.20%,0.0442,1.0983,1.0541,1.28199,-0.0240999999999989,1.0941
10-12-2015,1.0941,1.1027,1.1029,1.0924,-0.76%,0.0442,1.1042,1.0541,1.2844,-0.0393000000000008,1.0989
11-12-2015,1.0989,1.0943,1.1033,1.0926,0.44%,0.0442,1.1042,1.0541,1.28833,-0.0300999999999991,1.0992
14-12-2015,1.0992,1.0985,1.105,1.0946,0.03%,0.0442,1.1042,1.0541,1.29134,-0.0358000000000001,1.0928
15-12-2015,1.0928,1.0991,1.1059,1.0903,-0.58%,0.0442,1.105,1.0541,1.29492,-0.0381,1.0913
16-12-2015,1.0913,1.0932,1.1008,1.0888,-0.14%,0.0442,1.1059,1.0541,1.29873,-0.0341000000000005,1.0825
17-12-2015,1.0825,1.0915,1.0915,1.08,-0.81%,0.0442,1.1059,1.0541,1.30214,-0.0349000000000004,1.0868
18-12-2015,1.0868,1.0828,1.0877,1.0806,0.40%,0.0442,1.1059,1.0541,1.30563,-0.0195000000000007,1.0915
21-12-2015,1.0915,1.0863,1.0941,1.0848,0.43%,0.0442,1.1059,1.0541,1.30758,-0.0246999999999993,1.0955
22-12-2015,1.0955,1.0913,1.0985,1.0901,0.37%,0.0165000000000002,1.1059,1.0795,1.31005,0.00260000000000105,1.0909
23-12-2015,1.0909,1.0955,1.0957,1.0869,-0.42%,0.0165000000000002,1.1059,1.0795,1.30979,-0.00960000000000072,1.0972
24-12-2015,1.0972,1.0913,1.0976,1.0903,0.58%,0.0165000000000002,1.1059,1.08,1.31075,-0.00779999999999959,1.0977
25-12-2015,1.0977,1.0973,1.0979,1.0945,0.05%,0.0165000000000002,1.1059,1.08,1.31153,-0.00849999999999973,1.0968
28-12-2015,1.0968,1.0965,1.0995,1.0951,-0.08%,0.0156000000000001,1.1059,1.08,1.31238,0.00619999999999976,1.0917
29-12-2015,1.0917,1.0968,1.0992,1.0899,-0.46%,0.0156000000000001,1.1059,1.08,1.31176,-0.0024999999999995,1.0932
30-12-2015,1.0932,1.092,1.0947,1.0903,0.14%,0.0156000000000001,1.1059,1.08,1.31201,0.00649999999999906,1.0861
31-12-2015,1.0861,1.0932,1.0938,1.085,-0.65%,0.0156000000000001,1.1059,1.08,1.31136,0.00590000000000046,1.086
01-01-2016,1.086,1.0862,1.0869,1.0845,-0.01%,0.012,1.1008,1.08,1.31077,0.00699999999999967,1.0831
04-01-2016,1.0831,1.0858,1.0949,1.0783,-0.27%,0.0114999999999998,1.0995,1.08,1.31007,0.00569999999999915,1.0748
05-01-2016,1.0748,1.0831,1.084,1.0711,-0.77%,0.0165999999999999,1.0995,1.0806,1.3095,-0.000299999999999301,1.0781
06-01-2016,1.0781,1.0749,1.0802,1.0721,0.31%,0.0165999999999999,1.0995,1.0848,1.30953,0.0114000000000001,1.0936
07-01-2016,1.0936,1.0779,1.0941,1.077,1.44%,0.0165999999999999,1.0995,1.0845,1.30839,0.0134000000000007,1.0932
08-01-2016,1.0932,1.0934,1.0936,1.0804,-0.04%,0.0171000000000001,1.0995,1.0783,1.30705,0.00209999999999866,1.086
11-01-2016,1.086,1.0923,1.0969,1.0847,-0.66%,0.0171000000000001,1.0995,1.0711,1.30684,-0.000999999999999446,1.0857
12-01-2016,1.0857,1.0859,1.0904,1.0822,-0.03%,0.0171000000000001,1.0995,1.0711,1.30694,0.0114000000000001,1.0877
13-01-2016,1.0877,1.0858,1.0891,1.0807,0.18%,0.0171000000000001,1.0995,1.0711,1.3058,0.0106999999999999,1.0865
14-01-2016,1.0865,1.088,1.0945,1.0835,-0.11%,0.0171000000000001,1.0992,1.0711,1.30473,0.00879999999999903,1.0917
15-01-2016,1.0917,1.0866,1.0987,1.0855,0.48%,0.0171000000000001,1.0969,1.0711,1.30385,0.00539999999999985,1.0892
18-01-2016,1.0892,1.0918,1.0941,1.0869,-0.23%,0.0171000000000001,1.0987,1.0711,1.30331,0.00140000000000029,1.0909
19-01-2016,1.0909,1.0892,1.0941,1.0861,0.16%,0.0171000000000001,1.0987,1.0711,1.30317,-0.00300000000000011,1.0891
20-01-2016,1.0891,1.091,1.0977,1.0877,-0.16%,0.0171000000000001,1.0987,1.0711,1.30347,-0.00519999999999854,1.0874
21-01-2016,1.0874,1.0893,1.0922,1.0779,-0.16%,0.0171000000000001,1.0987,1.0711,1.30399,-0.00620000000000154,1.0797
22-01-2016,1.0797,1.0874,1.0879,1.079,-0.71%,0.0171000000000001,1.0987,1.0721,1.30461,-0.0124999999999993,1.0849
25-01-2016,1.0849,1.0799,1.0858,1.0788,0.48%,0.0171000000000001,1.0987,1.077,1.30586,-0.00200000000000067,1.0871
26-01-2016,1.0871,1.085,1.0875,1.0819,0.20%,0.0143,1.0987,1.0804,1.30606,0.00839999999999996,1.0893
27-01-2016,1.0893,1.0871,1.0917,1.0851,0.20%,0.0143,1.0987,1.0779,1.30522,0.00520000000000032,1.0939
28-01-2016,1.0939,1.0891,1.0969,1.0869,0.42%,0.0143,1.0987,1.0779,1.3047,-0.00319999999999965,1.0837
29-01-2016,1.0837,1.0938,1.0951,1.0812,-0.93%,0.0143,1.0987,1.0779,1.30502,-0.00799999999999912,1.0888
01-02-2016,1.0888,1.0833,1.0915,1.0814,0.47%,0.0143,1.0987,1.0779,1.30582,0.0046999999999997,1.0919
02-02-2016,1.0919,1.0892,1.0944,1.0886,0.28%,0.0143,1.0987,1.0779,1.30535,-0.00260000000000105,1.1104
03-02-2016,1.1104,1.0917,1.1146,1.0903,1.69%,0.0143,1.0977,1.0779,1.30561,0.000100000000001543,1.1208
04-02-2016,1.1208,1.1104,1.124,1.107,0.94%,0.0243,1.1146,1.0779,1.3056,-0.0212000000000003,1.1159
05-02-2016,1.1159,1.1209,1.1246,1.111,-0.44%,0.0243,1.124,1.0779,1.30772,-0.0298999999999996,1.1198
08-02-2016,1.1198,1.1159,1.1218,1.1087,0.35%,0.0243,1.1246,1.0779,1.31071,-0.0266000000000002,1.1293
09-02-2016,1.1293,1.1197,1.1339,1.1163,0.85%,0.0243,1.1246,1.0788,1.31337,-0.0323000000000011,1.129
10-02-2016,1.129,1.1292,1.1311,1.1159,-0.03%,0.0243,1.1339,1.0788,1.3166,-0.0492999999999988,1.1324
11-02-2016,1.1324,1.1292,1.1378,1.1274,0.30%,0.0243,1.1339,1.0812,1.32153,-0.0442,1.126
12-02-2016,1.126,1.1328,1.1335,1.1215,-0.57%,0.0243,1.1378,1.0812,1.32595,-0.0457000000000001,1.1155
15-02-2016,1.1155,1.1251,1.1253,1.1127,-0.93%,0.0243,1.1378,1.0812,1.33052,-0.0360000000000014,1.1144
16-02-2016,1.1144,1.1155,1.1196,1.1123,-0.10%,0.0243,1.1378,1.0812,1.33412,-0.0216999999999992,1.1128
17-02-2016,1.1128,1.1143,1.118,1.1104,-0.14%,0.0243,1.1378,1.0814,1.33629,-0.0310000000000006,1.1107
18-02-2016,1.1107,1.113,1.1153,1.1072,-0.19%,0.0243,1.1378,1.0886,1.33939,-0.0237999999999996,1.1134
19-02-2016,1.1134,1.1107,1.114,1.1067,0.24%,0.0243,1.1378,1.0903,1.34177,-0.0190000000000001,1.1029
22-02-2016,1.1029,1.1128,1.1137,1.1003,-0.94%,0.0175999999999998,1.1378,1.107,1.34367,-0.00239999999999974,1.102
23-02-2016,1.102,1.1031,1.1055,1.0991,-0.08%,0.0175999999999998,1.1378,1.1087,1.34391,0.0177999999999994,1.1013
24-02-2016,1.1013,1.1019,1.1047,1.0957,-0.06%,0.0175999999999998,1.1378,1.1072,1.34213,0.0140000000000011,1.1023
25-02-2016,1.1023,1.1014,1.1052,1.0987,0.09%,0.0175999999999998,1.1378,1.1067,1.34073,0.0183,1.0934
26-02-2016,1.0934,1.102,1.1071,1.0913,-0.81%,0.0152000000000001,1.1378,1.1003,1.3389,0.0271999999999988,1.0873
29-02-2016,1.0873,1.0932,1.0964,1.0858,-0.56%,0.0158,1.1378,1.0991,1.33618,0.0359999999999996,1.0867
01-03-2016,1.0867,1.0873,1.0896,1.0835,-0.06%,0.0158,1.1335,1.0957,1.33258,0.0455000000000005,1.0868
02-03-2016,1.0868,1.0868,1.0881,1.0825,0.01%,0.0158,1.1253,1.0957,1.32803,0.0382999999999996,1.0957
03-03-2016,1.0957,1.0867,1.0974,1.0853,0.82%,0.0158,1.1196,1.0913,1.3242,0.0288000000000004,1.1004
04-03-2016,1.1004,1.0958,1.1045,1.0903,0.43%,0.0158,1.118,1.0858,1.32132,0.0184999999999995,1.1014
07-03-2016,1.1014,1.1008,1.1027,1.094,0.09%,0.0158,1.1153,1.0835,1.31947,0.0122,1.1011
08-03-2016,1.1011,1.1014,1.1059,1.0992,-0.03%,0.0158,1.114,1.0825,1.31825,0.00930000000000142,1.0999
09-03-2016,1.0999,1.1012,1.1037,1.0946,-0.11%,0.0158,1.1137,1.0825,1.31732,0.0115999999999996,1.1177
10-03-2016,1.1177,1.0998,1.1218,1.0821,1.62%,0.0158,1.1071,1.0825,1.31616,0.00329999999999941,1.1153
11-03-2016,1.1153,1.1177,1.1212,1.1081,-0.21%,0.0396999999999998,1.1218,1.0825,1.31583,-0.0157999999999987,1.1106
14-03-2016,1.1106,1.1151,1.1177,1.1076,-0.42%,0.0396999999999998,1.1218,1.0825,1.31741,-0.0137,1.1109
15-03-2016,1.1109,1.11,1.1125,1.1071,0.03%,0.0396999999999998,1.1218,1.0825,1.31878,-0.0080000000000009,1.1225
16-03-2016,1.1225,1.111,1.1245,1.1058,1.04%,0.0396999999999998,1.1218,1.0821,1.31958,-0.0177999999999994,1.1319
17-03-2016,1.1319,1.1224,1.1344,1.1205,0.84%,0.0396999999999998,1.1245,1.0821,1.32136,-0.0350999999999999,1.127
18-03-2016,1.127,1.1319,1.1339,1.1257,-0.43%,0.0396999999999998,1.1344,1.0821,1.32487,-0.0451000000000015,1.1241
21-03-2016,1.1241,1.127,1.1286,1.1235,-0.26%,0.0396999999999998,1.1344,1.0821,1.32938,-0.0402999999999985,1.1217
22-03-2016,1.1217,1.1245,1.1263,1.119,-0.21%,0.0396999999999998,1.1344,1.0821,1.33341,-0.0287000000000006,1.1184
23-03-2016,1.1184,1.1218,1.1224,1.1158,-0.29%,0.0396999999999998,1.1344,1.0821,1.33628,-0.0210000000000008,1.1174
24-03-2016,1.1174,1.1179,1.1188,1.1143,-0.09%,0.0396999999999998,1.1344,1.0821,1.33838,-0.0164999999999989,1.1166
25-03-2016,1.1166,1.1176,1.1189,1.1153,-0.07%,0.0396999999999998,1.1344,1.0821,1.34003,-0.0164000000000009,1.1196
28-03-2016,1.1196,1.1164,1.1221,1.1154,0.27%,0.0396999999999998,1.1344,1.0821,1.34167,-0.0165999999999986,1.1291
29-03-2016,1.1291,1.1198,1.1305,1.1168,0.85%,0.0187000000000002,1.1344,1.1058,1.34333,-0.00210000000000044,1.1338
30-03-2016,1.1338,1.129,1.1366,1.1281,0.42%,0.0187000000000002,1.1344,1.1058,1.34354,-0.0138999999999996,1.138
31-03-2016,1.138,1.1338,1.1413,1.1309,0.37%,0.0187000000000002,1.1366,1.1058,1.34493,-0.0237999999999996,1.1387
01-04-2016,1.1387,1.138,1.1439,1.1334,0.06%,0.0187000000000002,1.1413,1.1058,1.34731,-0.027000000000001,1.1392
04-04-2016,1.1392,1.1393,1.1414,1.1357,0.04%,0.0139,1.1439,1.1143,1.35001,-0.0168999999999997,1.1384
05-04-2016,1.1384,1.1389,1.1406,1.1336,-0.07%,0.0137,1.1439,1.1143,1.3517,-0.00699999999999967,1.1399
06-04-2016,1.1399,1.1384,1.1434,1.1327,0.13%,0.0137,1.1439,1.1143,1.3524,-0.0114000000000001,1.1377
07-04-2016,1.1377,1.1398,1.1455,1.1337,-0.19%,0.0137,1.1439,1.1143,1.35354,-0.0152999999999999,1.1401
08-04-2016,1.1401,1.1379,1.1421,1.135,0.21%,0.0137,1.1455,1.1143,1.35507,-0.0160999999999998,1.1408
11-04-2016,1.1408,1.1407,1.1448,1.1373,0.06%,0.0137,1.1455,1.1143,1.35668,-0.0228000000000002,1.1386
12-04-2016,1.1386,1.1408,1.1466,1.1347,-0.19%,0.0137,1.1455,1.1153,1.35896,-0.023200000000001,1.1274
13-04-2016,1.1274,1.1385,1.1393,1.1266,-0.98%,0.0137,1.1466,1.1154,1.36128,-0.0221,1.1268
14-04-2016,1.1268,1.1274,1.1296,1.1234,-0.05%,0.0137,1.1466,1.1168,1.36349,-0.00760000000000005,1.1283
15-04-2016,1.1283,1.1271,1.132,1.1246,0.13%,0.0126999999999999,1.1466,1.1281,1.36425,0.0019000000000009,1.1314
18-04-2016,1.1314,1.1297,1.1334,1.1274,0.27%,0.0126999999999999,1.1466,1.1309,1.36406,0.00409999999999933,1.1358
19-04-2016,1.1358,1.1314,1.1387,1.1302,0.39%,0.0126999999999999,1.1466,1.1266,1.36365,0.00660000000000061,1.1297
20-04-2016,1.1297,1.1356,1.1388,1.1288,-0.54%,0.0126999999999999,1.1466,1.1234,1.36299,0.00369999999999848,1.1288
21-04-2016,1.1288,1.1297,1.1396,1.1272,-0.08%,0.0126999999999999,1.1466,1.1234,1.36262,0.00920000000000165,1.1233
22-04-2016,1.1233,1.129,1.1311,1.122,-0.49%,0.0126999999999999,1.1466,1.1234,1.3617,0.00939999999999941,1.1266
25-04-2016,1.1266,1.1231,1.128,1.1216,0.29%,0.0126999999999999,1.1466,1.1234,1.36076,0.0167000000000002,1.1298
26-04-2016,1.1298,1.1265,1.1338,1.1254,0.28%,0.0126999999999999,1.1466,1.1234,1.35909,0.0114000000000001,1.1321
27-04-2016,1.1321,1.1298,1.1364,1.1274,0.20%,0.0126999999999999,1.1466,1.1234,1.35795,0.0108999999999995,1.1353
28-04-2016,1.1353,1.132,1.137,1.1296,0.28%,0.0126999999999999,1.1466,1.122,1.35686,0.00880000000000081,1.1456
29-04-2016,1.1456,1.1354,1.1461,1.1335,0.91%,0.0126999999999999,1.1396,1.1216,1.35598,0.00309999999999988,1.1532
02-05-2016,1.1532,1.1447,1.1539,1.1446,0.66%,0.0125999999999999,1.1461,1.1216,1.35567,-0.0173000000000005,1.1497
03-05-2016,1.1497,1.1533,1.1616,1.1495,-0.30%,0.0125999999999999,1.1539,1.1216,1.3574,-0.0261999999999993,1.1487
04-05-2016,1.1487,1.1496,1.153,1.1467,-0.09%,0.0125999999999999,1.1616,1.1216,1.36002,-0.0198999999999998,1.1405
05-05-2016,1.1405,1.1486,1.1496,1.1385,-0.71%,0.0125999999999999,1.1616,1.1216,1.36201,-0.0172000000000008,1.1405
06-05-2016,1.1405,1.1408,1.1479,1.1387,0.00%,0.0125999999999999,1.1616,1.1216,1.36373,-0.00520000000000032,1.1383
09-05-2016,1.1383,1.1401,1.1422,1.1375,-0.19%,0.0125999999999999,1.1616,1.1216,1.36425,-0.0103999999999989,1.1372
10-05-2016,1.1372,1.1385,1.1413,1.1361,-0.10%,0.0125999999999999,1.1616,1.1216,1.36529,-0.00950000000000095,1.1427
11-05-2016,1.1427,1.1373,1.1448,1.1368,0.48%,0.0125999999999999,1.1616,1.1216,1.36624,-0.0142000000000007,1.1377
12-05-2016,1.1377,1.1426,1.1434,1.1368,-0.44%,0.0125999999999999,1.1616,1.1254,1.36766,-0.0160999999999998,1.1308
13-05-2016,1.1308,1.1378,1.1383,1.1284,-0.61%,0.0125999999999999,1.1616,1.1274,1.36927,-0.00799999999999912,1.132
16-05-2016,1.132,1.1311,1.1346,1.1302,0.11%,0.0125999999999999,1.1616,1.1296,1.37007,0.000899999999999679,1.1314
17-05-2016,1.1314,1.1321,1.135,1.1303,-0.05%,0.0125999999999999,1.1616,1.1335,1.36998,0.00329999999999941,1.1217
18-05-2016,1.1217,1.1313,1.1327,1.1212,-0.86%,0.0121,1.1616,1.1361,1.36965,0.0134000000000007,1.1203
19-05-2016,1.1203,1.1216,1.123,1.1179,-0.12%,0.0121,1.1616,1.1284,1.36831,0.031699999999999,1.1224
20-05-2016,1.1224,1.1204,1.1239,1.1194,0.19%,0.0115000000000001,1.153,1.1284,1.36514,0.0292000000000012,1.1219
23-05-2016,1.1219,1.1218,1.1246,1.1187,-0.04%,0.0115000000000001,1.1496,1.1284,1.36222,0.0267999999999997,1.1141
24-05-2016,1.1141,1.1219,1.1228,1.113,-0.70%,0.0115000000000001,1.1479,1.1212,1.35954,0.0189000000000004,1.1155
25-05-2016,1.1155,1.1141,1.1169,1.1128,0.13%,0.0115000000000001,1.1448,1.1179,1.35765,0.0259999999999998,1.1194
26-05-2016,1.1194,1.1154,1.1218,1.1144,0.35%,0.0115000000000001,1.1448,1.1179,1.35505,0.0230999999999995,1.1115
27-05-2016,1.1115,1.1193,1.1201,1.1107,-0.71%,0.0115000000000001,1.1448,1.1179,1.35274,0.0180000000000007,1.1147
30-05-2016,1.1147,1.1117,1.1149,1.1098,0.29%,0.0115000000000001,1.1434,1.113,1.35094,0.030899999999999,1.1132
31-05-2016,1.1132,1.1138,1.1176,1.1123,-0.13%,0.0115000000000001,1.1383,1.1128,1.34785,0.0240000000000009,1.1188
01-06-2016,1.1188,1.1133,1.1198,1.1114,0.50%,0.0115000000000001,1.135,1.1128,1.34545,0.0177999999999994,1.1151
02-06-2016,1.1151,1.1189,1.1221,1.1142,-0.33%,0.0115000000000001,1.135,1.1107,1.34367,0.0132000000000012,1.1367
03-06-2016,1.1367,1.1152,1.1377,1.1136,1.94%,0.0115000000000001,1.1327,1.1098,1.34235,0.0160999999999998,1.1355
06-06-2016,1.1355,1.1353,1.1395,1.1328,-0.11%,0.0241,1.1377,1.1098,1.34074,-0.0137,1.1358
07-06-2016,1.1358,1.1355,1.1382,1.1338,0.03%,0.0241,1.1395,1.1098,1.34211,-0.0151000000000003,1.1394
08-06-2016,1.1394,1.1358,1.1412,1.1349,0.32%,0.0241,1.1395,1.1098,1.34362,-0.0139999999999993,1.1316
09-06-2016,1.1316,1.1399,1.1417,1.1305,-0.68%,0.0241,1.1412,1.1098,1.34502,-0.0180000000000007,1.1251
10-06-2016,1.1251,1.1317,1.1329,1.1245,-0.57%,0.0241,1.1417,1.1098,1.34682,-0.0175999999999998,1.1292
13-06-2016,1.1292,1.1253,1.1304,1.1233,0.36%,0.0241,1.1417,1.1098,1.34858,-0.00990000000000002,1.1208
14-06-2016,1.1208,1.1293,1.1304,1.1188,-0.74%,0.0241,1.1417,1.1098,1.34957,-0.00999999999999979,1.1259
15-06-2016,1.1259,1.1205,1.1299,1.119,0.46%,0.0241,1.1417,1.1098,1.35057,-0.00880000000000081,1.1226
16-06-2016,1.1226,1.126,1.1298,1.1132,-0.29%,0.0241,1.1417,1.1114,1.35145,-0.0122,1.1277
17-06-2016,1.1277,1.1226,1.1299,1.1221,0.45%,0.0241,1.1417,1.1114,1.35267,-0.00929999999999964,1.1314
20-06-2016,1.1314,1.1285,1.1386,1.1284,0.33%,0.0241,1.1417,1.1136,1.3536,-0.00960000000000072,1.1242
21-06-2016,1.1242,1.1312,1.1351,1.1241,-0.64%,0.0241,1.1417,1.1136,1.35456,-0.016,1.1297
22-06-2016,1.1297,1.1242,1.1339,1.1236,0.49%,0.0165999999999999,1.1417,1.1132,1.35616,0.0111000000000008,1.1389
23-06-2016,1.1389,1.1298,1.1424,1.1296,0.81%,0.0165999999999999,1.1417,1.1132,1.35505,0.00569999999999915,1.1117
24-06-2016,1.1117,1.1392,1.1434,1.0911,-2.39%,0.0165999999999999,1.1424,1.1132,1.35448,-0.00339999999999918,1.1026
27-06-2016,1.1026,1.1072,1.1087,1.0972,-0.82%,0.0523,1.1434,1.1132,1.35482,0.0327000000000002,1.1067
28-06-2016,1.1067,1.1025,1.1111,1.1008,0.37%,0.0523,1.1434,1.1132,1.35155,0.0291999999999995,1.1125
29-06-2016,1.1125,1.1065,1.1131,1.1048,0.52%,0.0523,1.1434,1.1132,1.34863,0.0188000000000006,1.1105
30-06-2016,1.1105,1.1124,1.1157,1.1023,-0.18%,0.0523,1.1434,1.0911,1.34675,0.0168999999999997,1.1136
01-07-2016,1.1136,1.1104,1.1169,1.107,0.28%,0.0523,1.1434,1.0911,1.34506,0.0100999999999996,1.1156
04-07-2016,1.1156,1.1142,1.1166,1.1097,0.18%,0.0523,1.1434,1.0911,1.34405,0.0117999999999991,1.1076
05-07-2016,1.1076,1.1154,1.1184,1.1059,-0.72%,0.0523,1.1434,1.0911,1.34287,0.00720000000000098,1.1099
06-07-2016,1.1099,1.1075,1.1111,1.1029,0.21%,0.0523,1.1434,1.0911,1.34215,0.020999999999999,1.1063
07-07-2016,1.1063,1.1101,1.1113,1.1053,-0.32%,0.0523,1.1434,1.0911,1.34005,0.0211000000000006,1.1054
08-07-2016,1.1054,1.1063,1.1115,1.1002,-0.08%,0.0523,1.1434,1.0911,1.33794,0.0179000000000009,1.1058
11-07-2016,1.1058,1.1052,1.1076,1.1016,0.04%,0.0523,1.1434,1.0911,1.33615,0.0245999999999995,1.1059
12-07-2016,1.1059,1.1058,1.1128,1.1051,0.01%,0.0523,1.1434,1.0911,1.33369,0.0334000000000003,1.109
13-07-2016,1.109,1.1061,1.1121,1.1043,0.28%,0.0133999999999999,1.1184,1.0972,1.33035,0.00109999999999921,1.112
14-07-2016,1.112,1.1089,1.1166,1.1085,0.27%,0.0133999999999999,1.1184,1.1002,1.33024,-0.0063999999999993,1.1036
15-07-2016,1.1036,1.1118,1.115,1.1023,-0.76%,0.0133999999999999,1.1184,1.1002,1.33088,-0.00530000000000008,1.1074
18-07-2016,1.1074,1.1043,1.1086,1.1038,0.34%,0.0133999999999999,1.1184,1.1002,1.33141,0.00809999999999889,1.1022
19-07-2016,1.1022,1.1073,1.1086,1.0999,-0.47%,0.0126999999999999,1.1184,1.1002,1.3306,0.00310000000000166,1.1015
20-07-2016,1.1015,1.102,1.1032,1.0981,-0.06%,0.0126999999999999,1.1184,1.1002,1.33029,0.0122,1.1025
21-07-2016,1.1025,1.1013,1.106,1.0981,0.09%,0.0126999999999999,1.1184,1.1002,1.32907,0.0140999999999991,1.0976
22-07-2016,1.0976,1.103,1.1043,1.0954,-0.44%,0.0126999999999999,1.1166,1.1002,1.32766,0.00450000000000017,1.0994
25-07-2016,1.0994,1.0972,1.1002,1.0954,0.16%,0.0126999999999999,1.1166,1.0999,1.32721,0.0129000000000001,1.0987
26-07-2016,1.0987,1.0997,1.1031,1.0978,-0.06%,0.0126999999999999,1.1166,1.0981,1.32592,0.00660000000000061,1.1058
27-07-2016,1.1058,1.0986,1.1068,1.0963,0.65%,0.0126999999999999,1.1166,1.0981,1.32526,0.00659999999999883,1.1075
28-07-2016,1.1075,1.1058,1.1119,1.1048,0.15%,0.0126999999999999,1.1166,1.0954,1.3246,0,1.1174
29-07-2016,1.1174,1.1079,1.12,1.1071,0.89%,0.0126999999999999,1.1166,1.0954,1.3246,-0.00179999999999936,1.1162
01-08-2016,1.1162,1.1177,1.1187,1.1157,-0.11%,0.0129000000000001,1.12,1.0954,1.32478,-0.00879999999999903,1.1227
02-08-2016,1.1227,1.1162,1.1235,1.1155,0.58%,0.0129000000000001,1.12,1.0954,1.32566,-0.0044000000000004,1.1149
03-08-2016,1.1149,1.1224,1.1233,1.1139,-0.69%,0.0129000000000001,1.1235,1.0954,1.3261,-0.0181000000000005,1.113
04-08-2016,1.113,1.1149,1.1158,1.1114,-0.17%,0.0129000000000001,1.1235,1.0954,1.32791,-0.00760000000000005,1.1086
05-08-2016,1.1086,1.1128,1.1162,1.1044,-0.40%,0.0129000000000001,1.1235,1.0954,1.32867,-0.0107999999999997,1.1092
08-08-2016,1.1092,1.1088,1.1107,1.1073,0.05%,0.0129000000000001,1.1235,1.0954,1.32975,-0.00750000000000028,1.1119
09-08-2016,1.1119,1.109,1.1125,1.107,0.24%,0.0129000000000001,1.1235,1.0954,1.3305,-0.00600000000000023,1.1176
10-08-2016,1.1176,1.1117,1.1193,1.1103,0.51%,0.0129000000000001,1.1235,1.0954,1.3311,-0.0145,1.1137
11-08-2016,1.1137,1.1175,1.1194,1.1133,-0.35%,0.0129000000000001,1.1235,1.0963,1.33255,-0.0177999999999994,1.1161
12-08-2016,1.1161,1.1139,1.1224,1.113,0.22%,0.0129000000000001,1.1235,1.0963,1.33433,-0.0152999999999999,1.1184
15-08-2016,1.1184,1.1162,1.1203,1.1153,0.21%,0.0129000000000001,1.1235,1.1044,1.33586,-0.0104000000000006,1.1278
16-08-2016,1.1278,1.1182,1.1324,1.1175,0.84%,0.0129000000000001,1.1235,1.1044,1.3369,-0.0103000000000009,1.1288
17-08-2016,1.1288,1.1279,1.1317,1.1241,0.09%,0.0149000000000001,1.1324,1.1044,1.33793,-0.0101999999999993,1.1354
18-08-2016,1.1354,1.1293,1.1367,1.1283,0.58%,0.0149000000000001,1.1324,1.1044,1.33895,-0.0130999999999997,1.1326
19-08-2016,1.1326,1.1351,1.1363,1.1303,-0.25%,0.0149000000000001,1.1367,1.1044,1.34026,-0.0127000000000006,1.1319
22-08-2016,1.1319,1.1306,1.1334,1.1273,-0.06%,0.0149000000000001,1.1367,1.1044,1.34153,-0.0156999999999989,1.1306
23-08-2016,1.1306,1.1321,1.1357,1.1302,-0.11%,0.0149000000000001,1.1367,1.1044,1.3431,-0.0193000000000012,1.1263
24-08-2016,1.1263,1.1305,1.1315,1.1244,-0.38%,0.0149000000000001,1.1367,1.107,1.34503,-0.0216999999999992,1.1283
25-08-2016,1.1283,1.1266,1.1301,1.1258,0.18%,0.0149000000000001,1.1367,1.107,1.3472,-0.0175999999999998,1.1198
26-08-2016,1.1198,1.1284,1.1343,1.118,-0.75%,0.0149000000000001,1.1367,1.1103,1.34896,-0.0167000000000002,1.1189
29-08-2016,1.1189,1.1192,1.1208,1.1157,-0.08%,0.0163,1.1367,1.113,1.35063,-0.00170000000000137,1.1143
30-08-2016,1.1143,1.1189,1.1198,1.113,-0.41%,0.0163,1.1367,1.113,1.3508,-0.00499999999999901,1.1158
31-08-2016,1.1158,1.1143,1.1167,1.1123,0.13%,0.0163,1.1367,1.1153,1.3513,0.00189999999999912,1.1198
01-09-2016,1.1198,1.1157,1.1207,1.1128,0.36%,0.0163,1.1367,1.1175,1.35111,0.00250000000000128,1.1156
02-09-2016,1.1156,1.1197,1.1254,1.1151,-0.38%,0.0163,1.1367,1.1157,1.35086,0.00819999999999865,1.1147
05-09-2016,1.1147,1.1153,1.1185,1.114,-0.08%,0.0163,1.1367,1.113,1.35004,0.0140000000000011,1.1256
06-09-2016,1.1256,1.1147,1.1267,1.114,0.98%,0.0163,1.1363,1.1123,1.34864,0.0203999999999986,1.1239
07-09-2016,1.1239,1.1255,1.1271,1.1228,-0.15%,0.0163,1.1357,1.1123,1.3466,0.00510000000000055,1.1261
08-09-2016,1.1261,1.124,1.1329,1.1234,0.20%,0.0163,1.1357,1.1123,1.34609,0.00810000000000066,1.1233
09-09-2016,1.1233,1.1262,1.1288,1.12,-0.25%,0.0163,1.1343,1.1123,1.34528,0.00430000000000064,1.1234
12-09-2016,1.1234,1.1232,1.1269,1.1211,0.01%,0.0163,1.1343,1.1123,1.34485,0.00339999999999918,1.122
13-09-2016,1.122,1.1236,1.1262,1.1203,-0.12%,0.0163,1.1343,1.1123,1.34451,0.00479999999999947,1.125
14-09-2016,1.125,1.1216,1.1274,1.1208,0.27%,0.0126999999999999,1.1329,1.1123,1.34403,-0.00239999999999974,1.1244
15-09-2016,1.1244,1.1249,1.1286,1.122,-0.05%,0.0126999999999999,1.1329,1.1123,1.34427,-0.00600000000000023,1.1155
16-09-2016,1.1155,1.1244,1.1256,1.1147,-0.79%,0.0126999999999999,1.1329,1.1123,1.34487,-0.0100999999999996,1.1174
19-09-2016,1.1174,1.1161,1.1198,1.1147,0.17%,0.0126999999999999,1.1329,1.1128,1.34588,-0.000399999999999068,1.1155
20-09-2016,1.1155,1.1178,1.1216,1.1147,-0.17%,0.0126999999999999,1.1329,1.114,1.34592,0.00189999999999912,1.1189
21-09-2016,1.1189,1.1152,1.12,1.1123,0.30%,0.0126999999999999,1.1329,1.114,1.34573,9.99999999997669E-05,1.1208
22-09-2016,1.1208,1.1193,1.1258,1.1181,0.17%,0.0126999999999999,1.1329,1.114,1.34572,-0.00459999999999994,1.1226
23-09-2016,1.1226,1.1209,1.1244,1.1195,0.16%,0.0108999999999999,1.1329,1.1147,1.34618,0.00459999999999994,1.1254
26-09-2016,1.1254,1.1221,1.1279,1.122,0.25%,0.0108999999999999,1.1329,1.1147,1.34572,0.0019000000000009,1.1215
27-09-2016,1.1215,1.1253,1.1262,1.119,-0.35%,0.0108999999999999,1.1288,1.1123,1.34553,0.000899999999999679,1.1216
28-09-2016,1.1216,1.1214,1.1238,1.1181,0.01%,0.0108999999999999,1.1286,1.1123,1.34544,0.00179999999999936,1.1223
29-09-2016,1.1223,1.1217,1.1251,1.1197,0.06%,0.0108999999999999,1.1286,1.1123,1.34526,0.0019000000000009,1.1241
30-09-2016,1.1241,1.1225,1.1253,1.1153,0.16%,0.0108999999999999,1.1286,1.1123,1.34507,-0.000899999999999679,1.1211
03-10-2016,1.1211,1.1235,1.1245,1.1205,-0.27%,0.0108999999999999,1.1286,1.1123,1.34516,0.00139999999999851,1.1204
04-10-2016,1.1204,1.121,1.124,1.1138,-0.06%,0.0108999999999999,1.1279,1.1123,1.34502,0.00340000000000096,1.1206
05-10-2016,1.1206,1.1206,1.1237,1.1191,0.02%,0.0102000000000002,1.1279,1.1123,1.34468,-0.00450000000000017,1.1151
06-10-2016,1.1151,1.1205,1.1214,1.1139,-0.49%,0.0102000000000002,1.1279,1.1123,1.34513,-0.00270000000000081,1.1201
07-10-2016,1.1201,1.1151,1.1207,1.1103,0.45%,0.0102000000000002,1.1279,1.1123,1.3454,9.99999999997669E-05,1.1138
10-10-2016,1.1138,1.1196,1.1202,1.1128,-0.56%,0.0104,1.1279,1.1138,1.34539,-0.000299999999999301,1.1054
11-10-2016,1.1054,1.1136,1.1144,1.1047,-0.75%,0.0104,1.1279,1.1138,1.34542,0.00730000000000075,1.1008
12-10-2016,1.1008,1.1053,1.1072,1.1003,-0.42%,0.0104,1.1279,1.1138,1.34469,0.0167999999999999,1.1056
13-10-2016,1.1056,1.1004,1.1058,1.0983,0.44%,0.0104,1.1262,1.1103,1.34301,0.0248999999999988,1.0971
14-10-2016,1.0971,1.1056,1.1062,1.0968,-0.77%,0.0104,1.1253,1.1103,1.34052,0.0158000000000005,1.0999
17-10-2016,1.0999,1.0975,1.1011,1.0965,0.26%,0.0104,1.1253,1.1047,1.33894,0.0242000000000004,1.0981
18-10-2016,1.0981,1.1,1.1029,1.097,-0.16%,0.0104,1.1253,1.1003,1.33652,0.0224999999999991,1.0974
19-10-2016,1.0974,1.0981,1.1006,1.0955,-0.06%,0.0104,1.1245,1.0983,1.33427,0.0254000000000012,1.093
20-10-2016,1.093,1.0974,1.1041,1.0916,-0.40%,0.0104,1.124,1.0968,1.33173,0.0236000000000001,1.0884
21-10-2016,1.0884,1.0929,1.0933,1.0859,-0.42%,0.0125000000000002,1.1237,1.0965,1.32937,0.0276999999999994,1.0883
24-10-2016,1.0883,1.0879,1.0903,1.0861,-0.01%,0.0125000000000002,1.1214,1.0965,1.3266,0.0326000000000004,1.0888
25-10-2016,1.0888,1.0882,1.0906,1.085,0.05%,0.0125000000000002,1.1207,1.0955,1.32334,0.0268999999999995,1.0909
26-10-2016,1.0909,1.0889,1.0947,1.0872,0.19%,0.0125000000000002,1.1202,1.0916,1.32065,0.0306999999999995,1.0897
27-10-2016,1.0897,1.0909,1.0945,1.0884,-0.11%,0.0125000000000002,1.1144,1.0859,1.31758,0.0227000000000004,1.0987
28-10-2016,1.0987,1.0899,1.0995,1.0893,0.83%,0.0125000000000002,1.1072,1.0859,1.31531,0.0153999999999996,1.0981
31-10-2016,1.0981,1.0986,1.0994,1.0936,-0.05%,0.0125000000000002,1.1062,1.085,1.31377,0.00180000000000113,1.1056
01-11-2016,1.1056,1.0981,1.1071,1.0958,0.68%,0.0125000000000002,1.1062,1.085,1.31359,0.00749999999999851,1.1097
02-11-2016,1.1097,1.1056,1.1126,1.1051,0.37%,0.0125000000000002,1.1071,1.085,1.31284,-0.00809999999999889,1.1105
03-11-2016,1.1105,1.1098,1.1128,1.1059,0.07%,0.0125000000000002,1.1126,1.085,1.31365,-0.00980000000000025,1.1138
04-11-2016,1.1138,1.1105,1.1146,1.108,0.30%,0.0125000000000002,1.1128,1.085,1.31463,-0.0123999999999995,1.104
07-11-2016,1.104,1.1137,1.1139,1.1029,-0.88%,0.0125000000000002,1.1146,1.085,1.31587,-0.0163000000000011,1.1026
08-11-2016,1.1026,1.1042,1.107,1.1008,-0.13%,0.0112999999999999,1.1146,1.085,1.3175,-0.0112999999999985,1.0909
09-11-2016,1.0909,1.1023,1.13,1.0903,-1.06%,0.0112999999999999,1.1146,1.085,1.31863,-0.0144000000000002,1.0893
10-11-2016,1.0893,1.0911,1.0958,1.0866,-0.15%,0.0396999999999998,1.13,1.085,1.32007,-0.00290000000000035,1.0856
11-11-2016,1.0856,1.0897,1.0929,1.0833,-0.34%,0.0396999999999998,1.13,1.0872,1.32036,-0.000799999999999912,1.0737
14-11-2016,1.0737,1.085,1.0852,1.0709,-1.10%,0.0396999999999998,1.13,1.0884,1.32044,0.00590000000000046,1.0722
15-11-2016,1.0722,1.0736,1.0817,1.0711,-0.14%,0.0396999999999998,1.13,1.0893,1.31985,0.0162999999999993,1.069
16-11-2016,1.069,1.0724,1.0764,1.0667,-0.30%,0.0396999999999998,1.13,1.0866,1.31822,0.0261999999999993,1.0626
17-11-2016,1.0626,1.069,1.0746,1.0617,-0.60%,0.0396999999999998,1.13,1.0833,1.3156,0.0291000000000015,1.0588
18-11-2016,1.0588,1.0625,1.0645,1.057,-0.36%,0.0396999999999998,1.13,1.0709,1.31269,0.043099999999999,1.0629
21-11-2016,1.0629,1.0583,1.0652,1.0579,0.39%,0.0396999999999998,1.13,1.0709,1.30838,0.0515000000000008,1.0626
22-11-2016,1.0626,1.0627,1.066,1.0583,-0.03%,0.0396999999999998,1.13,1.0667,1.30323,0.0477999999999987,1.056
23-11-2016,1.056,1.0629,1.0646,1.0526,-0.62%,0.0396999999999998,1.13,1.0617,1.29845,0.0508000000000006,1.0554
24-11-2016,1.0554,1.0554,1.0587,1.0517,-0.06%,0.0396999999999998,1.13,1.057,1.29337,0.0488,1.0587
25-11-2016,1.0587,1.0551,1.0631,1.0538,0.31%,0.0396999999999998,1.13,1.057,1.28849,0.0472000000000001,1.0615
28-11-2016,1.0615,1.0595,1.0686,1.0563,0.26%,0.0143,1.0958,1.057,1.28377,0.0315999999999992,1.065
29-11-2016,1.065,1.0615,1.0657,1.0565,0.33%,0.0143,1.0929,1.0526,1.28061,0.0282,1.0588
30-11-2016,1.0588,1.0649,1.0669,1.0554,-0.58%,0.0143,1.0852,1.0517,1.27779,0.0201000000000011,1.0662
01-12-2016,1.0662,1.059,1.067,1.0584,0.70%,0.0128999999999999,1.0817,1.0517,1.27578,0.0145999999999997,1.0673
02-12-2016,1.0673,1.0663,1.0692,1.0625,0.10%,0.0128999999999999,1.0764,1.0517,1.27432,0.00609999999999999,1.0764
05-12-2016,1.0764,1.0674,1.0798,1.0505,0.85%,0.0128999999999999,1.0746,1.0517,1.27371,0.00159999999999982,1.0719
06-12-2016,1.0719,1.0764,1.0787,1.0698,-0.42%,0.0293000000000001,1.0798,1.0517,1.27355,-0.0138999999999996,1.0753
07-12-2016,1.0753,1.0721,1.077,1.0709,0.32%,0.0293000000000001,1.0798,1.0517,1.27494,-0.0137999999999998,1.0615
08-12-2016,1.0615,1.0753,1.0873,1.0596,-1.28%,0.0293000000000001,1.0798,1.0517,1.27632,-0.0126000000000008,1.0562
09-12-2016,1.0562,1.0618,1.0632,1.0531,-0.50%,0.0293000000000001,1.0873,1.0505,1.27758,0.00110000000000099,1.0635
12-12-2016,1.0635,1.0551,1.0652,1.0524,0.69%,0.0293000000000001,1.0873,1.0505,1.27747,0.000299999999999301,1.0627
13-12-2016,1.0627,1.0635,1.0668,1.0603,-0.08%,0.0293000000000001,1.0873,1.0505,1.27744,-0.00839999999999996,1.0537
14-12-2016,1.0537,1.0627,1.0671,1.0495,-0.85%,0.0293000000000001,1.0873,1.0505,1.27828,-0.00319999999999965,1.0414
15-12-2016,1.0414,1.0536,1.0544,1.0366,-1.17%,0.0293000000000001,1.0873,1.0505,1.2786,0.00789999999999935,1.0451
16-12-2016,1.0451,1.0419,1.0477,1.0402,0.36%,0.0293000000000001,1.0873,1.0505,1.27781,0.0229999999999997,1.0402
19-12-2016,1.0402,1.0442,1.048,1.0391,-0.47%,0.0293000000000001,1.0873,1.0505,1.27551,0.014800000000001,1.0387
20-12-2016,1.0387,1.0405,1.0419,1.0352,-0.14%,0.0293000000000001,1.0873,1.0495,1.27403,0.0258000000000003,1.0425
21-12-2016,1.0425,1.0389,1.0452,1.0381,0.37%,0.0293000000000001,1.0873,1.0366,1.27145,0.0284999999999993,1.0437
22-12-2016,1.0437,1.0423,1.0501,1.0421,0.12%,0.0276999999999998,1.0873,1.0366,1.2686,0.0341000000000005,1.0457
23-12-2016,1.0457,1.0438,1.0469,1.0427,0.19%,0.0276999999999998,1.0873,1.0366,1.26519,0.0282999999999998,1.0456
26-12-2016,1.0456,1.0454,1.0473,1.0439,-0.01%,0.0276999999999998,1.0873,1.0352,1.26236,0.0298999999999996,1.0457
27-12-2016,1.0457,1.0453,1.0465,1.0431,0.01%,0.0178,1.0671,1.0352,1.25937,0.0165000000000006,1.0412
28-12-2016,1.0412,1.0459,1.0484,1.0373,-0.43%,0.0178,1.0671,1.0352,1.25772,0.00919999999999988,1.0492
29-12-2016,1.0492,1.0417,1.0494,1.0406,0.77%,0.0178,1.0671,1.0352,1.2568,0.0217999999999989,1.0516
30-12-2016,1.0516,1.0492,1.0654,1.0482,0.23%,0.0178,1.0671,1.0352,1.25462,0.0135000000000005,1.0459
02-01-2017,1.0459,1.0532,1.0534,1.0448,-0.54%,0.0178,1.0654,1.0352,1.25327,0.000400000000000844,1.0406
03-01-2017,1.0406,1.0455,1.0492,1.0341,-0.51%,0.0171999999999999,1.0654,1.0352,1.25323,-0.00360000000000049,1.0488
04-01-2017,1.0488,1.0405,1.0501,1.0389,0.79%,0.0171999999999999,1.0654,1.0352,1.25359,0.00370000000000026,1.0607
05-01-2017,1.0607,1.0493,1.0619,1.0482,1.13%,0.0171999999999999,1.0654,1.0352,1.25322,-0.00880000000000081,1.0533
06-01-2017,1.0533,1.0606,1.0624,1.0523,-0.70%,0.0171999999999999,1.0654,1.0373,1.2541,-0.0216999999999992,1.0574
09-01-2017,1.0574,1.0539,1.0584,1.051,0.39%,0.0171999999999999,1.0654,1.0341,1.25627,-0.0116000000000014,1.0554
10-01-2017,1.0554,1.0573,1.0628,1.0551,-0.19%,0.0171999999999999,1.0654,1.0341,1.25743,-0.0134999999999987,1.0582
11-01-2017,1.0582,1.0556,1.0624,1.0454,0.27%,0.0171999999999999,1.0654,1.0341,1.25878,-0.0101999999999993,1.0613
12-01-2017,1.0613,1.0583,1.0687,1.0573,0.29%,0.0171999999999999,1.0654,1.0341,1.2598,-0.0130000000000017,1.0644
13-01-2017,1.0644,1.0612,1.0674,1.0598,0.29%,0.0171999999999999,1.0687,1.0341,1.2611,-0.0152999999999999,1.0603
16-01-2017,1.0603,1.0618,1.0638,1.058,-0.39%,0.0171999999999999,1.0687,1.0341,1.26263,-0.0200999999999993,1.0713
17-01-2017,1.0713,1.06,1.072,1.0595,1.04%,0.0171999999999999,1.0687,1.0341,1.26464,-0.0107999999999997,1.0631
18-01-2017,1.0631,1.0713,1.0715,1.0625,-0.77%,0.0169999999999999,1.072,1.0341,1.26572,-0.0181000000000005,1.0664
19-01-2017,1.0664,1.0629,1.0677,1.0588,0.31%,0.0169999999999999,1.072,1.0341,1.26753,-0.0174000000000003,1.0703
20-01-2017,1.0703,1.0667,1.0713,1.0627,0.37%,0.0169999999999999,1.072,1.0389,1.26927,-0.0261999999999993,1.0765
23-01-2017,1.0765,1.0687,1.0773,1.0686,0.58%,0.0169999999999999,1.072,1.0454,1.27189,-0.019400000000001,1.0731
24-01-2017,1.0731,1.0763,1.0775,1.0718,-0.32%,0.0169999999999999,1.0773,1.0454,1.27383,-0.0156999999999989,1.0748
25-01-2017,1.0748,1.0734,1.0773,1.0713,0.16%,0.0169999999999999,1.0775,1.0454,1.2754,-0.0195000000000007,1.0682
26-01-2017,1.0682,1.0746,1.0767,1.0657,-0.61%,0.0169999999999999,1.0775,1.0454,1.27735,-0.0173000000000005,1.0699
27-01-2017,1.0699,1.0685,1.0729,1.0661,0.16%,0.0169999999999999,1.0775,1.0454,1.27908,-0.0128999999999984,1.0695
30-01-2017,1.0695,1.0692,1.0743,1.062,-0.04%,0.0125,1.0775,1.0573,1.28037,-0.0109000000000012,1.0798
31-01-2017,1.0798,1.0695,1.0814,1.0684,0.96%,0.0125,1.0775,1.058,1.28146,-0.0083000000000002,1.0769
01-02-2017,1.0769,1.0798,1.081,1.0731,-0.27%,0.0129999999999999,1.0814,1.058,1.28229,-0.0179999999999989,1.0758
02-02-2017,1.0758,1.0766,1.0829,1.0753,-0.10%,0.0129999999999999,1.0814,1.0588,1.28409,-0.0166000000000004,1.0784
03-02-2017,1.0784,1.0759,1.08,1.0714,0.24%,0.0129999999999999,1.0829,1.0588,1.28575,-0.00459999999999994,1.075
06-02-2017,1.075,1.0781,1.0801,1.0703,-0.32%,0.0129999999999999,1.0829,1.0588,1.28621,-0.0152000000000001,1.0681
07-02-2017,1.0681,1.075,1.0751,1.0654,-0.64%,0.0129999999999999,1.0829,1.062,1.28773,-0.0083000000000002,1.0699
08-02-2017,1.0699,1.0682,1.0715,1.064,0.17%,0.0129999999999999,1.0829,1.062,1.28856,0.000500000000000611,1.0656
09-02-2017,1.0656,1.0699,1.0711,1.065,-0.40%,0.0129999999999999,1.0829,1.062,1.28851,0.0063999999999993,1.0641
10-02-2017,1.0641,1.0658,1.067,1.0609,-0.14%,0.0129999999999999,1.0829,1.062,1.28787,0.00760000000000005,1.0598
13-02-2017,1.0598,1.0633,1.0659,1.0591,-0.40%,0.0129999999999999,1.0829,1.062,1.28711,0.0113000000000003,1.0577
14-02-2017,1.0577,1.0596,1.0633,1.056,-0.20%,0.0129999999999999,1.0829,1.062,1.28598,0.00890000000000057,1.0601
15-02-2017,1.0601,1.0577,1.0611,1.0523,0.23%,0.0129999999999999,1.0829,1.062,1.28509,0.0114999999999981,1.0674
16-02-2017,1.0674,1.06,1.0682,1.0588,0.69%,0.0129999999999999,1.0829,1.0609,1.28394,0.00950000000000095,1.0614
17-02-2017,1.0614,1.0675,1.0679,1.0605,-0.56%,0.00980000000000003,1.0829,1.0591,1.28299,0.0122999999999998,1.0614
20-02-2017,1.0614,1.0618,1.0637,1.0606,0.00%,0.00980000000000003,1.0829,1.056,1.28176,0.0147999999999993,1.0537
21-02-2017,1.0537,1.0611,1.0618,1.0526,-0.73%,0.00980000000000003,1.0801,1.0523,1.28028,0.014800000000001,1.0556
22-02-2017,1.0556,1.0534,1.0574,1.0493,0.18%,0.00980000000000003,1.0801,1.0523,1.2788,0.0246999999999993,1.0581
23-02-2017,1.0581,1.0558,1.0598,1.0539,0.24%,0.00970000000000004,1.0751,1.0523,1.27633,0.0192000000000014,1.0563
24-02-2017,1.0563,1.0583,1.062,1.0557,-0.17%,0.00940000000000008,1.0715,1.0523,1.27441,0.00990000000000002,1.0587
27-02-2017,1.0587,1.0562,1.0633,1.0551,0.23%,0.00940000000000008,1.0711,1.0523,1.27342,0.0137,1.0577
28-02-2017,1.0577,1.0587,1.0632,1.057,-0.09%,0.00940000000000008,1.0682,1.0493,1.27205,0.00709999999999944,1.0547
01-03-2017,1.0547,1.0574,1.0589,1.0514,-0.28%,0.00940000000000008,1.0682,1.0493,1.27134,0.00590000000000046,1.0507
02-03-2017,1.0507,1.0547,1.0551,1.0492,-0.38%,0.00940000000000008,1.0682,1.0493,1.27075,0.00489999999999924,1.0623
03-03-2017,1.0623,1.0508,1.0626,1.0502,1.10%,0.00940000000000008,1.0682,1.0493,1.27026,0.00689999999999991,1.0581
06-03-2017,1.0581,1.0617,1.0644,1.0575,-0.40%,0.0124,1.0682,1.0493,1.26957,-0.00169999999999959,1.0566
07-03-2017,1.0566,1.0583,1.0603,1.0557,-0.14%,0.0124,1.0679,1.0493,1.26974,0.00919999999999988,1.0541
08-03-2017,1.0541,1.0566,1.0576,1.0535,-0.24%,0.0124,1.0644,1.0492,1.26882,0.00520000000000032,1.0577
09-03-2017,1.0577,1.0541,1.0617,1.0525,0.34%,0.0124,1.0644,1.0492,1.2683,0.00699999999999967,1.0672
10-03-2017,1.0672,1.0577,1.0702,1.0572,0.90%,0.0124,1.0644,1.0492,1.2676,-0.00430000000000064,1.0654
13-03-2017,1.0654,1.0671,1.0715,1.065,-0.17%,0.0130000000000001,1.0702,1.0492,1.26803,-0.0112999999999985,1.0604
14-03-2017,1.0604,1.0655,1.0664,1.0599,-0.47%,0.0130000000000001,1.0715,1.0492,1.26916,-0.00720000000000098,1.0735
15-03-2017,1.0735,1.0605,1.0743,1.0604,1.24%,0.0130000000000001,1.0715,1.0492,1.26988,-0.00429999999999886,1.0766
16-03-2017,1.0766,1.0734,1.0772,1.0706,0.29%,0.0139,1.0743,1.0492,1.27031,-0.0147000000000013,1.0738
17-03-2017,1.0738,1.0765,1.0784,1.0728,-0.26%,0.0139,1.0772,1.0492,1.27178,-0.0190999999999999,1.0739
20-03-2017,1.0739,1.074,1.0779,1.0725,0.01%,0.0139,1.0784,1.0492,1.27369,-0.0192999999999994,1.0811
21-03-2017,1.0811,1.074,1.0822,1.072,0.67%,0.0139,1.0784,1.0502,1.27562,-0.023200000000001,1.0797
22-03-2017,1.0797,1.081,1.0827,1.0776,-0.13%,0.0139,1.0822,1.0525,1.27794,-0.0192999999999994,1.0783
23-03-2017,1.0783,1.0797,1.0807,1.0769,-0.13%,0.0139,1.0827,1.0525,1.27987,-0.0213999999999999,1.0799
24-03-2017,1.0799,1.0784,1.082,1.0761,0.15%,0.0139,1.0827,1.0525,1.28201,-0.0218000000000007,1.0865
27-03-2017,1.0865,1.0797,1.0905,1.0795,0.61%,0.0139,1.0827,1.0525,1.28419,-0.025599999999999,1.0813
28-03-2017,1.0813,1.0864,1.0873,1.0797,-0.48%,0.0139,1.0905,1.0572,1.28675,-0.0287000000000006,1.0767
29-03-2017,1.0767,1.0811,1.0827,1.0739,-0.43%,0.0139,1.0905,1.0599,1.28962,-0.0139999999999993,1.0675
30-03-2017,1.0675,1.0766,1.0772,1.0671,-0.85%,0.0139,1.0905,1.0599,1.29102,-0.0111000000000008,1.0652
31-03-2017,1.0652,1.0675,1.0705,1.0652,-0.22%,0.0139,1.0905,1.0604,1.29213,-0.00699999999999967,1.0671
03-04-2017,1.0671,1.0661,1.0684,1.0644,0.18%,0.0110000000000001,1.0905,1.0706,1.29283,0.00730000000000075,1.0673
04-04-2017,1.0673,1.0669,1.0678,1.0635,0.02%,0.0110000000000001,1.0905,1.072,1.2921,0.00959999999999894,1.0663
05-04-2017,1.0663,1.0672,1.069,1.0633,-0.09%,0.0110000000000001,1.0905,1.0671,1.29114,0.00680000000000014,1.0644
06-04-2017,1.0644,1.0663,1.0686,1.0629,-0.18%,0.0110000000000001,1.0905,1.0652,1.29046,0.00769999999999982,1.059
07-04-2017,1.059,1.0644,1.0668,1.058,-0.51%,0.0110000000000001,1.0905,1.0644,1.28969,0.0166000000000004,1.0596
10-04-2017,1.0596,1.0593,1.0609,1.0571,0.06%,0.0110000000000001,1.0905,1.0635,1.28803,0.0204000000000004,1.0602
11-04-2017,1.0602,1.0595,1.0631,1.0577,0.06%,0.0110000000000001,1.0905,1.0633,1.28599,0.0189000000000004,1.0666
12-04-2017,1.0666,1.0606,1.0677,1.0589,0.60%,0.0110000000000001,1.0905,1.0629,1.2841,0.0190999999999999,1.0614
13-04-2017,1.0614,1.0664,1.0679,1.0609,-0.49%,0.0101,1.0873,1.058,1.28219,0.0199999999999996,1.0612
14-04-2017,1.0612,1.0615,1.0633,1.0606,-0.02%,0.0101,1.0827,1.0571,1.28019,0.0196000000000005,1.0644
17-04-2017,1.0644,1.0615,1.0673,1.0604,0.30%,0.0101,1.0772,1.0571,1.27823,0.0150999999999986,1.0734
18-04-2017,1.0734,1.0644,1.0737,1.0636,0.85%,0.00880000000000014,1.0705,1.0571,1.27672,0.00309999999999988,1.0711
19-04-2017,1.0711,1.073,1.0738,1.07,-0.21%,0.0101,1.0737,1.0571,1.27641,-0.00689999999999991,1.0717
20-04-2017,1.0717,1.0711,1.078,1.0709,0.06%,0.0101,1.0738,1.0571,1.2771,-0.00419999999999909,1.0728
21-04-2017,1.0728,1.0719,1.0739,1.0682,0.10%,0.0101,1.078,1.0571,1.27752,-0.0046999999999997,1.0867
24-04-2017,1.0867,1.089,1.0936,1.0819,1.30%,0.0101,1.078,1.0571,1.27799,-0.0227000000000004,1.0926
25-04-2017,1.0926,1.0868,1.0951,1.0851,0.54%,0.0116999999999998,1.0936,1.0571,1.28026,-0.0223999999999993,1.0903
26-04-2017,1.0903,1.0924,1.0951,1.0856,-0.21%,0.0116999999999998,1.0951,1.0571,1.2825,-0.033100000000001,1.0873
27-04-2017,1.0873,1.0903,1.0933,1.0851,-0.28%,0.0116999999999998,1.0951,1.0577,1.28581,-0.0307999999999993,1.0897
28-04-2017,1.0897,1.0877,1.0949,1.0857,0.22%,0.0116999999999998,1.0951,1.0589,1.28889,-0.0271000000000008,1.0899
01-05-2017,1.0899,1.0906,1.0924,1.0883,0.02%,0.0116999999999998,1.0951,1.0604,1.2916,-0.0242000000000004,1.093
02-05-2017,1.093,1.0901,1.0936,1.0889,0.28%,0.0116999999999998,1.0951,1.0604,1.29402,-0.0285999999999991,1.0885
03-05-2017,1.0885,1.093,1.0939,1.0883,-0.41%,0.0116999999999998,1.0951,1.0604,1.29688,-0.0314999999999994,1.0985
04-05-2017,1.0985,1.0884,1.0987,1.0873,0.92%,0.0116999999999998,1.0951,1.0636,1.30003,-0.0240000000000009,1.0998
05-05-2017,1.0998,1.0991,1.1003,1.0951,0.12%,0.0116999999999998,1.0987,1.0682,1.30243,-0.0260999999999996,1.0924
08-05-2017,1.0924,1.0998,1.1024,1.0917,-0.67%,0.0116999999999998,1.1003,1.0682,1.30504,-0.0287000000000006,1.0873
09-05-2017,1.0873,1.0924,1.0934,1.0863,-0.47%,0.0116999999999998,1.1024,1.0682,1.30791,-0.0205000000000002,1.0868
10-05-2017,1.0868,1.0874,1.09,1.0853,-0.05%,0.0116999999999998,1.1024,1.0819,1.30996,0.00159999999999982,1.0861
11-05-2017,1.0861,1.0869,1.0894,1.0838,-0.06%,0.0114000000000001,1.1024,1.0851,1.3098,-9.99999999997669E-05,1.0931
12-05-2017,1.0931,1.0863,1.0937,1.0857,0.64%,0.0114000000000001,1.1024,1.0851,1.30981,0.00609999999999999,1.0975
15-05-2017,1.0975,1.0926,1.0991,1.0922,0.40%,0.0114000000000001,1.1024,1.0851,1.3092,-0.00229999999999997,1.1082
16-05-2017,1.1082,1.0976,1.1098,1.0972,0.97%,0.0114000000000001,1.1024,1.0853,1.30943,-0.00990000000000002,1.1159
17-05-2017,1.1159,1.1083,1.1163,1.1079,0.69%,0.0125999999999999,1.1098,1.0838,1.31042,-0.0176999999999996,1.1103
18-05-2017,1.1103,1.116,1.1173,1.1075,-0.50%,0.0125999999999999,1.1163,1.0838,1.31219,-0.0259,1.1207
19-05-2017,1.1207,1.1103,1.1214,1.1097,0.94%,0.0125999999999999,1.1173,1.0838,1.31478,-0.0173000000000005,1.1238
22-05-2017,1.1238,1.1202,1.1265,1.1162,0.28%,0.0125999999999999,1.1214,1.0838,1.31651,-0.0317999999999987,1.1183
23-05-2017,1.1183,1.1237,1.1269,1.1174,-0.49%,0.0125999999999999,1.1265,1.0838,1.31969,-0.0246000000000013,1.1219
24-05-2017,1.1219,1.1184,1.1222,1.1169,0.32%,0.0125999999999999,1.1269,1.0838,1.32215,-0.0185999999999993,1.121
25-05-2017,1.121,1.1218,1.1252,1.1193,-0.08%,0.0125999999999999,1.1269,1.0838,1.32401,-0.0294000000000008,1.1183
26-05-2017,1.1183,1.1211,1.1235,1.1159,-0.24%,0.0125999999999999,1.1269,1.0838,1.32695,-0.0336999999999996,1.1166
29-05-2017,1.1166,1.1178,1.1191,1.116,-0.15%,0.0125999999999999,1.1269,1.0838,1.33032,-0.030899999999999,1.1185
30-05-2017,1.1185,1.1166,1.1208,1.1111,0.17%,0.0125999999999999,1.1269,1.0857,1.33341,-0.0303000000000004,1.1244
31-05-2017,1.1244,1.1187,1.1254,1.1166,0.53%,0.0125999999999999,1.1269,1.0922,1.33644,-0.0260999999999996,1.1213
01-06-2017,1.1213,1.1242,1.1258,1.1203,-0.28%,0.0125999999999999,1.1269,1.0972,1.33905,-0.0266000000000002,1.1282
02-06-2017,1.1282,1.1213,1.1287,1.1205,0.62%,0.0117,1.1269,1.1075,1.34171,-0.0129999999999999,1.1254
05-06-2017,1.1254,1.1279,1.1286,1.1235,-0.25%,0.0117,1.1287,1.1075,1.34301,-0.0119000000000007,1.1277
06-06-2017,1.1277,1.1254,1.1286,1.124,0.20%,0.0117,1.1287,1.1097,1.3442,-0.0151000000000003,1.1257
07-06-2017,1.1257,1.1277,1.1284,1.1205,-0.18%,0.0103,1.1287,1.1111,1.34571,-0.00749999999999851,1.1214
08-06-2017,1.1214,1.1257,1.127,1.1195,-0.38%,0.00970000000000004,1.1287,1.1111,1.34646,-0.00200000000000067,1.1195
09-06-2017,1.1195,1.1216,1.124,1.1168,-0.17%,0.00970000000000004,1.1287,1.1111,1.34666,-0.00319999999999965,1.1203
12-06-2017,1.1203,1.1196,1.1235,1.1193,0.07%,0.00970000000000004,1.1287,1.1111,1.34698,0.0022000000000002,1.1216
13-06-2017,1.1216,1.1204,1.1225,1.1185,0.12%,0.00970000000000004,1.1287,1.1111,1.34676,0.000700000000000145,1.1218
14-06-2017,1.1218,1.121,1.1296,1.1191,0.02%,0.00970000000000004,1.1287,1.1111,1.34669,-0.00320000000000142,1.1145
15-06-2017,1.1145,1.1219,1.1231,1.1132,-0.65%,0.0105,1.1296,1.1111,1.34701,-0.00530000000000008,1.1197
16-06-2017,1.1197,1.1143,1.1202,1.1138,0.47%,0.0105,1.1296,1.1166,1.34754,0.0044000000000004,1.1149
19-06-2017,1.1149,1.1199,1.1214,1.1141,-0.43%,0.0105,1.1296,1.1168,1.3471,0.00430000000000064,1.1134
20-06-2017,1.1134,1.1147,1.1166,1.1117,-0.13%,0.0105,1.1296,1.1168,1.34667,0.00660000000000061,1.1168
21-06-2017,1.1168,1.1133,1.1171,1.1128,0.31%,0.0105,1.1296,1.1132,1.34601,0.0145999999999997,1.1153
22-06-2017,1.1153,1.1168,1.1179,1.114,-0.13%,0.0105,1.1296,1.1132,1.34455,0.0085999999999995,1.1194
23-06-2017,1.1194,1.1152,1.1211,1.1145,0.37%,0.0105,1.1296,1.1132,1.34369,0.0124999999999993,1.1182
26-06-2017,1.1182,1.1202,1.1222,1.1173,-0.11%,0.0105,1.1296,1.1117,1.34244,0.00549999999999962,1.1339
27-06-2017,1.1339,1.1183,1.1351,1.1178,1.40%,0.0105,1.1296,1.1117,1.34189,0.00330000000000119,1.1378
28-06-2017,1.1378,1.1339,1.1392,1.1292,0.34%,0.0173000000000001,1.1351,1.1117,1.34156,-0.0143000000000004,1.1441
29-06-2017,1.1441,1.1376,1.1446,1.1373,0.55%,0.0173000000000001,1.1392,1.1117,1.34299,-0.017199999999999,1.1426
30-06-2017,1.1426,1.1442,1.1448,1.1393,-0.13%,0.0173000000000001,1.1446,1.1117,1.34471,-0.023200000000001,1.1364
03-07-2017,1.1364,1.1422,1.1431,1.1357,-0.54%,0.0173000000000001,1.1448,1.1117,1.34703,-0.0203000000000007,1.1345
04-07-2017,1.1345,1.1366,1.138,1.1338,-0.17%,0.0173000000000001,1.1448,1.1117,1.34906,-0.0222999999999995,1.1353
05-07-2017,1.1353,1.1345,1.1369,1.1312,0.07%,0.0173000000000001,1.1448,1.1117,1.35129,-0.0145999999999997,1.1423
06-07-2017,1.1423,1.1351,1.1425,1.1329,0.62%,0.0173000000000001,1.1448,1.1117,1.35275,-0.0204000000000004,1.1401
07-07-2017,1.1401,1.1423,1.144,1.1379,-0.19%,0.0173000000000001,1.1448,1.1128,1.35479,-0.0289999999999999,1.14
10-07-2017,1.14,1.1391,1.1418,1.1381,-0.01%,0.0173000000000001,1.1448,1.114,1.35769,-0.0222999999999995,1.1467
11-07-2017,1.1467,1.1399,1.1481,1.1383,0.59%,0.0173000000000001,1.1448,1.1145,1.35992,-0.0247000000000011,1.1412
12-07-2017,1.1412,1.1467,1.1491,1.1392,-0.48%,0.0173000000000001,1.1481,1.1173,1.36239,-0.0265000000000004,1.1399
13-07-2017,1.1399,1.1413,1.1459,1.1373,-0.11%,0.0173000000000001,1.1491,1.1178,1.36504,-0.0229999999999997,1.1469
14-07-2017,1.1469,1.14,1.1473,1.1392,0.61%,0.01,1.1491,1.1292,1.36734,-0.00609999999999999,1.1479
17-07-2017,1.1479,1.1463,1.1488,1.1433,0.09%,0.00990000000000002,1.1491,1.1312,1.36795,-0.00869999999999926,1.1555
18-07-2017,1.1555,1.1479,1.1585,1.1473,0.66%,0.00990000000000002,1.1491,1.1312,1.36882,-0.00370000000000026,1.1515
19-07-2017,1.1515,1.1553,1.1559,1.1509,-0.35%,0.0112000000000001,1.1585,1.1312,1.36919,-0.0130999999999997,1.1631
20-07-2017,1.1631,1.1513,1.1657,1.1479,1.01%,0.0112000000000001,1.1585,1.1312,1.3705,-0.0146999999999995,1.1663
21-07-2017,1.1663,1.1634,1.1684,1.162,0.28%,0.0178,1.1657,1.1312,1.37197,-0.0289000000000001,1.1642
24-07-2017,1.1642,1.1662,1.1688,1.1628,-0.18%,0.0178,1.1684,1.1329,1.37486,-0.0311000000000004,1.1652
25-07-2017,1.1652,1.1639,1.1713,1.1631,0.09%,0.0178,1.1688,1.1373,1.37797,-0.0215999999999994,1.1734
26-07-2017,1.1734,1.1648,1.1741,1.1613,0.70%,0.0178,1.1713,1.1373,1.38013,-0.0257000000000005,1.1677
27-07-2017,1.1677,1.1734,1.1777,1.1649,-0.49%,0.0178,1.1741,1.1373,1.3827,-0.0335000000000001,1.1752
28-07-2017,1.1752,1.1677,1.1765,1.1671,0.64%,0.0178,1.1777,1.1373,1.38605,-0.020999999999999,1.1842
31-07-2017,1.1842,1.1737,1.1847,1.1723,0.77%,0.0178,1.1777,1.1373,1.38815,-0.0324000000000009,1.1801
01-08-2017,1.1801,1.1841,1.1846,1.1784,-0.35%,0.0178,1.1847,1.1392,1.39139,-0.0441000000000003,1.1856
02-08-2017,1.1856,1.1802,1.1911,1.1794,0.47%,0.0178,1.1847,1.1433,1.3958,-0.0338999999999992,1.187
03-08-2017,1.187,1.1856,1.1894,1.1831,0.12%,0.0178,1.1911,1.1473,1.39919,-0.037700000000001,1.1772
04-08-2017,1.1772,1.1871,1.1893,1.1731,-0.83%,0.0178,1.1911,1.1479,1.40296,-0.0317999999999987,1.1795
07-08-2017,1.1795,1.1768,1.1816,1.1768,0.20%,0.0178,1.1911,1.1479,1.40614,-0.025500000000001,1.175
08-08-2017,1.175,1.1794,1.1825,1.1714,-0.38%,0.0162,1.1911,1.1613,1.40869,-0.016,1.1759
09-08-2017,1.1759,1.1752,1.1765,1.1689,0.08%,0.0162,1.1911,1.1613,1.41029,-0.00900000000000034,1.1772
10-08-2017,1.1772,1.1759,1.1786,1.1704,0.11%,0.0162,1.1911,1.1613,1.41119,-0.0119999999999987,1.182
11-08-2017,1.182,1.1772,1.1846,1.1747,0.41%,0.0162,1.1911,1.1613,1.41239,-0.0124000000000013,1.178
14-08-2017,1.178,1.1806,1.184,1.177,-0.34%,0.0162,1.1911,1.1649,1.41363,-0.00719999999999921,1.1735
15-08-2017,1.1735,1.178,1.1794,1.1688,-0.38%,0.0162,1.1911,1.1671,1.41435,-0.0103000000000009,1.177
16-08-2017,1.177,1.1734,1.178,1.1682,0.30%,0.0162,1.1911,1.1689,1.41538,0.000300000000001077,1.1724
17-08-2017,1.1724,1.1767,1.179,1.1662,-0.39%,0.0162,1.1911,1.1689,1.41535,0.00739999999999874,1.1762
18-08-2017,1.1762,1.1723,1.1775,1.1707,0.32%,0.0162,1.1911,1.1689,1.41461,0.00790000000000113,1.1816
21-08-2017,1.1816,1.175,1.183,1.1731,0.46%,0.0162,1.1894,1.1688,1.41382,0.0105999999999984,1.1762
22-08-2017,1.1762,1.1815,1.1826,1.1745,-0.46%,0.0162,1.1893,1.1682,1.41276,0.00560000000000116,1.1808
23-08-2017,1.1808,1.1763,1.1825,1.174,0.39%,0.0128000000000001,1.1846,1.1662,1.4122,0.000500000000000611,1.1799
24-08-2017,1.1799,1.1807,1.1821,1.1784,-0.08%,0.0128000000000001,1.1846,1.1662,1.41215,-0.00130000000000052,1.1926
25-08-2017,1.1926,1.1799,1.1942,1.1773,1.08%,0.0128000000000001,1.1846,1.1662,1.41228,-0.0046999999999997,1.1979
28-08-2017,1.1979,1.1926,1.1985,1.1917,0.44%,0.0168999999999999,1.1942,1.1662,1.41275,-0.0167000000000002,1.1972
29-08-2017,1.1972,1.1978,1.2069,1.1944,-0.06%,0.0168999999999999,1.1985,1.1662,1.41442,-0.0206,1.1883
30-08-2017,1.1883,1.1974,1.1986,1.1881,-0.74%,0.0168999999999999,1.2069,1.1662,1.41648,-0.0167999999999999,1.191
31-08-2017,1.191,1.1884,1.1914,1.1823,0.23%,0.0168999999999999,1.2069,1.1662,1.41816,-0.0104000000000006,1.1859
01-09-2017,1.1859,1.1911,1.1981,1.185,-0.43%,0.0168999999999999,1.2069,1.1662,1.4192,-0.0176999999999996,1.1896
04-09-2017,1.1896,1.1858,1.1923,1.1853,0.31%,0.0168999999999999,1.2069,1.1662,1.42097,-0.00910000000000011,1.1914
05-09-2017,1.1914,1.1896,1.1941,1.1868,0.15%,0.0168999999999999,1.2069,1.1707,1.42188,-0.0173000000000005,1.1917
06-09-2017,1.1917,1.1914,1.1951,1.1903,0.03%,0.0168999999999999,1.2069,1.1731,1.42361,-0.0163999999999991,1.2023
07-09-2017,1.2023,1.1917,1.2061,1.1914,0.89%,0.0168999999999999,1.2069,1.174,1.42525,-0.0102000000000011,1.2035
08-09-2017,1.2035,1.2024,1.2094,1.2016,0.10%,0.0168999999999999,1.2069,1.174,1.42627,-0.0260999999999996,1.1953
11-09-2017,1.1953,1.2041,1.2041,1.1948,-0.68%,0.0168999999999999,1.2094,1.1773,1.42888,-0.0234000000000005,1.1967
12-09-2017,1.1967,1.1953,1.198,1.1926,0.12%,0.0168999999999999,1.2094,1.1773,1.43122,-0.0153999999999996,1.1886
13-09-2017,1.1886,1.1968,1.1996,1.1873,-0.68%,0.0146999999999999,1.2094,1.1823,1.43276,-0.00419999999999909,1.1919
14-09-2017,1.1919,1.1884,1.1922,1.1837,0.28%,0.0146999999999999,1.2094,1.1823,1.43318,0.00939999999999941,1.1943
15-09-2017,1.1943,1.1919,1.1988,1.1901,0.20%,0.0146999999999999,1.2094,1.1823,1.43224,0.00549999999999962,1.1954
18-09-2017,1.1954,1.1949,1.1971,1.1915,0.09%,0.0146999999999999,1.2094,1.1823,1.43169,-0.00649999999999906,1.1994
19-09-2017,1.1994,1.1955,1.2008,1.195,0.33%,0.0146999999999999,1.2094,1.185,1.43234,-0.0044000000000004,1.1893
20-09-2017,1.1893,1.1994,1.2033,1.1862,-0.84%,0.0146999999999999,1.2094,1.1837,1.43278,-0.0136000000000003,1.1941
21-09-2017,1.1941,1.1894,1.1955,1.1866,0.40%,0.0171000000000001,1.2094,1.1837,1.43414,0.000199999999999534,1.1954
22-09-2017,1.1954,1.1942,1.2006,1.1937,0.11%,0.0171000000000001,1.2094,1.1837,1.43412,-0.0027999999999988,1.1848
25-09-2017,1.1848,1.1953,1.1962,1.1833,-0.89%,0.0171000000000001,1.2094,1.1837,1.4344,-0.00360000000000049,1.1793
26-09-2017,1.1793,1.1848,1.1863,1.1758,-0.46%,0.0171000000000001,1.2094,1.1837,1.43476,0.0175999999999998,1.1744
27-09-2017,1.1744,1.1793,1.1797,1.1717,-0.42%,0.0171000000000001,1.2041,1.1837,1.433,0.0248000000000008,1.1786
28-09-2017,1.1786,1.1746,1.1805,1.1721,0.36%,0.0171000000000001,1.2033,1.1837,1.43052,0.0206999999999997,1.1814
29-09-2017,1.1814,1.1787,1.1834,1.1773,0.24%,0.0171000000000001,1.2033,1.1833,1.42845,0.0180999999999987,1.1732
02-10-2017,1.1732,1.1818,1.1818,1.173,-0.69%,0.0171000000000001,1.2033,1.1758,1.42664,0.00660000000000061,1.1744
03-10-2017,1.1744,1.1733,1.1775,1.1696,0.10%,0.0171000000000001,1.2033,1.1717,1.42598,0.0185999999999993,1.1759
04-10-2017,1.1759,1.1742,1.1789,1.1734,0.13%,0.0171000000000001,1.2033,1.1717,1.42412,0.0207000000000015,1.1711
05-10-2017,1.1711,1.1758,1.178,1.1698,-0.41%,0.0171000000000001,1.2033,1.1717,1.42205,0.0196999999999985,1.1734
06-10-2017,1.1734,1.171,1.1739,1.1668,0.20%,0.0171000000000001,1.2033,1.1717,1.42008,0.0284000000000013,1.174
09-10-2017,1.174,1.1728,1.1757,1.1717,0.05%,0.0128999999999999,1.2006,1.1696,1.41724,0.0166000000000004,1.1806
10-10-2017,1.1806,1.1738,1.1825,1.1738,0.56%,0.0128999999999999,1.2006,1.1696,1.41558,0.0203999999999986,1.1859
11-10-2017,1.1859,1.1808,1.1871,1.1795,0.45%,0.0128999999999999,1.1962,1.1696,1.41354,0.0145,1.1831
12-10-2017,1.1831,1.1862,1.1881,1.1827,-0.24%,0.0105,1.1871,1.1668,1.41209,-0.00139999999999851,1.1823
13-10-2017,1.1823,1.1829,1.1875,1.1804,-0.07%,0.00879999999999992,1.1881,1.1668,1.41223,-0.00360000000000049,1.1797
16-10-2017,1.1797,1.1825,1.1827,1.178,-0.22%,0.00879999999999992,1.1881,1.1668,1.41259,-0.00790000000000113,1.1766
17-10-2017,1.1766,1.1797,1.1801,1.1734,-0.26%,0.00879999999999992,1.1881,1.1668,1.41338,-0.000999999999999446,1.1787
18-10-2017,1.1787,1.1764,1.1806,1.173,0.18%,0.00879999999999992,1.1881,1.1668,1.41348,0.00539999999999985,1.1852
19-10-2017,1.1852,1.1788,1.186,1.1768,0.55%,0.00870000000000015,1.1881,1.1668,1.41294,-0.00549999999999962,1.1785
20-10-2017,1.1785,1.1853,1.1859,1.1763,-0.57%,0.00919999999999988,1.1881,1.1668,1.41349,-0.0111000000000008,1.1749
23-10-2017,1.1749,1.1773,1.1779,1.1725,-0.31%,0.00960000000000005,1.1881,1.1668,1.4146,-0.00150000000000006,1.1761
24-10-2017,1.1761,1.1749,1.1794,1.1743,0.10%,0.00960000000000005,1.1881,1.1668,1.41475,-0.00389999999999979,1.1813
25-10-2017,1.1813,1.176,1.1819,1.1752,0.44%,0.00960000000000005,1.1881,1.1717,1.41514,-0.00319999999999965,1.165
26-10-2017,1.165,1.1812,1.1837,1.1639,-1.38%,0.00960000000000005,1.1881,1.173,1.41546,-0.00740000000000052,1.161
27-10-2017,1.161,1.165,1.1659,1.1575,-0.34%,0.0198,1.1881,1.1725,1.4162,0.0158000000000005,1.1651
30-10-2017,1.1651,1.1603,1.166,1.1594,0.35%,0.0198,1.1881,1.1725,1.41462,0.0259,1.1646
31-10-2017,1.1646,1.1651,1.1663,1.1625,-0.04%,0.0198,1.1875,1.1725,1.41203,0.0177999999999994,1.1619
01-11-2017,1.1619,1.1646,1.1659,1.1607,-0.23%,0.0198,1.186,1.1639,1.41025,0.0179000000000009,1.1658
02-11-2017,1.1658,1.1619,1.1689,1.1613,0.34%,0.0198,1.186,1.1575,1.40846,0.0177999999999994,1.1609
03-11-2017,1.1609,1.166,1.1692,1.1599,-0.42%,0.0198,1.186,1.1575,1.40668,0.0104000000000006,1.161
06-11-2017,1.161,1.1609,1.1625,1.1579,0.01%,0.0198,1.186,1.1575,1.40564,0.0178999999999991,1.1587
07-11-2017,1.1587,1.161,1.1618,1.1553,-0.20%,0.0198,1.1859,1.1575,1.40385,0.0243000000000002,1.1595
08-11-2017,1.1595,1.1587,1.1612,1.1578,0.07%,0.0198,1.1837,1.1575,1.40142,0.0186000000000011,1.1642
09-11-2017,1.1642,1.1596,1.1657,1.1586,0.41%,0.0198,1.1837,1.1575,1.39956,0.0152999999999999,1.1665
10-11-2017,1.1665,1.1642,1.168,1.1623,0.20%,0.0198,1.1837,1.1575,1.39803,0.0117999999999991,1.1667
13-11-2017,1.1667,1.1666,1.1677,1.1638,0.02%,0.0198,1.1837,1.1553,1.39685,0.0145999999999997,1.1798
14-11-2017,1.1798,1.1667,1.1807,1.166,1.12%,0.00930000000000009,1.1692,1.1553,1.39539,-0.00169999999999959,1.1792
15-11-2017,1.1792,1.1797,1.1861,1.1784,-0.05%,0.0147000000000002,1.1807,1.1553,1.39556,-0.0193999999999992,1.177
16-11-2017,1.177,1.1792,1.1802,1.1756,-0.19%,0.0147000000000002,1.1861,1.1553,1.3975,-0.0141000000000009,1.1795
17-11-2017,1.1795,1.1771,1.1823,1.1766,0.21%,0.0147000000000002,1.1861,1.1553,1.39891,-0.0124999999999993,1.1732
20-11-2017,1.1732,1.1789,1.1808,1.1721,-0.53%,0.0147000000000002,1.1861,1.1553,1.40016,-0.0169999999999995,1.1738
21-11-2017,1.1738,1.1732,1.1759,1.1713,0.05%,0.0147000000000002,1.1861,1.1553,1.40186,-0.00720000000000098,1.1822
22-11-2017,1.1822,1.1738,1.1829,1.1733,0.72%,0.0147000000000002,1.1861,1.1553,1.40258,-0.0129000000000001,1.1852
23-11-2017,1.1852,1.1822,1.1856,1.1812,0.25%,0.0147000000000002,1.1861,1.1553,1.40387,-0.0212000000000003,1.193
24-11-2017,1.193,1.185,1.1944,1.1835,0.66%,0.0147000000000002,1.1861,1.1578,1.40599,-0.0262999999999991,1.1898
27-11-2017,1.1898,1.1933,1.1962,1.1896,-0.27%,0.0147000000000002,1.1944,1.1586,1.40862,-0.0336999999999996,1.1841
28-11-2017,1.1841,1.1898,1.1921,1.1827,-0.48%,0.0147000000000002,1.1962,1.1623,1.41199,-0.0256000000000007,1.1848
29-11-2017,1.1848,1.1841,1.1883,1.1816,0.06%,0.0147000000000002,1.1962,1.1638,1.41455,-0.0175000000000001,1.1904
30-11-2017,1.1904,1.1847,1.1933,1.1809,0.47%,0.0147000000000002,1.1962,1.166,1.4163,-0.0180000000000007,1.1891
01-12-2017,1.1891,1.1904,1.1942,1.1851,-0.11%,0.0124,1.1962,1.1713,1.4181,-0.0106999999999999,1.1866
04-12-2017,1.1866,1.1882,1.189,1.183,-0.21%,0.0124,1.1962,1.1713,1.41917,-0.00899999999999857,1.1826
05-12-2017,1.1826,1.1866,1.1879,1.1801,-0.34%,0.0124,1.1962,1.1713,1.42007,-0.00950000000000095,1.1796
06-12-2017,1.1796,1.1825,1.1849,1.178,-0.25%,0.0124,1.1962,1.1713,1.42102,-0.00359999999999872,1.1773
07-12-2017,1.1773,1.1796,1.1816,1.1772,-0.19%,0.0124,1.1962,1.1713,1.42138,-0.00640000000000107,1.1764
08-12-2017,1.1764,1.1772,1.1778,1.1729,-0.08%,0.0124,1.1962,1.1733,1.42202,-0.00339999999999918,1.1768
11-12-2017,1.1768,1.1768,1.1812,1.1761,0.03%,0.0124,1.1962,1.1801,1.42236,0.00539999999999985,1.1742
12-12-2017,1.1742,1.177,1.1794,1.1718,-0.22%,0.0124,1.1962,1.178,1.42182,0.00799999999999912,1.1826
13-12-2017,1.1826,1.1743,1.1832,1.1729,0.72%,0.0124,1.1962,1.1772,1.42102,0.0190000000000001,1.1778
14-12-2017,1.1778,1.1826,1.1863,1.177,-0.41%,0.0124,1.1942,1.1729,1.41912,0.00719999999999921,1.1754
15-12-2017,1.1754,1.1778,1.1814,1.1751,-0.20%,0.0124,1.1942,1.1729,1.4184,0.0063000000000013,1.1782
18-12-2017,1.1782,1.1753,1.1834,1.1737,0.24%,0.0124,1.1942,1.1718,1.41777,0.00939999999999941,1.184
19-12-2017,1.184,1.1782,1.1851,1.1777,0.49%,0.0103,1.1942,1.1718,1.41683,0.0122,1.1871
20-12-2017,1.1871,1.184,1.1903,1.1829,0.26%,0.0103,1.189,1.1718,1.41561,0.00420000000000087,1.1873
21-12-2017,1.1873,1.1871,1.1889,1.1848,0.02%,0.0103,1.1903,1.1718,1.41519,-0.000500000000000611,1.1859
22-12-2017,1.1859,1.1874,1.1878,1.1817,-0.12%,0.0103,1.1903,1.1718,1.41524,-0.00489999999999924,1.1869
25-12-2017,1.1869,1.185,1.1882,1.1842,0.08%,0.0103,1.1903,1.1718,1.41573,-0.00540000000000163,1.1859
26-12-2017,1.1859,1.1867,1.1879,1.1845,-0.08%,0.0103,1.1903,1.1718,1.41627,-0.00949999999999918,1.1888
27-12-2017,1.1888,1.1859,1.1912,1.1855,0.24%,0.0103,1.1903,1.1718,1.41722,-0.00910000000000011,1.1943
28-12-2017,1.1943,1.1888,1.1961,1.1888,0.46%,0.0103,1.1912,1.1718,1.41813,-0.0117999999999991,1.1998
29-12-2017,1.1998,1.1943,1.203,1.1937,0.46%,0.0103,1.1961,1.1729,1.41931,-0.0200000000000014,1.201
01-01-2018,1.201,1.2003,1.2014,1.1995,0.10%,0.00970000000000004,1.203,1.1737,1.42131,-0.0176999999999996,1.2059
02-01-2018,1.2059,1.2013,1.2084,1.2003,0.41%,0.00970000000000004,1.203,1.1737,1.42308,-0.0235000000000003,1.2014
03-01-2018,1.2014,1.2058,1.207,1.2001,-0.37%,0.00970000000000004,1.2084,1.1737,1.42543,-0.0305,1.2068
04-01-2018,1.2068,1.2015,1.209,1.2004,0.45%,0.00930000000000009,1.2084,1.1777,1.42848,-0.023299999999999,1.203
05-01-2018,1.203,1.2068,1.2085,1.2021,-0.31%,0.00930000000000009,1.209,1.1817,1.43081,-0.0228000000000002,1.1967
08-01-2018,1.1967,1.2029,1.2054,1.1956,-0.52%,0.00930000000000009,1.209,1.1817,1.43309,-0.0158000000000005,1.1937
09-01-2018,1.1937,1.1967,1.1977,1.1916,-0.25%,0.00980000000000003,1.209,1.1817,1.43467,-0.00929999999999964,1.1947
10-01-2018,1.1947,1.1938,1.2019,1.1923,0.08%,0.00980000000000003,1.209,1.1842,1.4356,-0.00880000000000081,1.2032
11-01-2018,1.2032,1.1946,1.206,1.1928,0.71%,0.00980000000000003,1.209,1.1845,1.43648,-0.00789999999999935,1.2187
12-01-2018,1.2187,1.2033,1.219,1.2031,1.29%,0.0131999999999999,1.209,1.1855,1.43727,-0.0174000000000003,1.2263
15-01-2018,1.2263,1.2198,1.2298,1.2188,0.62%,0.0159,1.219,1.1888,1.43901,-0.0310000000000006,1.2261
16-01-2018,1.2261,1.2265,1.2284,1.2194,-0.02%,0.0159,1.2298,1.1916,1.44211,-0.0321999999999996,1.2186
17-01-2018,1.2186,1.226,1.2324,1.2176,-0.61%,0.0159,1.2298,1.1916,1.44533,-0.0257000000000005,1.2239
18-01-2018,1.2239,1.2186,1.2267,1.2165,0.43%,0.0159,1.2324,1.1916,1.4479,-0.0172999999999988,1.2222
19-01-2018,1.2222,1.2236,1.2296,1.2219,-0.14%,0.0159,1.2324,1.1916,1.44963,-0.0178000000000011,1.2262
22-01-2018,1.2262,1.2268,1.2276,1.2214,0.33%,0.0159,1.2324,1.1916,1.45141,-0.0252999999999997,1.2299
23-01-2018,1.2299,1.2263,1.2308,1.2223,0.30%,0.0159,1.2324,1.1916,1.45394,-0.019499999999999,1.2408
24-01-2018,1.2408,1.2299,1.2417,1.2293,0.89%,0.0159,1.2324,1.1916,1.45589,-0.027000000000001,1.2396
25-01-2018,1.2396,1.2408,1.2537,1.2364,-0.10%,0.0159,1.2417,1.1916,1.45859,-0.0440999999999985,1.2421
26-01-2018,1.2421,1.2395,1.2495,1.2371,0.20%,0.0173000000000001,1.2537,1.1923,1.463,-0.0457000000000001,1.2383
29-01-2018,1.2383,1.2427,1.2436,1.2336,-0.31%,0.0173000000000001,1.2537,1.1928,1.46757,-0.0480999999999998,1.2402
30-01-2018,1.2402,1.2383,1.2455,1.2335,0.15%,0.0173000000000001,1.2537,1.2031,1.47238,-0.0350000000000001,1.2421
31-01-2018,1.2421,1.2401,1.2476,1.2386,0.15%,0.0173000000000001,1.2537,1.2165,1.47588,-0.0203000000000007,1.251
01-02-2018,1.251,1.2414,1.2524,1.2386,0.72%,0.0173000000000001,1.2537,1.2165,1.47791,-0.0149000000000008,1.2462
02-02-2018,1.2462,1.2508,1.2519,1.2409,-0.38%,0.0173000000000001,1.2537,1.2165,1.4794,-0.024799999999999,1.2368
05-02-2018,1.2368,1.2455,1.2475,1.2362,-0.75%,0.0173000000000001,1.2537,1.2165,1.48188,-0.0268999999999995,1.2377
06-02-2018,1.2377,1.2367,1.2434,1.2314,0.07%,0.0173000000000001,1.2537,1.2214,1.48457,-0.0130999999999997,1.2264
07-02-2018,1.2264,1.2378,1.2407,1.2247,-0.91%,0.0173000000000001,1.2537,1.2214,1.48588,-0.011000000000001,1.2247
08-02-2018,1.2247,1.2264,1.2297,1.2212,-0.14%,0.0173000000000001,1.2537,1.2223,1.48698,-9.99999999997669E-05,1.2235
09-02-2018,1.2235,1.2245,1.2289,1.2206,-0.10%,0.0173000000000001,1.2537,1.2293,1.48699,0.00539999999999985,1.2292
12-02-2018,1.2292,1.2253,1.2298,1.2234,0.47%,0.0173000000000001,1.2537,1.2314,1.48645,0.0154999999999994,1.2352
13-02-2018,1.2352,1.2293,1.2373,1.2285,0.49%,0.016,1.2524,1.2247,1.4849,0.0102000000000011,1.245
14-02-2018,1.245,1.2352,1.2467,1.2276,0.79%,0.016,1.2524,1.2212,1.48388,0.00749999999999851,1.2506
15-02-2018,1.2506,1.2449,1.2511,1.2447,0.45%,0.0190999999999999,1.2524,1.2206,1.48313,-0.00659999999999883,1.2406
16-02-2018,1.2406,1.2506,1.2557,1.2394,-0.80%,0.0190999999999999,1.2524,1.2206,1.48379,-0.0105000000000004,1.2408
19-02-2018,1.2408,1.2409,1.2435,1.2368,0.02%,0.0190999999999999,1.2557,1.2206,1.48484,0.000500000000000611,1.2338
20-02-2018,1.2338,1.2409,1.2414,1.232,-0.56%,0.0190999999999999,1.2557,1.2206,1.48479,0.00990000000000002,1.2284
21-02-2018,1.2284,1.2338,1.2361,1.2281,-0.44%,0.0190999999999999,1.2557,1.2206,1.4838,0.0116999999999994,1.2331
22-02-2018,1.2331,1.2283,1.2354,1.226,0.38%,0.0190999999999999,1.2557,1.2206,1.48263,0.00839999999999996,1.2293
23-02-2018,1.2293,1.2329,1.2337,1.2279,-0.31%,0.0190999999999999,1.2557,1.2206,1.48179,0.00490000000000102,1.2318
26-02-2018,1.2318,1.2299,1.2356,1.2278,0.20%,0.0190999999999999,1.2557,1.2206,1.4813,-0.00350000000000072,1.2232
27-02-2018,1.2232,1.2317,1.2348,1.2221,-0.70%,0.0190999999999999,1.2557,1.2206,1.48165,-0.00720000000000098,1.2194
28-02-2018,1.2194,1.2232,1.2243,1.2188,-0.31%,0.0190999999999999,1.2557,1.2234,1.48237,0.00210000000000044,1.2268
01-03-2018,1.2268,1.2193,1.2272,1.2153,0.61%,0.0190999999999999,1.2557,1.226,1.48216,0.00999999999999979,1.2317
02-03-2018,1.2317,1.2266,1.2336,1.225,0.40%,0.0190999999999999,1.2557,1.226,1.48116,0.00860000000000127,1.2336
05-03-2018,1.2336,1.2323,1.2366,1.2268,0.15%,0.0163,1.2557,1.2221,1.4803,0.0125999999999991,1.2404
06-03-2018,1.2404,1.2336,1.2422,1.2328,0.55%,0.0163,1.2557,1.2188,1.47904,0.0169999999999995,1.2413
07-03-2018,1.2413,1.2404,1.2445,1.2385,0.07%,0.0126999999999999,1.2435,1.2153,1.47734,0.000500000000000611,1.2312
08-03-2018,1.2312,1.2411,1.2448,1.2298,-0.81%,0.0126999999999999,1.2445,1.2153,1.47729,-0.000199999999999534,1.2307
09-03-2018,1.2307,1.2312,1.2336,1.2273,-0.04%,0.0149999999999999,1.2448,1.2153,1.47731,0.00259999999999927,1.2334
12-03-2018,1.2334,1.2311,1.2347,1.2291,0.22%,0.0149999999999999,1.2448,1.2153,1.47705,-0.00280000000000058,1.239
13-03-2018,1.239,1.2334,1.2408,1.2314,0.45%,0.0149999999999999,1.2448,1.2153,1.47733,-0.000499999999998835,1.2367
14-03-2018,1.2367,1.239,1.2414,1.2347,-0.19%,0.0149999999999999,1.2448,1.2153,1.47738,-0.00910000000000011,1.2305
15-03-2018,1.2305,1.2366,1.2385,1.2299,-0.50%,0.0149999999999999,1.2448,1.2153,1.47829,-0.00490000000000102,1.2289
16-03-2018,1.2289,1.2305,1.2338,1.2261,-0.13%,0.0149999999999999,1.2448,1.2153,1.47878,-0.00729999999999897,1.2335
19-03-2018,1.2335,1.2284,1.2361,1.2258,0.37%,0.0149999999999999,1.2448,1.2153,1.47951,-0.00910000000000011,1.2242
20-03-2018,1.2242,1.2335,1.2356,1.2239,-0.75%,0.0149999999999999,1.2448,1.225,1.48042,-0.00689999999999991,1.2338
21-03-2018,1.2338,1.2242,1.2351,1.2241,0.78%,0.0149999999999999,1.2448,1.2268,1.48111,0.00809999999999889,1.2302
22-03-2018,1.2302,1.2337,1.2389,1.2285,-0.29%,0.0149999999999999,1.2448,1.2261,1.4803,-9.99999999997669E-05,1.2353
23-03-2018,1.2353,1.2302,1.2375,1.2301,0.41%,0.0149999999999999,1.2448,1.2258,1.48031,0.0102000000000011,1.2443
26-03-2018,1.2443,1.2348,1.2463,1.2341,0.73%,0.0149999999999999,1.2448,1.2239,1.47929,0.00629999999999953,1.2403
27-03-2018,1.2403,1.2444,1.2478,1.2373,-0.32%,0.0122,1.2463,1.2239,1.47866,-0.0131999999999994,1.2308
28-03-2018,1.2308,1.2403,1.2424,1.23,-0.77%,0.0122,1.2478,1.2239,1.47998,-0.00919999999999988,1.2302
29-03-2018,1.2302,1.2308,1.2335,1.2282,-0.05%,0.0124,1.2478,1.2239,1.4809,0.00259999999999927,1.2323
30-03-2018,1.2323,1.2301,1.2331,1.2293,0.17%,0.0124,1.2478,1.2239,1.48064,0.00890000000000057,1.2302
02-04-2018,1.2302,1.2323,1.2346,1.2282,-0.17%,0.0124,1.2478,1.2239,1.47975,0.00430000000000064,1.227
03-04-2018,1.227,1.2304,1.2336,1.2253,-0.26%,0.0124,1.2478,1.2239,1.47932,9.99999999997669E-05,1.2278
04-04-2018,1.2278,1.2269,1.2315,1.2256,0.07%,0.0124,1.2478,1.2239,1.47931,0.00150000000000006,1.224
05-04-2018,1.224,1.2278,1.2292,1.2218,-0.31%,0.0124,1.2478,1.2239,1.47916,0.00569999999999915,1.2283
06-04-2018,1.2283,1.224,1.2292,1.2214,0.35%,0.0124,1.2478,1.2241,1.47859,0.000199999999999534,1.2321
09-04-2018,1.2321,1.2279,1.2331,1.2261,0.31%,0.0124,1.2478,1.2253,1.47857,0.00580000000000069,1.2356
10-04-2018,1.2356,1.232,1.2379,1.2303,0.28%,0.0124,1.2478,1.2253,1.47799,-0.00179999999999936,1.2367
11-04-2018,1.2367,1.2357,1.2397,1.2347,0.09%,0.0124,1.2478,1.2218,1.47817,-0.000900000000001455,1.2327
12-04-2018,1.2327,1.2368,1.2382,1.23,-0.32%,0.0124,1.2478,1.2214,1.47826,0.00760000000000005,1.2331
13-04-2018,1.2331,1.2327,1.2348,1.2307,0.03%,0.0124,1.2424,1.2214,1.4775,0.00760000000000005,1.238
16-04-2018,1.238,1.233,1.2395,1.2325,0.40%,0.00829999999999997,1.2397,1.2214,1.47674,-0.0022000000000002,1.237
17-04-2018,1.237,1.2378,1.2413,1.2335,-0.08%,0.00829999999999997,1.2397,1.2214,1.47696,-0.00769999999999982,1.2373
18-04-2018,1.2373,1.2369,1.2398,1.2343,0.02%,0.00829999999999997,1.2413,1.2214,1.47773,-0.00459999999999994,1.2346
19-04-2018,1.2346,1.2373,1.2402,1.2329,-0.22%,0.00829999999999997,1.2413,1.2214,1.47819,-0.00689999999999991,1.2288
20-04-2018,1.2288,1.2346,1.2354,1.225,-0.47%,0.00819999999999999,1.2413,1.2214,1.47888,-0.00769999999999982,1.2209
23-04-2018,1.2209,1.2289,1.2292,1.2198,-0.64%,0.0104,1.2413,1.2214,1.47965,-0.00109999999999921,1.2232
24-04-2018,1.2232,1.2209,1.2247,1.2182,0.19%,0.0104,1.2413,1.2214,1.47976,0.00309999999999988,1.2161
25-04-2018,1.2161,1.2232,1.224,1.216,-0.58%,0.0104,1.2413,1.2261,1.47945,0.0046999999999997,1.2103
26-04-2018,1.2103,1.2161,1.2211,1.2096,-0.48%,0.0104,1.2413,1.225,1.47898,0.0158999999999985,1.213
27-04-2018,1.213,1.2105,1.2135,1.2055,0.22%,0.0115000000000001,1.2413,1.2198,1.47739,0.0252000000000017,1.2079
30-04-2018,1.2079,1.2125,1.2141,1.2064,-0.42%,0.0115000000000001,1.2413,1.2182,1.47487,0.0243000000000002,1.1993
01-05-2018,1.1993,1.2076,1.2086,1.1981,-0.71%,0.0115000000000001,1.2413,1.216,1.47244,0.0250999999999983,1.1951
02-05-2018,1.1951,1.1992,1.2033,1.1938,-0.35%,0.0115000000000001,1.2413,1.2096,1.46993,0.0338000000000012,1.1988
03-05-2018,1.1988,1.1951,1.2009,1.1946,0.31%,0.0115000000000001,1.2413,1.2055,1.46655,0.0427,1.196
04-05-2018,1.196,1.1989,1.1997,1.1911,-0.23%,0.0115000000000001,1.2402,1.2055,1.46228,0.0380000000000003,1.1922
07-05-2018,1.1922,1.1953,1.198,1.1898,-0.32%,0.0115000000000001,1.2402,1.1981,1.45848,0.0419999999999998,1.1864
08-05-2018,1.1864,1.1924,1.1941,1.1838,-0.49%,0.0115000000000001,1.2354,1.1938,1.45428,0.0421999999999994,1.185
09-05-2018,1.185,1.1863,1.1898,1.1822,-0.12%,0.0115000000000001,1.2292,1.1938,1.45006,0.0426000000000002,1.1915
10-05-2018,1.1915,1.1852,1.1948,1.1843,0.55%,0.0115000000000001,1.2247,1.1911,1.4458,0.0357000000000003,1.1944
11-05-2018,1.1944,1.1917,1.197,1.1891,0.24%,0.0115000000000001,1.224,1.1898,1.44223,0.0314999999999994,1.1927
14-05-2018,1.1927,1.1947,1.1998,1.1926,-0.14%,0.0115000000000001,1.2211,1.1838,1.43908,0.0213999999999999,1.1838
15-05-2018,1.1838,1.1925,1.1939,1.1817,-0.75%,0.0105000000000002,1.2141,1.1822,1.43694,0.0180000000000007,1.1807
16-05-2018,1.1807,1.1837,1.1854,1.1762,-0.26%,0.0122,1.2141,1.1822,1.43514,0.0288000000000004,1.1795
17-05-2018,1.1795,1.1808,1.1839,1.1775,-0.10%,0.0122,1.2086,1.1822,1.43226,0.0267999999999997,1.1778
18-05-2018,1.1778,1.1796,1.1825,1.1749,-0.14%,0.0122,1.2033,1.1822,1.42958,0.0196000000000005,1.1791
21-05-2018,1.1791,1.1764,1.1797,1.1717,0.11%,0.0122,1.2009,1.1817,1.42762,0.0186999999999991,1.1779
22-05-2018,1.1779,1.1792,1.183,1.1754,-0.10%,0.0122,1.1998,1.1762,1.42575,0.0197000000000003,1.1697
23-05-2018,1.1697,1.1778,1.179,1.1675,-0.70%,0.0122,1.1998,1.1762,1.42378,0.0175000000000001,1.172
24-05-2018,1.172,1.1695,1.175,1.1688,0.20%,0.0122,1.1998,1.1749,1.42203,0.0228999999999999,1.1652
25-05-2018,1.1652,1.172,1.1735,1.1645,-0.58%,0.0122,1.1998,1.1717,1.41974,0.0143000000000004,1.1623
28-05-2018,1.1623,1.1651,1.1729,1.1605,-0.25%,0.0122,1.1998,1.1717,1.41831,0.0200999999999993,1.154
29-05-2018,1.154,1.1625,1.1641,1.1508,-0.71%,0.0124,1.1998,1.1675,1.4163,0.0291999999999995,1.1663
30-05-2018,1.1663,1.154,1.1678,1.1518,1.07%,0.0132999999999999,1.1998,1.1675,1.41338,0.0407000000000011,1.1692
31-05-2018,1.1692,1.1665,1.1726,1.1641,0.25%,0.016,1.1939,1.1645,1.40931,0.0259999999999998,1.1661
01-06-2018,1.1661,1.1691,1.1718,1.1617,-0.27%,0.016,1.1854,1.1605,1.40671,0.0145999999999997,1.1699
04-06-2018,1.1699,1.1656,1.1744,1.1652,0.33%,0.016,1.1839,1.1508,1.40525,0.0152000000000001,1.1718
05-06-2018,1.1718,1.1698,1.1733,1.1652,0.16%,0.016,1.183,1.1508,1.40373,0.00980000000000025,1.1773
06-06-2018,1.1773,1.1717,1.1797,1.1708,0.47%,0.016,1.183,1.1508,1.40275,0.0046999999999997,1.1799
07-06-2018,1.1799,1.1774,1.1842,1.1772,0.22%,0.016,1.183,1.1508,1.40228,0.00179999999999936,1.1768
08-06-2018,1.1768,1.18,1.1812,1.1726,-0.26%,0.016,1.1842,1.1508,1.4021,-0.00219999999999843,1.1784
11-06-2018,1.1784,1.1766,1.1822,1.1754,0.14%,0.016,1.1842,1.1508,1.40232,-0.00710000000000122,1.1745
12-06-2018,1.1745,1.1784,1.1811,1.1733,-0.33%,0.016,1.1842,1.1508,1.40303,-0.0063999999999993,1.1791
13-06-2018,1.1791,1.1745,1.1803,1.1725,0.39%,0.016,1.1842,1.1508,1.40367,-0.00939999999999941,1.1569
14-06-2018,1.1569,1.1791,1.1853,1.1562,-1.88%,0.016,1.1842,1.1508,1.40461,-0.0166000000000004,1.1609
15-06-2018,1.1609,1.1568,1.1629,1.1543,0.35%,0.0291000000000001,1.1853,1.1518,1.40627,-0.00280000000000058,1.1623
18-06-2018,1.1623,1.1609,1.1625,1.1563,0.12%,0.0291000000000001,1.1853,1.1617,1.40655,0.00559999999999938,1.159
19-06-2018,1.159,1.1624,1.1646,1.153,-0.28%,0.0291000000000001,1.1853,1.1617,1.40599,0.00670000000000037,1.1572
20-06-2018,1.1572,1.159,1.1602,1.1537,-0.16%,0.0291000000000001,1.1853,1.1562,1.40532,0.00660000000000061,1.1603
21-06-2018,1.1603,1.1572,1.1635,1.1509,0.27%,0.0291000000000001,1.1853,1.1543,1.40466,0.0125999999999991,1.1657
22-06-2018,1.1657,1.1604,1.1677,1.16,0.47%,0.0291000000000001,1.1853,1.1543,1.4034,0.0113000000000003,1.1704
25-06-2018,1.1704,1.1659,1.1715,1.1627,0.40%,0.0291000000000001,1.1853,1.153,1.40227,0.0114999999999998,1.1647
26-06-2018,1.1647,1.1704,1.1722,1.1635,-0.49%,0.0291000000000001,1.1853,1.153,1.40112,0.00960000000000072,1.1554
27-06-2018,1.1554,1.1647,1.1674,1.1541,-0.80%,0.0291000000000001,1.1853,1.1509,1.40016,0.0118999999999989,1.1569
28-06-2018,1.1569,1.1555,1.1602,1.1527,0.13%,0.0291000000000001,1.1853,1.1509,1.39897,0.0228999999999999,1.1685
29-06-2018,1.1685,1.1569,1.1692,1.1558,1.00%,0.0291000000000001,1.1853,1.1509,1.39668,0.0175999999999998,1.1641
02-07-2018,1.1641,1.1651,1.1699,1.159,-0.38%,0.0291000000000001,1.1853,1.1509,1.39492,0.0140000000000011,1.1657
03-07-2018,1.1657,1.1641,1.1675,1.1621,0.14%,0.0134000000000001,1.1722,1.1509,1.39352,-0.00730000000000075,1.1656
04-07-2018,1.1656,1.1658,1.1684,1.1629,-0.01%,0.0134000000000001,1.1722,1.1509,1.39425,-0.00489999999999924,1.1691
05-07-2018,1.1691,1.1655,1.1722,1.1649,0.30%,0.0134000000000001,1.1722,1.1509,1.39474,-0.00309999999999988,1.1747
06-07-2018,1.1747,1.169,1.1769,1.1679,0.48%,0.0134000000000001,1.1722,1.1509,1.39505,-0.00999999999999979,1.1751
09-07-2018,1.1751,1.1748,1.1792,1.1731,0.03%,0.0134000000000001,1.1769,1.1509,1.39605,-0.0175999999999998,1.1744
10-07-2018,1.1744,1.1751,1.1764,1.169,-0.06%,0.0134000000000001,1.1792,1.1527,1.39781,-0.0147000000000013,1.1674
11-07-2018,1.1674,1.1745,1.176,1.1665,-0.60%,0.0134000000000001,1.1792,1.1527,1.39928,-0.0085999999999995,1.1672
12-07-2018,1.1672,1.1674,1.1697,1.1648,-0.02%,0.0134000000000001,1.1792,1.1527,1.40014,0.00300000000000011,1.1685
13-07-2018,1.1685,1.1669,1.1688,1.161,0.11%,0.0134000000000001,1.1792,1.1527,1.39984,-0.0022000000000002,1.171
16-07-2018,1.171,1.1676,1.1726,1.1674,0.21%,0.0134000000000001,1.1792,1.1527,1.40006,-0.0121000000000002,1.1661
17-07-2018,1.1661,1.1711,1.1746,1.165,-0.42%,0.0134000000000001,1.1792,1.1558,1.40127,-0.0141999999999989,1.1639
18-07-2018,1.1639,1.166,1.1665,1.1601,-0.19%,0.0108999999999999,1.1792,1.159,1.40269,-0.000899999999999679,1.1643
19-07-2018,1.1643,1.1639,1.168,1.1574,0.03%,0.00960000000000005,1.1792,1.161,1.40278,0.000199999999999534,1.172
20-07-2018,1.172,1.1644,1.174,1.1626,0.66%,0.0105999999999999,1.1792,1.161,1.40276,0.00140000000000029,1.1692
23-07-2018,1.1692,1.173,1.1752,1.1682,-0.24%,0.0113999999999999,1.1792,1.161,1.40262,-0.00750000000000028,1.1686
24-07-2018,1.1686,1.1692,1.1719,1.1654,-0.05%,0.0113999999999999,1.1792,1.1601,1.40337,-0.00020000000000131,1.1728
25-07-2018,1.1728,1.1684,1.1739,1.1663,0.36%,0.0113999999999999,1.1792,1.1574,1.40339,0.00640000000000107,1.1643
26-07-2018,1.1643,1.1728,1.1744,1.1639,-0.72%,0.0113999999999999,1.1764,1.1574,1.40275,0.00229999999999997,1.1658
27-07-2018,1.1658,1.1643,1.1665,1.1621,0.13%,0.0113999999999999,1.176,1.1574,1.40252,0.0101999999999993,1.1706
30-07-2018,1.1706,1.166,1.1721,1.1648,0.41%,0.0113999999999999,1.1752,1.1574,1.4015,0.00140000000000029,1.1691
31-07-2018,1.1691,1.1706,1.1745,1.1682,-0.13%,0.0113999999999999,1.1752,1.1574,1.40136,-0.00370000000000026,1.166
01-08-2018,1.166,1.1691,1.1701,1.1656,-0.27%,0.0113999999999999,1.1752,1.1574,1.40173,-0.00150000000000006,1.1584
02-08-2018,1.1584,1.166,1.1669,1.1582,-0.65%,0.0113999999999999,1.1752,1.1574,1.40188,0.00510000000000055,1.1567
03-08-2018,1.1567,1.1583,1.1611,1.1559,-0.15%,0.0113999999999999,1.1752,1.1574,1.40137,0.00769999999999982,1.1554
06-08-2018,1.1554,1.1571,1.1574,1.1527,-0.11%,0.0113999999999999,1.1752,1.1574,1.4006,0.00680000000000014,1.1599
07-08-2018,1.1599,1.1555,1.161,1.1547,0.39%,0.0113999999999999,1.1752,1.1621,1.39992,0.00890000000000057,1.1611
08-08-2018,1.1611,1.1598,1.1629,1.1571,0.10%,0.0105000000000002,1.1752,1.1582,1.39903,0.0131999999999994,1.1527
09-08-2018,1.1527,1.1609,1.162,1.1525,-0.72%,0.0105000000000002,1.1745,1.1559,1.39771,0.0083000000000002,1.1411
10-08-2018,1.1411,1.1526,1.1537,1.1384,-1.01%,0.0105000000000002,1.1745,1.1527,1.39688,0.0158000000000005,1.1409
13-08-2018,1.1409,1.1389,1.1434,1.1364,-0.02%,0.0152999999999999,1.1745,1.1527,1.3953,0.0338999999999992,1.1344
14-08-2018,1.1344,1.141,1.1431,1.133,-0.57%,0.0152999999999999,1.1745,1.1527,1.39191,0.0233000000000008,1.1345
15-08-2018,1.1345,1.1344,1.1357,1.1299,0.01%,0.0152999999999999,1.1745,1.1525,1.38958,0.0315999999999992,1.1377
16-08-2018,1.1377,1.1345,1.1411,1.1335,0.28%,0.0152999999999999,1.1745,1.1384,1.38642,0.0360999999999994,1.1439
17-08-2018,1.1439,1.1377,1.1447,1.1365,0.54%,0.0152999999999999,1.1701,1.1364,1.38281,0.0314000000000014,1.1481
20-08-2018,1.1481,1.1442,1.1486,1.1394,0.37%,0.0152999999999999,1.1669,1.133,1.37967,0.0217999999999989,1.1571
21-08-2018,1.1571,1.1482,1.1602,1.1479,0.78%,0.0152999999999999,1.1629,1.1299,1.37749,0.0100999999999996,1.1597
22-08-2018,1.1597,1.157,1.1624,1.1551,0.22%,0.0152999999999999,1.1629,1.1299,1.37648,9.99999999997669E-05,1.1539
23-08-2018,1.1539,1.1596,1.1601,1.153,-0.50%,0.0152999999999999,1.1629,1.1299,1.37647,-0.00409999999999933,1.1623
24-08-2018,1.1623,1.154,1.1641,1.1533,0.73%,0.0152999999999999,1.1629,1.1299,1.37688,0.00580000000000069,1.1678
27-08-2018,1.1678,1.1631,1.1694,1.1592,0.47%,0.0152999999999999,1.1641,1.1299,1.3763,-0.0022000000000002,1.1695
28-08-2018,1.1695,1.1678,1.1735,1.1662,0.15%,0.0152999999999999,1.1694,1.1299,1.37652,-0.0152000000000001,1.1708
29-08-2018,1.1708,1.1695,1.1712,1.1652,0.11%,0.0123,1.1735,1.1299,1.37804,-0.0305999999999997,1.1671
30-08-2018,1.1671,1.1707,1.172,1.1641,-0.32%,0.0123,1.1735,1.1299,1.3811,-0.0297000000000001,1.1601
31-08-2018,1.1601,1.1671,1.1692,1.1585,-0.60%,0.0123,1.1735,1.1299,1.38407,-0.0327000000000002,1.1624
03-09-2018,1.1624,1.1596,1.1629,1.1583,0.20%,0.0123,1.1735,1.1335,1.38734,-0.0251000000000001,1.1582
04-09-2018,1.1582,1.1623,1.1629,1.1528,-0.36%,0.0123,1.1735,1.1365,1.38985,-0.0245999999999995,1.1629
05-09-2018,1.1629,1.1581,1.164,1.1542,0.41%,0.0123,1.1735,1.1394,1.39231,-0.0138999999999996,1.1622
06-09-2018,1.1622,1.1629,1.166,1.1603,-0.06%,0.0123,1.1735,1.1479,1.3937,-0.0147000000000013,1.1553
07-09-2018,1.1553,1.1624,1.1651,1.155,-0.59%,0.0107999999999999,1.1735,1.153,1.39517,-0.00539999999999985,1.1594
10-09-2018,1.1594,1.156,1.1617,1.1526,0.35%,0.0107999999999999,1.1735,1.1528,1.39571,0.00360000000000049,1.1607
11-09-2018,1.1607,1.1594,1.1645,1.1565,0.11%,0.0107999999999999,1.1735,1.1528,1.39535,-0.00539999999999985,1.1626
12-09-2018,1.1626,1.1604,1.1651,1.157,0.16%,0.0106999999999999,1.1735,1.1528,1.39589,0.00269999999999904,1.169
13-09-2018,1.169,1.1627,1.1703,1.1608,0.55%,0.0106999999999999,1.1735,1.1528,1.39562,0.00510000000000055,1.163
14-09-2018,1.163,1.169,1.1724,1.1619,-0.51%,0.0106999999999999,1.172,1.1526,1.39511,0.000500000000000611,1.1683
17-09-2018,1.1683,1.1623,1.1699,1.1617,0.46%,0.0106999999999999,1.1724,1.1526,1.39506,0.00839999999999996,1.1667
18-09-2018,1.1667,1.1684,1.1726,1.1651,-0.14%,0.0106999999999999,1.1724,1.1526,1.39422,-0.00130000000000052,1.1673
19-09-2018,1.1673,1.1667,1.1716,1.1648,0.05%,0.0105000000000002,1.1726,1.1526,1.39435,-0.00710000000000122,1.1777
20-09-2018,1.1777,1.1671,1.1786,1.1665,0.89%,0.0105000000000002,1.1726,1.1526,1.39506,-0.00479999999999947,1.175
21-09-2018,1.175,1.1776,1.1804,1.1731,-0.23%,0.0121,1.1786,1.1526,1.39554,-0.019499999999999,1.1748
24-09-2018,1.1748,1.1751,1.1817,1.1723,-0.02%,0.0121,1.1804,1.1526,1.39749,-0.0122,1.1772
25-09-2018,1.1772,1.1748,1.1793,1.173,0.20%,0.0121,1.1817,1.1526,1.39871,-0.0124000000000013,1.174
26-09-2018,1.174,1.1767,1.1799,1.1726,-0.27%,0.0121,1.1817,1.1526,1.39995,-0.0206999999999997,1.1641
27-09-2018,1.1641,1.174,1.1759,1.1637,-0.84%,0.0121,1.1817,1.1565,1.40202,-0.0145999999999997,1.1609
28-09-2018,1.1609,1.1641,1.1652,1.1567,-0.27%,0.0122,1.1817,1.157,1.40348,-0.00370000000000026,1.1578
01-10-2018,1.1578,1.1609,1.163,1.1563,-0.27%,0.0122,1.1817,1.1608,1.40385,0.00180000000000113,1.1548
02-10-2018,1.1548,1.1578,1.1582,1.1506,-0.26%,0.0122,1.1817,1.1617,1.40367,0.0111999999999988,1.1478
03-10-2018,1.1478,1.1548,1.1595,1.1465,-0.61%,0.0122,1.1817,1.1617,1.40255,0.00750000000000028,1.1515
04-10-2018,1.1515,1.1478,1.1543,1.1464,0.32%,0.0129999999999999,1.1817,1.1567,1.4018,0.0206,1.1524
05-10-2018,1.1524,1.1513,1.155,1.1483,0.08%,0.0129999999999999,1.1817,1.1563,1.39974,0.0154000000000014,1.1492
08-10-2018,1.1492,1.152,1.1536,1.1459,-0.28%,0.0129999999999999,1.1817,1.1506,1.3982,0.0151000000000003,1.149
09-10-2018,1.149,1.1491,1.1504,1.143,-0.02%,0.0129999999999999,1.1817,1.1465,1.39669,0.0284999999999993,1.152
10-10-2018,1.152,1.1491,1.1547,1.1479,0.26%,0.0129999999999999,1.1817,1.1464,1.39384,0.0259999999999998,1.1594
11-10-2018,1.1594,1.1519,1.16,1.1517,0.64%,0.0129999999999999,1.1799,1.1464,1.39124,0.0228999999999999,1.1563
12-10-2018,1.1563,1.1592,1.1611,1.1534,-0.27%,0.0129999999999999,1.1799,1.1459,1.38895,0.0175000000000001,1.1579
15-10-2018,1.1579,1.1559,1.1608,1.1537,0.14%,0.0129999999999999,1.1759,1.143,1.3872,0.0181000000000005,1.1575
16-10-2018,1.1575,1.158,1.1623,1.1564,-0.03%,0.0129999999999999,1.1652,1.143,1.38539,0.00609999999999999,1.1501
17-10-2018,1.1501,1.1575,1.1585,1.1495,-0.64%,0.0129999999999999,1.163,1.143,1.38478,0.00339999999999918,1.1453
18-10-2018,1.1453,1.15,1.1528,1.1448,-0.42%,0.0129999999999999,1.1623,1.143,1.38444,0.00780000000000136,1.1515
19-10-2018,1.1515,1.1451,1.1536,1.1433,0.54%,0.0129999999999999,1.1623,1.143,1.38366,0.00969999999999871,1.1465
22-10-2018,1.1465,1.1507,1.1552,1.1455,-0.43%,0.0103,1.1623,1.143,1.38269,-0.00289999999999857,1.1471
23-10-2018,1.1471,1.1466,1.1495,1.1438,0.05%,0.0103,1.1623,1.143,1.38298,0.0046999999999997,1.1392
24-10-2018,1.1392,1.147,1.1477,1.1378,-0.69%,0.0103,1.1623,1.143,1.38251,0.00499999999999901,1.1376
25-10-2018,1.1376,1.1392,1.1434,1.1355,-0.14%,0.0103,1.1623,1.143,1.38201,0.00990000000000002,1.1403
26-10-2018,1.1403,1.1376,1.1422,1.1334,0.24%,0.0103,1.1623,1.1433,1.38102,0.0114999999999998,1.1373
29-10-2018,1.1373,1.1408,1.1418,1.1361,-0.26%,0.0103,1.1623,1.1433,1.37987,0.0111000000000008,1.1344
30-10-2018,1.1344,1.1372,1.1387,1.1338,-0.25%,0.0103,1.1623,1.1378,1.37876,0.0220000000000002,1.1312
31-10-2018,1.1312,1.1345,1.1363,1.1301,-0.28%,0.0103,1.1623,1.1355,1.37656,0.0213999999999999,1.1409
01-11-2018,1.1409,1.1311,1.1426,1.1306,0.86%,0.0103,1.1623,1.1334,1.37442,0.0268999999999995,1.1387
02-11-2018,1.1387,1.1408,1.1458,1.1372,-0.19%,0.012,1.1585,1.1334,1.37173,0.0167000000000002,1.1407
05-11-2018,1.1407,1.1391,1.1425,1.1356,0.18%,0.012,1.1552,1.1334,1.37006,0.0108999999999995,1.1427
06-11-2018,1.1427,1.1406,1.144,1.1389,0.18%,0.012,1.1552,1.1301,1.36897,0.00450000000000017,1.1426
07-11-2018,1.1426,1.1427,1.1502,1.1395,-0.01%,0.012,1.1552,1.1301,1.36852,0.00799999999999912,1.1363
08-11-2018,1.1363,1.1425,1.1448,1.1352,-0.55%,0.012,1.1502,1.1301,1.36772,0.0041000000000011,1.1336
09-11-2018,1.1336,1.1364,1.1371,1.1315,-0.24%,0.012,1.1502,1.1301,1.36731,0.0106000000000002,1.1218
12-11-2018,1.1218,1.1331,1.1333,1.1214,-1.04%,0.012,1.1502,1.1301,1.36625,0.00609999999999999,1.1291
13-11-2018,1.1291,1.1219,1.1296,1.1216,0.65%,0.012,1.1502,1.1301,1.36564,0.0156999999999989,1.131
14-11-2018,1.131,1.129,1.1349,1.1262,0.17%,0.012,1.1502,1.1301,1.36407,0.0118000000000009,1.1328
15-11-2018,1.1328,1.1309,1.1364,1.1271,0.16%,0.012,1.1502,1.1301,1.36289,0.00629999999999953,1.142
16-11-2018,1.142,1.133,1.1423,1.132,0.81%,0.012,1.1502,1.1214,1.36226,0.00150000000000006,1.1453
19-11-2018,1.1453,1.1403,1.1467,1.1393,0.29%,0.012,1.1502,1.1214,1.36211,-0.00919999999999988,1.1371
20-11-2018,1.1371,1.1453,1.1473,1.1357,-0.72%,0.0119,1.1502,1.1214,1.36303,-0.00450000000000017,1.1385
21-11-2018,1.1385,1.1371,1.1426,1.1363,0.12%,0.0119,1.1502,1.1214,1.36348,0.00200000000000067,1.1408
22-11-2018,1.1408,1.1382,1.1434,1.1378,0.20%,0.0119,1.1502,1.1214,1.36328,0.00239999999999974,1.1341
23-11-2018,1.1341,1.1403,1.1422,1.1325,-0.59%,0.0119,1.1502,1.1214,1.36304,0.00239999999999974,1.1328
26-11-2018,1.1328,1.1343,1.1385,1.1323,-0.11%,0.0119,1.1473,1.1214,1.3628,0.00820000000000043,1.1288
27-11-2018,1.1288,1.1326,1.1344,1.1276,-0.35%,0.0119,1.1473,1.1214,1.36198,0.00380000000000003,1.1366
28-11-2018,1.1366,1.1291,1.1387,1.1264,0.69%,0.0119,1.1473,1.1214,1.3616,0.00399999999999956,1.1393
29-11-2018,1.1393,1.1367,1.1403,1.1348,0.24%,0.0123,1.1473,1.1216,1.3612,-0.014800000000001,1.1317
30-11-2018,1.1317,1.1395,1.1402,1.1304,-0.67%,0.0123,1.1473,1.1262,1.36268,-0.0104999999999986,1.1354
03-12-2018,1.1354,1.1315,1.1382,1.1315,0.33%,0.0123,1.1473,1.1271,1.36373,-0.000600000000000378,1.1345
04-12-2018,1.1345,1.1354,1.1421,1.1318,-0.08%,0.0123,1.1473,1.1264,1.36379,-0.00239999999999974,1.1344
05-12-2018,1.1344,1.1342,1.1361,1.1309,-0.01%,0.0123,1.1473,1.1264,1.36403,0.00609999999999999,1.1376
06-12-2018,1.1376,1.1345,1.1414,1.1321,0.28%,0.0123,1.1473,1.1264,1.36342,0.0107999999999997,1.1378
07-12-2018,1.1378,1.1377,1.1425,1.1359,0.02%,0.0123,1.1434,1.1264,1.36234,-0.000600000000000378,1.1356
10-12-2018,1.1356,1.1401,1.1444,1.1349,-0.19%,0.0123,1.1434,1.1264,1.3624,-0.00189999999999912,1.1316
11-12-2018,1.1316,1.1361,1.1402,1.1304,-0.35%,0.0123,1.1444,1.1264,1.36259,0.00419999999999909,1.1368
12-12-2018,1.1368,1.1317,1.1388,1.1312,0.46%,0.0123,1.1444,1.1264,1.36217,0.00260000000000105,1.1363
13-12-2018,1.1363,1.1369,1.1396,1.133,-0.04%,0.0123,1.1444,1.1264,1.36191,-0.00430000000000064,1.1309
14-12-2018,1.1309,1.1362,1.1374,1.1268,-0.48%,0.0123,1.1444,1.1264,1.36234,-0.00709999999999944,1.1347
17-12-2018,1.1347,1.1308,1.136,1.1299,0.34%,0.0105999999999999,1.1444,1.1304,1.36305,0.00589999999999868,1.1361
18-12-2018,1.1361,1.1346,1.1402,1.1336,0.12%,0.0105999999999999,1.1444,1.1304,1.36246,0.00490000000000102,1.1377
19-12-2018,1.1377,1.1361,1.1442,1.136,0.14%,0.0105999999999999,1.1444,1.1304,1.36197,-0.00459999999999994,1.1446
20-12-2018,1.1446,1.1377,1.1487,1.1371,0.61%,0.0105999999999999,1.1444,1.1268,1.36243,-0.00229999999999997,1.1369
21-12-2018,1.1369,1.1447,1.1477,1.1353,-0.67%,0.0116000000000001,1.1487,1.1268,1.36266,-0.0105000000000004,1.14
24-12-2018,1.14,1.137,1.1439,1.135,0.27%,0.0124,1.1487,1.1268,1.36371,-0.0024999999999995,1.1362
25-12-2018,1.1362,1.14,1.1429,1.1361,-0.33%,0.0124,1.1487,1.1268,1.36396,-0.00229999999999997,1.1353
26-12-2018,1.1353,1.1363,1.1423,1.1342,-0.08%,0.0124,1.1487,1.1268,1.36419,0.00380000000000003,1.143
27-12-2018,1.143,1.1353,1.1457,1.1349,0.68%,0.0124,1.1487,1.1268,1.36381,0.000799999999999912,1.1438
28-12-2018,1.1438,1.1429,1.1478,1.1424,0.07%,0.0124,1.1487,1.1268,1.36373,-0.0112000000000005,1.147
31-12-2018,1.147,1.1443,1.147,1.1421,0.28%,0.0124,1.1487,1.1268,1.36485,-0.00740000000000052,1.1464
01-01-2019,1.1464,1.1466,1.1481,1.1425,-0.05%,0.0124,1.1487,1.1268,1.36559,-0.0103999999999989,1.1343
02-01-2019,1.1343,1.1464,1.1499,1.1325,-1.06%,0.0124,1.1487,1.1299,1.36663,-0.0156000000000009,1.1394
03-01-2019,1.1394,1.1345,1.1413,1.1309,0.45%,0.0173999999999999,1.1499,1.1336,1.36819,9.99999999997669E-05,1.1395
04-01-2019,1.1395,1.1393,1.1422,1.1345,0.01%,0.0173999999999999,1.1499,1.1342,1.36818,-0.00319999999999965,1.1476
07-01-2019,1.1476,1.1392,1.1485,1.1392,0.71%,0.0173999999999999,1.1499,1.1342,1.3685,-0.00150000000000006,1.1442
08-01-2019,1.1442,1.1476,1.1487,1.1422,-0.30%,0.0173999999999999,1.1499,1.1325,1.36865,-0.00290000000000035,1.1543
09-01-2019,1.1543,1.1444,1.1556,1.1435,0.88%,0.0173999999999999,1.1499,1.1309,1.36894,-0.00739999999999874,1.15
10-01-2019,1.15,1.1542,1.1572,1.1485,-0.37%,0.0173999999999999,1.1556,1.1309,1.36968,-0.0142000000000007,1.1469
11-01-2019,1.1469,1.1499,1.1542,1.1457,-0.27%,0.0173999999999999,1.1572,1.1309,1.3711,-0.0136000000000003,1.1477
14-01-2019,1.1477,1.1471,1.1485,1.144,0.07%,0.0173999999999999,1.1572,1.1309,1.37246,-0.0117999999999991,1.1417
15-01-2019,1.1417,1.1473,1.1494,1.1381,-0.52%,0.0173999999999999,1.1572,1.1309,1.37364,-0.0044000000000004,1.14
16-01-2019,1.14,1.1414,1.1429,1.1377,-0.15%,0.0173999999999999,1.1572,1.1309,1.37408,0.00290000000000035,1.1398
17-01-2019,1.1398,1.1396,1.141,1.1369,-0.02%,0.0173999999999999,1.1572,1.1309,1.37379,0.00699999999999967,1.1363
18-01-2019,1.1363,1.1389,1.1413,1.1352,-0.31%,0.0173999999999999,1.1572,1.1309,1.37309,0.00750000000000028,1.1366
21-01-2019,1.1366,1.1371,1.1409,1.1355,0.03%,0.0121,1.1572,1.1309,1.37234,-0.00259999999999927,1.1359
22-01-2019,1.1359,1.1365,1.1386,1.1334,-0.06%,0.0121,1.1572,1.1345,1.3726,0.0027999999999988,1.1381
23-01-2019,1.1381,1.1358,1.1397,1.1348,0.19%,0.0121,1.1572,1.1369,1.37232,0.00340000000000096,1.1306
24-01-2019,1.1306,1.138,1.1398,1.1287,-0.66%,0.0121,1.1572,1.1352,1.37198,0.00959999999999894,1.1415
25-01-2019,1.1415,1.1306,1.1421,1.1298,0.96%,0.0121,1.1572,1.1352,1.37102,0.0137999999999998,1.1434
28-01-2019,1.1434,1.1404,1.1445,1.1388,0.17%,0.0123,1.1572,1.1334,1.36964,0.0137999999999998,1.1432
29-01-2019,1.1432,1.1428,1.1453,1.141,-0.02%,0.0123,1.1542,1.1334,1.36826,0.00710000000000122,1.1479
30-01-2019,1.1479,1.1433,1.1503,1.1404,0.41%,0.0123,1.1494,1.1287,1.36755,0.00380000000000003,1.1446
31-01-2019,1.1446,1.148,1.1517,1.1434,-0.29%,0.0123,1.1503,1.1287,1.36717,-0.000700000000000145,1.1456
01-02-2019,1.1456,1.1447,1.149,1.1433,0.09%,0.0123,1.1517,1.1287,1.36724,-0.00329999999999941,1.1438
04-02-2019,1.1438,1.1457,1.1467,1.1421,-0.16%,0.0123,1.1517,1.1287,1.36757,-0.00609999999999999,1.1415
05-02-2019,1.1415,1.1442,1.1456,1.14,-0.20%,0.0123,1.1517,1.1287,1.36818,-0.00530000000000186,1.1362
06-02-2019,1.1362,1.1406,1.142,1.1359,-0.46%,0.0123,1.1517,1.1287,1.36871,-0.00349999999999895,1.1341
07-02-2019,1.1341,1.136,1.1375,1.1322,-0.18%,0.0123,1.1517,1.1287,1.36906,0.000500000000000611,1.133
08-02-2019,1.133,1.1346,1.1355,1.132,-0.10%,0.0123,1.1517,1.1287,1.36901,0.00119999999999898,1.1276
11-02-2019,1.1276,1.1328,1.1331,1.1264,-0.48%,0.0123,1.1517,1.1287,1.36889,0.00520000000000032,1.1325
12-02-2019,1.1325,1.128,1.1342,1.1256,0.43%,0.0123,1.1517,1.1298,1.36837,0.00259999999999927,1.1267
13-02-2019,1.1267,1.1326,1.1346,1.126,-0.51%,0.00990000000000002,1.1517,1.1322,1.36811,0.00780000000000136,1.1301
14-02-2019,1.1301,1.1262,1.1313,1.1247,0.30%,0.00990000000000002,1.1517,1.132,1.36733,0.0165999999999986,1.1295
15-02-2019,1.1295,1.1295,1.1313,1.1233,-0.05%,0.00990000000000002,1.1517,1.1264,1.36567,0.0137999999999998,1.1311
18-02-2019,1.1311,1.1288,1.1337,1.1284,0.14%,0.00860000000000016,1.1517,1.1256,1.36429,0.0192000000000014,1.1341
19-02-2019,1.1341,1.131,1.1358,1.1274,0.27%,0.00860000000000016,1.149,1.1256,1.36237,0.0137,1.1337
20-02-2019,1.1337,1.1342,1.1374,1.1324,-0.04%,0.00860000000000016,1.1467,1.1247,1.361,0.0114999999999998,1.1336
21-02-2019,1.1336,1.1338,1.1368,1.132,-0.01%,0.00860000000000016,1.1456,1.1233,1.35985,0.0103999999999989,1.1343
22-02-2019,1.1343,1.1337,1.136,1.1315,0.06%,0.00860000000000016,1.142,1.1233,1.35881,0.00690000000000168,1.1359
25-02-2019,1.1359,1.1338,1.1369,1.1323,0.14%,0.00860000000000016,1.1375,1.1233,1.35812,0.00219999999999843,1.1387
26-02-2019,1.1387,1.1366,1.1404,1.1343,0.25%,0.00860000000000016,1.1374,1.1233,1.3579,-0.00199999999999889,1.1369
27-02-2019,1.1369,1.1396,1.1404,1.136,-0.16%,0.00860000000000016,1.1404,1.1233,1.3581,-0.00680000000000014,1.1371
28-02-2019,1.1371,1.1371,1.1421,1.1357,0.02%,0.00860000000000016,1.1404,1.1233,1.35878,-0.00910000000000011,1.1377
01-03-2019,1.1377,1.1372,1.141,1.1353,0.05%,0.00860000000000016,1.1421,1.1233,1.35969,-0.00459999999999994,1.134
04-03-2019,1.134,1.138,1.1398,1.1309,-0.33%,0.00839999999999996,1.1421,1.1233,1.36015,-0.0117999999999991,1.1308
05-03-2019,1.1308,1.1339,1.1353,1.129,-0.28%,0.00889999999999991,1.1421,1.1233,1.36133,-0.0044000000000004,1.1307
06-03-2019,1.1307,1.1313,1.1328,1.1286,-0.01%,0.00889999999999991,1.1421,1.1274,1.36177,-0.00250000000000128,1.1194
07-03-2019,1.1194,1.1306,1.1322,1.1176,-1.00%,0.00889999999999991,1.1421,1.1274,1.36202,0.000400000000000844,1.124
08-03-2019,1.124,1.1194,1.1248,1.1185,0.41%,0.0146000000000002,1.1421,1.1309,1.36198,0.0147999999999993,1.1247
11-03-2019,1.1247,1.1238,1.1259,1.1221,0.06%,0.0146000000000002,1.1421,1.129,1.3605,0.0100000000000016,1.1286
12-03-2019,1.1286,1.125,1.1308,1.1243,0.35%,0.0146000000000002,1.1421,1.1286,1.3595,0.00869999999999926,1.1325
13-03-2019,1.1325,1.1287,1.1341,1.1277,0.35%,0.0146000000000002,1.1421,1.1176,1.35863,0.00510000000000055,1.1302
14-03-2019,1.1302,1.1329,1.1342,1.1293,-0.20%,0.0146000000000002,1.1421,1.1176,1.35812,0.00369999999999848,1.1325
15-03-2019,1.1325,1.1305,1.1346,1.1296,0.20%,0.0146000000000002,1.1421,1.1176,1.35775,0.00910000000000011,1.1336
18-03-2019,1.1336,1.1323,1.136,1.1317,0.10%,0.0146000000000002,1.1421,1.1176,1.35684,0.00480000000000125,1.1349
19-03-2019,1.1349,1.1337,1.1364,1.1332,0.11%,0.0146000000000002,1.141,1.1176,1.35636,0.00349999999999895,1.1411
20-03-2019,1.1411,1.1351,1.145,1.1335,0.55%,0.0146000000000002,1.1398,1.1176,1.35601,0.00290000000000035,1.1373
21-03-2019,1.1373,1.1414,1.1439,1.1342,-0.33%,0.0146000000000002,1.145,1.1176,1.35572,-0.00750000000000028,1.1313
22-03-2019,1.1313,1.1375,1.1394,1.1272,-0.53%,0.0146000000000002,1.145,1.1176,1.35647,-0.00619999999999976,1.1311
25-03-2019,1.1311,1.1294,1.1333,1.1284,-0.02%,0.0146000000000002,1.145,1.1176,1.35709,0.00120000000000076,1.1264
26-03-2019,1.1264,1.1313,1.1329,1.1262,-0.42%,0.0122,1.145,1.1185,1.35697,-0.0119000000000007,1.1247
27-03-2019,1.1247,1.1269,1.1287,1.1242,-0.15%,0.0122,1.145,1.1221,1.35816,-0.00309999999999988,1.122
28-03-2019,1.122,1.1244,1.1264,1.1213,-0.24%,0.0122,1.145,1.1243,1.35847,0.000600000000000378,1.1217
29-03-2019,1.1217,1.1221,1.1249,1.1208,-0.03%,0.0122,1.145,1.1272,1.35841,0.00659999999999883,1.1212
01-04-2019,1.1212,1.1218,1.125,1.1202,-0.04%,0.0122,1.145,1.1262,1.35775,0.0111000000000008,1.1202
02-04-2019,1.1202,1.1216,1.1219,1.1183,-0.09%,0.0122,1.145,1.1242,1.35664,0.00890000000000057,1.1234
03-04-2019,1.1234,1.1205,1.1256,1.12,0.29%,0.0122,1.145,1.1213,1.35575,0.0117999999999991,1.122
04-04-2019,1.122,1.1235,1.125,1.1205,-0.12%,0.0122,1.145,1.1208,1.35457,0.0102000000000011,1.1214
05-04-2019,1.1214,1.1223,1.1247,1.1209,-0.05%,0.0122,1.145,1.1202,1.35355,0.0127999999999986,1.1259
08-04-2019,1.1259,1.1218,1.1277,1.1213,0.40%,0.0122,1.1439,1.1183,1.35227,0.0196000000000005,1.1261
09-04-2019,1.1261,1.1272,1.1286,1.1253,0.02%,0.0122,1.1394,1.1183,1.35031,0.0103000000000009,1.1273
10-04-2019,1.1273,1.1264,1.1288,1.1229,0.11%,0.00669999999999993,1.1333,1.1183,1.34928,0.00299999999999834,1.125
11-04-2019,1.125,1.1273,1.1291,1.1249,-0.20%,0.00669999999999993,1.1329,1.1183,1.34898,0.00400000000000134,1.13
12-04-2019,1.13,1.1254,1.1327,1.1252,0.44%,0.00639999999999996,1.1291,1.1183,1.34858,0.00150000000000006,1.1307
15-04-2019,1.1307,1.13,1.1322,1.1294,0.06%,0.00750000000000006,1.1327,1.1183,1.34843,-0.00560000000000116,1.128
16-04-2019,1.128,1.1303,1.1315,1.1279,-0.24%,0.00750000000000006,1.1327,1.1183,1.34899,-0.00819999999999865,1.1294
17-04-2019,1.1294,1.1281,1.1326,1.1279,0.12%,0.00750000000000006,1.1327,1.1183,1.34981,-0.0063000000000013,1.1229
18-04-2019,1.1229,1.1297,1.1307,1.1226,-0.58%,0.00750000000000006,1.1327,1.1183,1.35044,-0.00809999999999889,1.1246
19-04-2019,1.1246,1.1241,1.1254,1.1228,0.15%,0.0081,1.1327,1.12,1.35125,-0.00360000000000049,1.1255
22-04-2019,1.1255,1.1244,1.1264,1.1236,0.08%,0.0081,1.1327,1.1205,1.35161,-0.000899999999999679,1.1225
23-04-2019,1.1225,1.1257,1.1264,1.1192,-0.27%,0.0081,1.1327,1.1209,1.3517,-0.00340000000000096,1.1152
24-04-2019,1.1152,1.1229,1.1233,1.114,-0.65%,0.0081,1.1327,1.1213,1.35204,-0.00109999999999921,1.113
25-04-2019,1.113,1.1161,1.1164,1.1118,-0.20%,0.00929999999999986,1.1327,1.1226,1.35215,0.011099999999999,1.1148
26-04-2019,1.1148,1.1131,1.1176,1.1111,0.16%,0.00929999999999986,1.1327,1.1226,1.35104,0.013300000000001,1.1185
29-04-2019,1.1185,1.1152,1.1192,1.1141,0.33%,0.00929999999999986,1.1327,1.1192,1.34971,0.0121000000000002,1.1215
30-04-2019,1.1215,1.1186,1.1231,1.1175,0.27%,0.00929999999999986,1.1327,1.114,1.3485,0.00679999999999836,1.1194
01-05-2019,1.1194,1.1215,1.1266,1.1187,-0.19%,0.00929999999999986,1.1326,1.1118,1.34782,0.00850000000000151,1.1176
02-05-2019,1.1176,1.1202,1.1221,1.117,-0.16%,0.00929999999999986,1.1326,1.1111,1.34697,0.0100999999999996,1.12
03-05-2019,1.12,1.1178,1.1207,1.1135,0.21%,0.00929999999999986,1.1326,1.1111,1.34596,0.0102999999999991,1.1197
06-05-2019,1.1197,1.1172,1.1211,1.1159,-0.03%,0.00929999999999986,1.1307,1.1111,1.34493,0.0125000000000011,1.119
07-05-2019,1.119,1.1199,1.1222,1.1165,-0.06%,0.00929999999999986,1.1266,1.1111,1.34368,0.00419999999999909,1.1191
08-05-2019,1.1191,1.1191,1.1215,1.1182,0.01%,0.00929999999999986,1.1266,1.1111,1.34326,0.00530000000000186,1.122
09-05-2019,1.122,1.1192,1.1253,1.1172,0.26%,0.00929999999999986,1.1266,1.1111,1.34273,0.00649999999999906,1.1233
10-05-2019,1.1233,1.1215,1.1255,1.1214,0.12%,0.00929999999999986,1.1266,1.1111,1.34208,0.00140000000000029,1.1223
13-05-2019,1.1223,1.1242,1.1266,1.1221,-0.09%,0.0081,1.1266,1.1111,1.34194,-0.00810000000000066,1.1203
14-05-2019,1.1203,1.1224,1.1247,1.12,-0.18%,0.0081,1.1266,1.1111,1.34275,-0.00929999999999964,1.12
15-05-2019,1.12,1.1204,1.1226,1.1177,-0.03%,0.0081,1.1266,1.1135,1.34368,-0.00520000000000032,1.1172
16-05-2019,1.1172,1.1202,1.1227,1.1165,-0.25%,0.0081,1.1266,1.1135,1.3442,-0.00159999999999982,1.1156
17-05-2019,1.1156,1.1174,1.1185,1.1154,-0.14%,0.0081,1.1266,1.1135,1.34436,0.00409999999999933,1.117
20-05-2019,1.117,1.1158,1.1177,1.1149,0.13%,0.0081,1.1266,1.1135,1.34395,0.0044000000000004,1.1158
21-05-2019,1.1158,1.1171,1.1188,1.1141,-0.11%,0.0081,1.1266,1.1135,1.34351,0.000700000000000145,1.1152
22-05-2019,1.1152,1.1167,1.1181,1.1147,-0.05%,0.0081,1.1266,1.1159,1.34344,0.000500000000000611,1.118
23-05-2019,1.118,1.1151,1.1189,1.1107,0.25%,0.0081,1.1266,1.1154,1.34339,0.00479999999999947,1.1202
24-05-2019,1.1202,1.1182,1.1214,1.1174,0.20%,0.00819999999999999,1.1266,1.1149,1.34291,0.000899999999999679,1.1196
27-05-2019,1.1196,1.1196,1.1216,1.1185,-0.05%,0.00819999999999999,1.1266,1.1141,1.34282,-0.000399999999999068,1.116
28-05-2019,1.116,1.1199,1.1204,1.1158,-0.32%,0.00819999999999999,1.1266,1.1141,1.34286,0.00159999999999982,1.1129
29-05-2019,1.1129,1.1161,1.1174,1.1123,-0.28%,0.00819999999999999,1.1266,1.1107,1.3427,0.00809999999999889,1.113
30-05-2019,1.113,1.1132,1.1145,1.1115,0.01%,0.00819999999999999,1.1247,1.1107,1.34189,0.00919999999999988,1.1167
31-05-2019,1.1167,1.1135,1.118,1.1125,0.33%,0.00819999999999999,1.1227,1.1107,1.34097,0.00690000000000168,1.124
03-06-2019,1.124,1.1168,1.1264,1.1156,0.65%,0.00819999999999999,1.1227,1.1107,1.34028,0.00339999999999918,1.1251
04-06-2019,1.1251,1.1241,1.1279,1.1226,0.10%,0.0108000000000001,1.1264,1.1107,1.33994,-0.00670000000000037,1.1219
05-06-2019,1.1219,1.1251,1.1307,1.1219,-0.28%,0.0108000000000001,1.1279,1.1107,1.34061,-0.00929999999999964,1.1274
06-06-2019,1.1274,1.1229,1.1309,1.1214,0.49%,0.0108000000000001,1.1307,1.1107,1.34154,-0.00580000000000069,1.1331
07-06-2019,1.1331,1.1276,1.1349,1.125,0.51%,0.0108000000000001,1.1309,1.1107,1.34212,-0.0108999999999995,1.1312
10-06-2019,1.1312,1.1324,1.1331,1.1289,-0.17%,0.0108000000000001,1.1349,1.1107,1.34321,-0.0173000000000005,1.1329
11-06-2019,1.1329,1.1312,1.1338,1.1301,0.15%,0.0108000000000001,1.1349,1.1115,1.34494,-0.0129999999999999,1.1287
12-06-2019,1.1287,1.1326,1.1344,1.1281,-0.37%,0.0108000000000001,1.1349,1.1115,1.34624,-0.0129999999999999,1.1275
13-06-2019,1.1275,1.1287,1.1305,1.1267,-0.11%,0.0108000000000001,1.1349,1.1115,1.34754,-0.00879999999999903,1.1207
14-06-2019,1.1207,1.1283,1.1291,1.1201,-0.60%,0.0108000000000001,1.1349,1.1115,1.34842,-0.0122,1.1217
17-06-2019,1.1217,1.1216,1.1248,1.1204,0.09%,0.0108000000000001,1.1349,1.1115,1.34964,-0.00839999999999996,1.1191
18-06-2019,1.1191,1.1219,1.1243,1.118,-0.23%,0.0108000000000001,1.1349,1.1125,1.35048,-0.00839999999999996,1.1224
19-06-2019,1.1224,1.1193,1.1254,1.1186,0.29%,0.0108000000000001,1.1349,1.1156,1.35132,-0.00250000000000128,1.1291
20-06-2019,1.1291,1.1226,1.1319,1.1226,0.60%,0.00990000000000002,1.1349,1.1201,1.35157,0.00150000000000006,1.1366
21-06-2019,1.1366,1.1292,1.1379,1.1282,0.66%,0.00990000000000002,1.1349,1.1201,1.35142,-0.00409999999999933,1.1396
24-06-2019,1.1396,1.1361,1.1405,1.1361,0.26%,0.00990000000000002,1.1379,1.118,1.35183,-0.0131999999999994,1.1365
25-06-2019,1.1365,1.1399,1.1413,1.1343,-0.27%,0.00990000000000002,1.1405,1.118,1.35315,-0.0123000000000015,1.1368
26-06-2019,1.1368,1.1365,1.1392,1.1348,0.03%,0.00969999999999982,1.1413,1.118,1.35438,-0.00409999999999933,1.1368
27-06-2019,1.1368,1.1369,1.1382,1.1348,0.00%,0.00969999999999982,1.1413,1.118,1.35479,-0.00569999999999915,1.1368
28-06-2019,1.1368,1.137,1.1394,1.1351,0.00%,0.00969999999999982,1.1413,1.118,1.35536,-0.0044000000000004,1.1285
01-07-2019,1.1285,1.1376,1.1376,1.128,-0.73%,0.00969999999999982,1.1413,1.118,1.3558,-0.00890000000000057,1.1283
02-07-2019,1.1283,1.1286,1.1321,1.1274,-0.02%,0.00969999999999982,1.1413,1.118,1.35669,-0.000299999999999301,1.1277
03-07-2019,1.1277,1.1285,1.1312,1.1268,-0.05%,0.00969999999999982,1.1413,1.118,1.35672,-0.00689999999999991,1.1284
04-07-2019,1.1284,1.1278,1.1296,1.1272,0.06%,0.00969999999999982,1.1413,1.118,1.35741,-0.00590000000000046,1.1224
05-07-2019,1.1224,1.1285,1.1288,1.1207,-0.53%,0.00969999999999982,1.1413,1.1186,1.358,-0.00919999999999988,1.1214
08-07-2019,1.1214,1.1223,1.1235,1.1207,-0.09%,0.00969999999999982,1.1413,1.1226,1.35892,0.000299999999999301,1.1206
09-07-2019,1.1206,1.1215,1.122,1.1193,-0.07%,0.00969999999999982,1.1413,1.1268,1.35889,0.00769999999999982,1.1249
10-07-2019,1.1249,1.1208,1.1264,1.1201,0.38%,0.00960000000000005,1.1413,1.1268,1.35812,0.0153000000000016,1.1252
11-07-2019,1.1252,1.1251,1.1286,1.1244,0.03%,0.00960000000000005,1.1413,1.1207,1.35659,0.0147999999999993,1.1269
12-07-2019,1.1269,1.1254,1.1276,1.1237,0.15%,0.00960000000000005,1.1394,1.1207,1.35511,0.0111000000000008,1.1257
15-07-2019,1.1257,1.1269,1.1285,1.1252,-0.11%,0.00960000000000005,1.1394,1.1193,1.354,0.00999999999999979,1.1209
16-07-2019,1.1209,1.1257,1.1264,1.1201,-0.43%,0.00960000000000005,1.1394,1.1193,1.353,0.0113000000000003,1.1223
17-07-2019,1.1223,1.1211,1.1235,1.12,0.12%,0.00960000000000005,1.1376,1.1193,1.35187,0.0164999999999989,1.1275
18-07-2019,1.1275,1.1224,1.1281,1.1205,0.46%,0.0081,1.1321,1.1193,1.35022,0.00619999999999976,1.122
19-07-2019,1.122,1.1277,1.1283,1.1203,-0.49%,0.0081,1.1312,1.1193,1.3496,0.000799999999999912,1.1208
22-07-2019,1.1208,1.1218,1.1226,1.1206,-0.11%,0.0081,1.1296,1.1193,1.34952,0.00600000000000023,1.1151
23-07-2019,1.1151,1.121,1.1211,1.1145,-0.51%,0.0081,1.1288,1.1193,1.34892,0.00750000000000028,1.1139
24-07-2019,1.1139,1.1152,1.1159,1.1127,-0.11%,0.00800000000000001,1.1286,1.1193,1.34817,0.00710000000000122,1.1145
25-07-2019,1.1145,1.1141,1.1188,1.1101,0.05%,0.00800000000000001,1.1286,1.1193,1.34746,0.00739999999999874,1.1125
26-07-2019,1.1125,1.1147,1.1151,1.1112,-0.18%,0.00869999999999993,1.1286,1.12,1.34672,0.00609999999999999,1.1144
29-07-2019,1.1144,1.1127,1.1151,1.1113,0.17%,0.00869999999999993,1.1286,1.1145,1.34611,0.0123999999999995,1.1153
30-07-2019,1.1153,1.1144,1.1162,1.1132,0.08%,0.00869999999999993,1.1285,1.1127,1.34487,0.011000000000001,1.1074
31-07-2019,1.1074,1.1155,1.1163,1.1059,-0.71%,0.00869999999999993,1.1285,1.1101,1.34377,0.0114000000000001,1.1083
01-08-2019,1.1083,1.1076,1.1096,1.1027,0.08%,0.0104,1.1283,1.1101,1.34263,0.0180999999999987,1.1107
02-08-2019,1.1107,1.1085,1.1118,1.107,0.22%,0.0104,1.1283,1.1101,1.34082,0.0126000000000008,1.1202
05-08-2019,1.1202,1.1103,1.1214,1.1103,0.86%,0.0104,1.1283,1.1101,1.33956,0.0121000000000002,1.1198
06-08-2019,1.1198,1.1203,1.125,1.1168,-0.04%,0.0110999999999999,1.1283,1.1059,1.33835,0.00739999999999874,1.1197
07-08-2019,1.1197,1.1199,1.1243,1.1179,-0.01%,0.0110999999999999,1.125,1.1027,1.33761,0.0019000000000009,1.1178
08-08-2019,1.1178,1.1199,1.1233,1.1177,-0.17%,0.0110999999999999,1.125,1.1027,1.33742,0.00109999999999921,1.1198
09-08-2019,1.1198,1.118,1.1223,1.1179,0.18%,0.0110999999999999,1.125,1.1027,1.33731,-0.0027999999999988,1.1212
12-08-2019,1.1212,1.1204,1.1231,1.1162,0.13%,0.0110999999999999,1.125,1.1027,1.33759,-0.0063000000000013,1.1169
13-08-2019,1.1169,1.1214,1.1229,1.117,-0.38%,0.0110999999999999,1.125,1.1027,1.33822,-0.0066999999999986,1.1138
14-08-2019,1.1138,1.1171,1.1192,1.113,-0.28%,0.0110999999999999,1.125,1.1027,1.33889,-0.0044000000000004,1.1106
15-08-2019,1.1106,1.1139,1.1159,1.1091,-0.29%,0.0110999999999999,1.125,1.1027,1.33933,0.000500000000000611,1.1089
16-08-2019,1.1089,1.1107,1.1114,1.1066,-0.15%,0.0110999999999999,1.125,1.1027,1.33928,0.00479999999999947,1.1076
19-08-2019,1.1076,1.1092,1.1114,1.1076,-0.12%,0.0110999999999999,1.125,1.1027,1.3388,-0.00159999999999982,1.1099
20-08-2019,1.1099,1.1079,1.1107,1.1065,0.21%,0.0110999999999999,1.125,1.107,1.33896,0.000600000000000378,1.1083
21-08-2019,1.1083,1.11,1.1108,1.108,-0.14%,0.0110999999999999,1.125,1.1091,1.3389,0.000299999999999301,1.1078
22-08-2019,1.1078,1.1085,1.1114,1.1063,-0.05%,0.00819999999999999,1.125,1.1066,1.33887,0.0118000000000009,1.1144
23-08-2019,1.1144,1.1079,1.1154,1.1051,0.60%,0.00689999999999991,1.1243,1.1066,1.33769,0.0119999999999987,1.11
26-08-2019,1.11,1.1145,1.1166,1.1093,-0.39%,0.0103,1.1233,1.1065,1.33649,0.00539999999999985,1.109
27-08-2019,1.109,1.1103,1.1116,1.1085,-0.09%,0.0103,1.1231,1.1065,1.33595,0.00769999999999982,1.1077
28-08-2019,1.1077,1.1091,1.1099,1.1072,-0.12%,0.0103,1.1231,1.1063,1.33518,0.0113000000000003,1.1055
29-08-2019,1.1055,1.1077,1.1092,1.1042,-0.20%,0.0103,1.1229,1.1051,1.33405,0.0137,1.0989
30-08-2019,1.0989,1.1056,1.1062,1.0963,-0.60%,0.0103,1.1192,1.1051,1.33268,0.0114999999999998,1.0966
02-09-2019,1.0966,1.0989,1.1,1.0957,-0.21%,0.0103,1.1166,1.1051,1.33153,0.0150000000000006,1.0972
03-09-2019,1.0972,1.097,1.0979,1.0926,0.05%,0.0103,1.1166,1.1051,1.33003,0.0137,1.1033
04-09-2019,1.1033,1.0974,1.1039,1.0968,0.56%,0.0103,1.1166,1.1042,1.32866,0.0117999999999991,1.1033
05-09-2019,1.1033,1.1037,1.1085,1.1016,0.00%,0.0103,1.1166,1.0963,1.32748,0.00420000000000087,1.1027
06-09-2019,1.1027,1.1034,1.1057,1.102,-0.05%,0.0103,1.1166,1.0957,1.32706,0.00660000000000061,1.1046
09-09-2019,1.1046,1.1024,1.1069,1.1015,0.17%,0.0103,1.1166,1.0926,1.3264,0.00609999999999999,1.1043
10-09-2019,1.1043,1.1047,1.1061,1.103,-0.03%,0.0103,1.1166,1.0926,1.32579,0.00319999999999965,1.1009
11-09-2019,1.1009,1.1044,1.1056,1.0984,-0.31%,0.00990000000000002,1.1166,1.0926,1.32547,0.0100999999999996,1.1061
12-09-2019,1.1061,1.1011,1.1087,1.0927,0.47%,0.00990000000000002,1.1116,1.0926,1.32446,0.00919999999999988,1.1073
13-09-2019,1.1073,1.1063,1.111,1.1055,0.11%,0.016,1.1099,1.0926,1.32354,0.00280000000000058,1.1
16-09-2019,1.1,1.1087,1.1093,1.0993,-0.66%,0.016,1.111,1.0926,1.32326,-0.000999999999999446,1.1071
17-09-2019,1.1071,1.1,1.1076,1.099,0.65%,0.016,1.111,1.0926,1.32336,0.00559999999999938,1.1029
18-09-2019,1.1029,1.1073,1.1077,1.1013,-0.38%,0.016,1.111,1.0926,1.3228,-0.00839999999999996,1.104
19-09-2019,1.104,1.103,1.1075,1.1022,0.10%,0.016,1.111,1.0926,1.32364,-0.00600000000000023,1.1017
20-09-2019,1.1017,1.1042,1.1069,1.0996,-0.21%,0.016,1.111,1.0927,1.32424,-0.00680000000000014,1.0991
23-09-2019,1.0991,1.1016,1.1027,1.0965,-0.24%,0.016,1.111,1.0927,1.32492,0.00210000000000044,1.1018
24-09-2019,1.1018,1.0994,1.1025,1.0983,0.25%,0.016,1.111,1.0927,1.32471,0.00399999999999956,1.0941
25-09-2019,1.0941,1.102,1.1025,1.0937,-0.70%,0.016,1.111,1.0927,1.32431,0.000400000000000844,1.0921
26-09-2019,1.0921,1.0942,1.0969,1.0908,-0.18%,0.016,1.111,1.0927,1.32427,0.0104999999999986,1.0938
27-09-2019,1.0938,1.0921,1.096,1.0905,0.16%,0.016,1.111,1.0927,1.32322,0.0122999999999998,1.0898
30-09-2019,1.0898,1.094,1.0948,1.0884,-0.37%,0.016,1.111,1.0927,1.32199,0.00710000000000122,1.093
01-10-2019,1.093,1.09,1.0943,1.0878,0.29%,0.01,1.111,1.0937,1.32128,0.0162999999999993,1.0958
02-10-2019,1.0958,1.0933,1.0964,1.0904,0.26%,0.01,1.1093,1.0908,1.31965,0.0153999999999996,1.0964
03-10-2019,1.0964,1.0959,1.1,1.0941,0.05%,0.00880000000000014,1.1077,1.0905,1.31811,0.0041000000000011,1.0976
04-10-2019,1.0976,1.0963,1.0999,1.0956,0.11%,0.00880000000000014,1.1077,1.0884,1.3177,0.0109999999999992,1.097
07-10-2019,1.097,1.0976,1.1001,1.0962,-0.05%,0.00880000000000014,1.1075,1.0878,1.3166,0.00539999999999985,1.0954
08-10-2019,1.0954,1.0971,1.0997,1.0941,-0.15%,0.00880000000000014,1.1069,1.0878,1.31606,0.00709999999999944,1.0969
09-10-2019,1.0969,1.0956,1.0991,1.0951,0.14%,0.00880000000000014,1.1027,1.0878,1.31535,0.00600000000000023,1.1004
10-10-2019,1.1004,1.0971,1.1035,1.097,0.32%,0.00880000000000014,1.1025,1.0878,1.31475,0.00229999999999997,1.104
11-10-2019,1.104,1.1006,1.1063,1.1,0.33%,0.00880000000000014,1.1035,1.0878,1.31452,0.00140000000000029,1.1028
14-10-2019,1.1028,1.1044,1.105,1.1013,-0.11%,0.00649999999999995,1.1063,1.0878,1.31438,-0.0101999999999993,1.1031
15-10-2019,1.1031,1.1028,1.1047,1.0991,0.03%,0.00649999999999995,1.1063,1.0878,1.3154,-0.0106999999999999,1.107
16-10-2019,1.107,1.1033,1.1086,1.1021,0.35%,0.00649999999999995,1.1063,1.0878,1.31647,-0.00929999999999964,1.1122
17-10-2019,1.1122,1.1072,1.1141,1.1064,0.47%,0.00649999999999995,1.1086,1.0878,1.3174,-0.0172000000000008,1.1169
18-10-2019,1.1169,1.1125,1.1173,1.1114,0.42%,0.00770000000000004,1.1141,1.0904,1.31912,-0.0191999999999997,1.1148
21-10-2019,1.1148,1.1143,1.118,1.1137,-0.19%,0.00770000000000004,1.1173,1.0941,1.32104,-0.0183999999999998,1.1124
22-10-2019,1.1124,1.115,1.1158,1.1118,-0.22%,0.00770000000000004,1.118,1.0941,1.32288,-0.0187000000000008,1.1129
23-10-2019,1.1129,1.1125,1.1141,1.1106,0.04%,0.00770000000000004,1.118,1.0941,1.32475,-0.014899999999999,1.1104
24-10-2019,1.1104,1.1131,1.1164,1.1092,-0.22%,0.00770000000000004,1.118,1.0941,1.32624,-0.016,1.1078
25-10-2019,1.1078,1.1104,1.1123,1.1072,-0.23%,0.00770000000000004,1.118,1.0951,1.32784,-0.014800000000001,1.1098
28-10-2019,1.1098,1.1082,1.1108,1.1076,0.18%,0.00770000000000004,1.118,1.097,1.32932,-0.011099999999999,1.111
29-10-2019,1.111,1.1099,1.112,1.1073,0.11%,0.00770000000000004,1.118,1.0991,1.33043,-0.00930000000000142,1.1148
30-10-2019,1.1148,1.1112,1.1152,1.1079,0.34%,0.00770000000000004,1.118,1.0991,1.33136,-0.00679999999999836,1.115
31-10-2019,1.115,1.1151,1.1176,1.113,0.02%,0.00770000000000004,1.118,1.0991,1.33204,-0.0123000000000015,1.1165
01-11-2019,1.1165,1.1152,1.1172,1.1128,0.13%,0.00770000000000004,1.118,1.1021,1.33327,-0.0118999999999989,1.1126
04-11-2019,1.1126,1.1165,1.1176,1.1124,-0.35%,0.00770000000000004,1.118,1.1064,1.33446,-0.00929999999999964,1.1074
05-11-2019,1.1074,1.1128,1.1141,1.1063,-0.47%,0.00729999999999986,1.118,1.1072,1.33539,-0.000300000000001077,1.1065
06-11-2019,1.1065,1.1075,1.1094,1.1064,-0.08%,0.00780000000000003,1.118,1.1072,1.33542,0.00680000000000014,1.1049
07-11-2019,1.1049,1.1066,1.1092,1.1035,-0.14%,0.00780000000000003,1.1176,1.1072,1.33474,0.00839999999999996,1.1016
08-11-2019,1.1016,1.105,1.1056,1.1016,-0.30%,0.00780000000000003,1.1176,1.1072,1.3339,0.00750000000000028,1.1032
11-11-2019,1.1032,1.1022,1.1044,1.1016,0.15%,0.00780000000000003,1.1176,1.1063,1.33315,0.0108999999999995,1.1007
12-11-2019,1.1007,1.1033,1.104,1.1002,-0.23%,0.00780000000000003,1.1176,1.1063,1.33206,0.00710000000000122,1.1006
13-11-2019,1.1006,1.101,1.1021,1.0994,-0.01%,0.00780000000000003,1.1176,1.1035,1.33135,0.00719999999999921,1.1021
14-11-2019,1.1021,1.1006,1.1028,1.0989,0.14%,0.00780000000000003,1.1176,1.1016,1.33063,0.00929999999999964,1.105
15-11-2019,1.105,1.1021,1.1058,1.1014,0.26%,0.00780000000000003,1.1176,1.1016,1.3297,0.00910000000000011,1.107
18-11-2019,1.107,1.1052,1.1091,1.1048,0.18%,0.00780000000000003,1.1176,1.1002,1.32879,0.00990000000000002,1.1078
19-11-2019,1.1078,1.1072,1.1085,1.1062,0.07%,0.00780000000000003,1.1176,1.0994,1.3278,0.0080000000000009,1.1072
20-11-2019,1.1072,1.1078,1.1083,1.1053,-0.05%,0.00780000000000003,1.1176,1.0989,1.327,0.00869999999999926,1.1057
21-11-2019,1.1057,1.1074,1.1098,1.1051,-0.14%,0.00780000000000003,1.1141,1.0989,1.32613,0.00539999999999985,1.1022
22-11-2019,1.1022,1.1058,1.1086,1.1014,-0.32%,0.00570000000000004,1.1098,1.0989,1.32559,0.00170000000000137,1.1013
25-11-2019,1.1013,1.1024,1.1033,1.1004,-0.08%,0.0072000000000001,1.1098,1.0989,1.32542,0.00419999999999909,1.1018
26-11-2019,1.1018,1.1014,1.1027,1.1006,0.05%,0.0072000000000001,1.1098,1.0989,1.325,0.00360000000000049,1.0998
27-11-2019,1.0998,1.102,1.1026,1.0991,-0.18%,0.0072000000000001,1.1098,1.0989,1.32464,0.000199999999999534,1.1007
28-11-2019,1.1007,1.0999,1.1019,1.0999,0.08%,0.0072000000000001,1.1098,1.0989,1.32462,0.00340000000000096,1.1015
29-11-2019,1.1015,1.1008,1.1029,1.098,0.07%,0.0072000000000001,1.1098,1.0989,1.32428,0.000199999999999534,1.1077
02-12-2019,1.1077,1.1014,1.109,1.1003,0.56%,0.0072000000000001,1.1098,1.0989,1.32426,-0.000799999999999912,1.1081
03-12-2019,1.1081,1.1078,1.1094,1.1065,0.04%,0.00869999999999993,1.1098,1.0991,1.32434,-0.00570000000000093,1.1076
04-12-2019,1.1076,1.1082,1.1116,1.1066,-0.05%,0.00869999999999993,1.1098,1.0991,1.32491,-0.00300000000000011,1.1102
05-12-2019,1.1102,1.1079,1.1109,1.1077,0.23%,0.00869999999999993,1.1116,1.098,1.32521,-0.000700000000000145,1.1057
06-12-2019,1.1057,1.1105,1.1111,1.104,-0.41%,0.00869999999999993,1.1116,1.098,1.32528,-0.00269999999999904,1.1062
09-12-2019,1.1062,1.1055,1.1079,1.1052,0.05%,0.00869999999999993,1.1116,1.098,1.32555,0.00189999999999912,1.1092
10-12-2019,1.1092,1.1063,1.1099,1.1062,0.27%,0.00869999999999993,1.1116,1.098,1.32536,-0.000500000000000611,1.1128
11-12-2019,1.1128,1.1092,1.1145,1.107,0.32%,0.00869999999999993,1.1116,1.098,1.32541,-0.00679999999999836,1.1128
12-12-2019,1.1128,1.113,1.1155,1.1102,0.00%,0.00869999999999993,1.1145,1.098,1.32609,-0.0116000000000014,1.1119
13-12-2019,1.1119,1.1129,1.12,1.1111,-0.08%,0.00869999999999993,1.1155,1.098,1.32725,-0.0108999999999995,1.1142
16-12-2019,1.1142,1.1122,1.1159,1.1122,0.21%,0.00890000000000013,1.12,1.098,1.32834,-0.0122999999999998,1.1149
17-12-2019,1.1149,1.1143,1.1176,1.1128,0.06%,0.00890000000000013,1.12,1.098,1.32957,-0.0135000000000005,1.1111
18-12-2019,1.1111,1.115,1.1156,1.111,-0.34%,0.00890000000000013,1.12,1.1003,1.33092,-0.0136000000000003,1.112
19-12-2019,1.112,1.1113,1.1145,1.1107,0.08%,0.00890000000000013,1.12,1.104,1.33228,-0.00349999999999895,1.1078
20-12-2019,1.1078,1.1122,1.1127,1.1065,-0.38%,0.00890000000000013,1.12,1.104,1.33263,-0.00400000000000134,1.1086
23-12-2019,1.1086,1.1081,1.1097,1.1069,0.07%,0.00890000000000013,1.12,1.104,1.33303,-0.000199999999999534,1.1087
24-12-2019,1.1087,1.1089,1.1095,1.1069,0.01%,0.00890000000000013,1.12,1.104,1.33305,0.00159999999999982,1.109
25-12-2019,1.109,1.1089,1.1107,1.1073,0.03%,0.00890000000000013,1.12,1.1052,1.33289,-0.00339999999999918,1.1096
26-12-2019,1.1096,1.1091,1.111,1.1082,0.05%,0.00890000000000013,1.12,1.1062,1.33323,-0.00280000000000058,1.1175
27-12-2019,1.1175,1.1097,1.1188,1.1095,0.71%,0.00890000000000013,1.12,1.1065,1.33351,-0.000499999999998835,1.1197
30-12-2019,1.1197,1.1175,1.1223,1.117,0.20%,0.00930000000000009,1.12,1.1065,1.33356,-0.00450000000000017,1.121
31-12-2019,1.121,1.1198,1.124,1.1198,0.12%,0.00930000000000009,1.1223,1.1065,1.33401,-0.00689999999999991,1.121
01-01-2020,1.121,1.1213,1.1223,1.1205,0.00%,0.00930000000000009,1.124,1.1065,1.3347,-0.00910000000000011,1.117
02-01-2020,1.117,1.1212,1.1227,1.1163,-0.36%,0.00930000000000009,1.124,1.1065,1.33561,-0.00689999999999991,1.1158
03-01-2020,1.1158,1.1172,1.1181,1.1125,-0.11%,0.00930000000000009,1.124,1.1065,1.3363,-0.0022000000000002,1.1193
06-01-2020,1.1193,1.1168,1.1207,1.1155,0.31%,0.00930000000000009,1.124,1.1065,1.33652,-0.00549999999999962,1.1151
07-01-2020,1.1151,1.1198,1.1198,1.1133,-0.38%,0.00930000000000009,1.124,1.1065,1.33707,-0.00760000000000005,1.1103
08-01-2020,1.1103,1.1154,1.1169,1.1101,-0.43%,0.00930000000000009,1.124,1.1069,1.33783,-0.00730000000000075,1.1105
09-01-2020,1.1105,1.1106,1.1121,1.1092,0.02%,0.00930000000000009,1.124,1.1069,1.33856,-0.00169999999999959,1.112
10-01-2020,1.112,1.1106,1.113,1.1085,0.14%,0.00930000000000009,1.124,1.1073,1.33873,-0.00169999999999959,1.1133
13-01-2020,1.1133,1.1125,1.1148,1.1112,0.12%,0.00930000000000009,1.124,1.1082,1.3389,-0.00340000000000096,1.1127
14-01-2020,1.1127,1.1135,1.1145,1.1104,-0.05%,0.00930000000000009,1.124,1.1095,1.33924,-0.00380000000000003,1.1149
15-01-2020,1.1149,1.113,1.1164,1.1118,0.20%,0.00679999999999992,1.124,1.1092,1.33962,0.00450000000000017,1.1135
16-01-2020,1.1135,1.1151,1.1173,1.1128,-0.13%,0.00679999999999992,1.124,1.1085,1.33917,0.0046999999999997,1.1088
17-01-2020,1.1088,1.1136,1.1143,1.1085,-0.42%,0.00679999999999992,1.1227,1.1085,1.3387,0.00769999999999982,1.1094
20-01-2020,1.1094,1.1092,1.1104,1.1076,0.05%,0.00679999999999992,1.1227,1.1085,1.33793,0.0120000000000005,1.1082
21-01-2020,1.1082,1.1095,1.1119,1.108,-0.11%,0.00679999999999992,1.1207,1.1085,1.33673,0.00769999999999982,1.1091
22-01-2020,1.1091,1.1084,1.1099,1.107,0.08%,0.00679999999999992,1.1207,1.1085,1.33596,0.00839999999999996,1.1052
23-01-2020,1.1052,1.1092,1.1109,1.1036,-0.35%,0.00679999999999992,1.1198,1.1085,1.33512,0.0106000000000002,1.1023
24-01-2020,1.1023,1.1055,1.1063,1.102,-0.26%,0.00730000000000008,1.1173,1.1076,1.33406,0.00990000000000002,1.1016
27-01-2020,1.1016,1.1021,1.1039,1.1009,-0.06%,0.00730000000000008,1.1173,1.1076,1.33307,0.00849999999999973,1.102
28-01-2020,1.102,1.1019,1.1026,1.0998,0.04%,0.00730000000000008,1.1173,1.107,1.33222,0.00870000000000104,1.1009
29-01-2020,1.1009,1.1022,1.1028,1.0991,-0.10%,0.00730000000000008,1.1173,1.1036,1.33135,0.0102999999999991,1.103
30-01-2020,1.103,1.101,1.104,1.1006,0.19%,0.00730000000000008,1.1173,1.102,1.33032,0.0125000000000011,1.1093
31-01-2020,1.1093,1.1032,1.1097,1.1016,0.57%,0.00730000000000008,1.1173,1.1009,1.32907,0.00980000000000025,1.1058
03-02-2020,1.1058,1.1092,1.1096,1.1035,-0.32%,0.0081,1.1173,1.0998,1.32809,0.00589999999999868,1.1042
04-02-2020,1.1042,1.1059,1.1065,1.1033,-0.14%,0.0081,1.1143,1.0991,1.3275,0.00769999999999982,1.0997
05-02-2020,1.0997,1.1044,1.1049,1.0993,-0.41%,0.0081,1.1119,1.0991,1.32673,0.00480000000000125,1.098
06-02-2020,1.098,1.0999,1.1014,1.0964,-0.15%,0.0081,1.1119,1.0991,1.32625,0.00959999999999894,1.0943
07-02-2020,1.0943,1.0983,1.0986,1.0941,-0.34%,0.0081,1.1109,1.0991,1.32529,0.0100999999999996,1.0909
10-02-2020,1.0909,1.0951,1.0958,1.0907,-0.31%,0.0081,1.1109,1.0991,1.32428,0.0141000000000009,1.0914
11-02-2020,1.0914,1.0911,1.0926,1.0891,0.05%,0.0081,1.1097,1.0991,1.32287,0.0144000000000002,1.0871
12-02-2020,1.0871,1.0916,1.0927,1.0864,-0.39%,0.0081,1.1097,1.0964,1.32143,0.0104999999999986,1.084
13-02-2020,1.084,1.0874,1.089,1.0833,-0.29%,0.0081,1.1097,1.0941,1.32038,0.0145000000000017,1.083
14-02-2020,1.083,1.0841,1.0862,1.0827,-0.09%,0.0081,1.1097,1.0907,1.31893,0.0180999999999987,1.0834
17-02-2020,1.0834,1.0832,1.0852,1.0821,0.04%,0.0081,1.1097,1.0891,1.31712,0.0178000000000011,1.0791
18-02-2020,1.0791,1.0838,1.0839,1.0785,-0.40%,0.0081,1.1097,1.0864,1.31534,0.0193999999999992,1.0804
19-02-2020,1.0804,1.0791,1.0812,1.0782,0.12%,0.00629999999999997,1.1096,1.0833,1.3134,0.0301000000000009,1.0783
20-02-2020,1.0783,1.0806,1.0821,1.0776,-0.19%,0.00629999999999997,1.1065,1.0827,1.31039,0.0252999999999997,1.0843
21-02-2020,1.0843,1.0785,1.0864,1.0783,0.56%,0.00629999999999997,1.1049,1.0821,1.30786,0.0259,1.0852
24-02-2020,1.0852,1.0841,1.0872,1.0805,0.08%,0.0081,1.1014,1.0785,1.30527,0.0158000000000005,1.0879
25-02-2020,1.0879,1.0854,1.0891,1.0829,0.25%,0.0081,1.0986,1.0782,1.30369,0.0129000000000001,1.0879
26-02-2020,1.0879,1.0881,1.091,1.0855,0.00%,0.0081,1.0958,1.0776,1.3024,0.00699999999999967,1.0998
27-02-2020,1.0998,1.0881,1.1006,1.0878,1.09%,0.0081,1.0927,1.0776,1.3017,0.00300000000000011,1.1025
28-02-2020,1.1025,1.1001,1.1054,1.095,0.25%,0.0127999999999999,1.1006,1.0776,1.3014,-0.00850000000000151,1.1132
02-03-2020,1.1132,1.1003,1.1186,1.1003,0.97%,0.0127999999999999,1.1054,1.0776,1.30225,-0.0129000000000001,1.1171
03-03-2020,1.1171,1.1133,1.1214,1.1095,0.35%,0.0183,1.1186,1.0776,1.30354,-0.0291999999999995,1.1134
04-03-2020,1.1134,1.1172,1.1187,1.1094,-0.33%,0.0183,1.1214,1.0776,1.30646,-0.0340000000000007,1.1239
05-03-2020,1.1239,1.1136,1.1245,1.1119,0.94%,0.0183,1.1214,1.0776,1.30986,-0.0297999999999981,1.1285
06-03-2020,1.1285,1.1238,1.1356,1.1212,0.41%,0.0183,1.1245,1.0776,1.31284,-0.0447000000000006,1.1447
09-03-2020,1.1447,1.1292,1.1494,1.1284,1.44%,0.0183,1.1356,1.0776,1.31731,-0.0486000000000004,1.1279
10-03-2020,1.1279,1.1446,1.1459,1.1274,-1.47%,0.0209999999999999,1.1494,1.0783,1.32217,-0.0661000000000005,1.1267
11-03-2020,1.1267,1.128,1.1367,1.1257,-0.11%,0.0209999999999999,1.1494,1.0805,1.32878,-0.0438999999999989,1.1183
12-03-2020,1.1183,1.1269,1.1334,1.1055,-0.75%,0.0209999999999999,1.1494,1.0829,1.33317,-0.041500000000001,1.1105
13-03-2020,1.1105,1.1185,1.1222,1.1054,-0.70%,0.0279,1.1494,1.0855,1.33732,-0.0304000000000002,1.1181
16-03-2020,1.1181,1.1085,1.1237,1.1046,0.68%,0.0279,1.1494,1.0878,1.34036,-0.0203999999999986,1.0996
17-03-2020,1.0996,1.1183,1.119,1.0955,-1.65%,0.0279,1.1494,1.095,1.3424,-0.0182000000000002,1.0913
18-03-2020,1.0913,1.0997,1.1046,1.0802,-0.75%,0.0279,1.1494,1.1003,1.34422,0.000600000000000378,1.069
19-03-2020,1.069,1.0915,1.0982,1.0654,-2.04%,0.0279,1.1494,1.1054,1.34416,0.0217999999999989,1.0694
20-03-2020,1.0694,1.0691,1.0832,1.0637,0.04%,0.0328000000000002,1.1494,1.1046,1.34198,0.0480999999999998,1.0721
23-03-2020,1.0721,1.0696,1.0828,1.0637,0.25%,0.0328000000000002,1.1494,1.0955,1.33717,0.0440000000000005,1.0787
24-03-2020,1.0787,1.0726,1.0889,1.0722,0.62%,0.0328000000000002,1.1494,1.0802,1.33277,0.0511999999999997,1.088
25-03-2020,1.088,1.0789,1.0895,1.0761,0.86%,0.0328000000000002,1.1494,1.0654,1.32765,0.0503,1.1028
26-03-2020,1.1028,1.0881,1.1059,1.0869,1.36%,0.0328000000000002,1.1459,1.0637,1.32262,0.0564999999999998,1.114
27-03-2020,1.114,1.103,1.1148,1.0953,1.02%,0.0328000000000002,1.1367,1.0637,1.31697,0.0250000000000004,1.1046
30-03-2020,1.1046,1.1136,1.1145,1.101,-0.84%,0.0328000000000002,1.1334,1.0637,1.31447,0.013300000000001,1.1029
31-03-2020,1.1029,1.1049,1.1056,1.0926,-0.15%,0.0328000000000002,1.1237,1.0637,1.31314,0.0136000000000003,1.0962
01-04-2020,1.0962,1.1031,1.104,1.0903,-0.61%,0.0328000000000002,1.1237,1.0637,1.31178,0.00539999999999985,1.0856
02-04-2020,1.0856,1.0964,1.097,1.082,-0.97%,0.0328000000000002,1.119,1.0637,1.31124,0.0218999999999987,1.0808
03-04-2020,1.0808,1.0858,1.0865,1.0773,-0.44%,0.0328000000000002,1.1148,1.0637,1.30905,0.0139000000000014,1.0791
06-04-2020,1.0791,1.0813,1.0835,1.0768,-0.16%,0.0328000000000002,1.1148,1.0637,1.30766,0.0101999999999993,1.0889
07-04-2020,1.0889,1.0793,1.0926,1.0783,0.91%,0.0195000000000001,1.1148,1.0637,1.30664,-0.0101999999999993,1.0856
08-04-2020,1.0856,1.0891,1.0904,1.0829,-0.30%,0.0195000000000001,1.1148,1.0637,1.30766,-0.0195000000000007,1.0927
09-04-2020,1.0927,1.0857,1.0953,1.0841,0.65%,0.0195000000000001,1.1148,1.0722,1.30961,-0.0130999999999997,1.0935
10-04-2020,1.0935,1.093,1.0953,1.0919,0.07%,0.0195000000000001,1.1148,1.0761,1.31092,-0.0141000000000009,1.0913
13-04-2020,1.0913,1.0941,1.0969,1.0892,-0.20%,0.0195000000000001,1.1148,1.0768,1.31233,-0.00600000000000023,1.0979
14-04-2020,1.0979,1.0914,1.0988,1.0904,0.60%,0.0195000000000001,1.1148,1.0768,1.31293,0.0116000000000014,1.0907
15-04-2020,1.0907,1.098,1.0991,1.0856,-0.66%,0.0149999999999999,1.1145,1.0768,1.31177,0.0155999999999992,1.0835
16-04-2020,1.0835,1.0911,1.0913,1.0817,-0.66%,0.0149999999999999,1.1056,1.0768,1.31021,0.0137999999999998,1.0876
17-04-2020,1.0876,1.0835,1.0893,1.0812,0.38%,0.0149999999999999,1.104,1.0768,1.30883,0.0196000000000005,1.0862
20-04-2020,1.0862,1.0875,1.0898,1.0841,-0.13%,0.0149999999999999,1.0991,1.0768,1.30687,0.00890000000000057,1.0856
21-04-2020,1.0856,1.0862,1.0882,1.0816,-0.06%,0.0143,1.0991,1.0768,1.30598,-0.000400000000000844,1.0822
22-04-2020,1.0822,1.0857,1.0886,1.0802,-0.31%,0.0143,1.0991,1.0768,1.30602,-0.0044000000000004,1.0776
23-04-2020,1.0776,1.0824,1.0848,1.0755,-0.43%,0.0143,1.0991,1.0783,1.30646,-0.00309999999999988,1.082
24-04-2020,1.082,1.0778,1.0831,1.0726,0.41%,0.0135000000000001,1.0991,1.0812,1.30677,0.0113000000000003,1.0828
27-04-2020,1.0828,1.0809,1.0862,1.0808,0.07%,0.0135000000000001,1.0991,1.0812,1.30564,0.00479999999999947,1.0818
28-04-2020,1.0818,1.0829,1.089,1.081,-0.09%,0.0135000000000001,1.0991,1.0802,1.30516,0.0101000000000013,1.0873
29-04-2020,1.0873,1.0819,1.0886,1.0818,0.51%,0.0135000000000001,1.0991,1.0755,1.30415,0.0122,1.0955
30-04-2020,1.0955,1.0872,1.0973,1.0833,0.75%,0.0135000000000001,1.0991,1.0726,1.30293,0.00419999999999909,1.0983
01-05-2020,1.0983,1.0956,1.1019,1.0934,0.26%,0.014,1.0991,1.0726,1.30251,0.00239999999999974,1.0906
04-05-2020,1.0906,1.098,1.098,1.0895,-0.70%,0.014,1.1019,1.0726,1.30227,-0.00689999999999991,1.0838
05-05-2020,1.0838,1.0907,1.0927,1.0826,-0.62%,0.014,1.1019,1.0726,1.30296,-0.00719999999999921,1.0794
06-05-2020,1.0794,1.0836,1.0848,1.0782,-0.41%,0.014,1.1019,1.0726,1.30368,0.00389999999999979,1.0832
07-05-2020,1.0832,1.0795,1.0835,1.0766,0.35%,0.014,1.1019,1.0726,1.30329,0.00670000000000037,1.084
08-05-2020,1.084,1.0833,1.0876,1.0814,0.07%,0.014,1.1019,1.0726,1.30262,0.00239999999999974,1.0806
11-05-2020,1.0806,1.0838,1.0851,1.08,-0.31%,0.014,1.1019,1.0726,1.30238,-0.00140000000000029,1.0846
12-05-2020,1.0846,1.0807,1.0885,1.0784,0.37%,0.014,1.1019,1.0726,1.30252,-0.00290000000000035,1.0816
13-05-2020,1.0816,1.0848,1.0897,1.0811,-0.28%,0.014,1.1019,1.0766,1.30281,-0.00389999999999979,1.0804
14-05-2020,1.0804,1.0819,1.0826,1.0775,-0.11%,0.014,1.1019,1.0766,1.3032,0.000999999999999446,1.0815
15-05-2020,1.0815,1.0805,1.0851,1.0789,0.10%,0.014,1.1019,1.0766,1.3031,0.00140000000000029,1.0912
18-05-2020,1.0912,1.0816,1.0927,1.0799,0.90%,0.014,1.1019,1.0766,1.30296,0.00560000000000116,1.0921
19-05-2020,1.0921,1.0913,1.0977,1.0901,0.08%,0.0127999999999999,1.1019,1.0766,1.3024,0.00429999999999886,1.0977
20-05-2020,1.0977,1.0928,1.1,1.0918,0.51%,0.0127999999999999,1.098,1.0766,1.30197,0.00520000000000032,1.0949
21-05-2020,1.0949,1.0979,1.101,1.0936,-0.26%,0.0127999999999999,1.1,1.0766,1.30145,-0.00719999999999921,1.09
22-05-2020,1.09,1.0949,1.0961,1.0885,-0.45%,0.0127999999999999,1.101,1.0766,1.30217,-0.0113000000000003,1.0899
25-05-2020,1.0899,1.0903,1.0915,1.087,-0.01%,0.0127999999999999,1.101,1.0766,1.3033,-0.0108000000000015,1.098
26-05-2020,1.098,1.0899,1.0997,1.0891,0.74%,0.0127999999999999,1.101,1.0775,1.30438,-0.00659999999999883,1.1003
27-05-2020,1.1003,1.0983,1.1032,1.0934,0.21%,0.0127999999999999,1.101,1.0775,1.30504,-0.0145,1.1076
28-05-2020,1.1076,1.1005,1.1094,1.0991,0.66%,0.0127999999999999,1.1032,1.0775,1.30649,-0.0198,1.1098
29-05-2020,1.1098,1.1078,1.1146,1.107,0.20%,0.0127999999999999,1.1094,1.0775,1.30847,-0.0229999999999997,1.1134
01-06-2020,1.1134,1.1097,1.1155,1.1095,0.32%,0.0127999999999999,1.1146,1.0775,1.31077,-0.0278000000000009,1.1169
02-06-2020,1.1169,1.1137,1.1197,1.1114,0.31%,0.0127999999999999,1.1155,1.0789,1.31355,-0.033199999999999,1.1232
03-06-2020,1.1232,1.1172,1.1257,1.1166,0.56%,0.0127999999999999,1.1197,1.0799,1.31687,-0.0356000000000005,1.1336
04-06-2020,1.1336,1.1234,1.1363,1.1194,0.93%,0.0105999999999999,1.1257,1.087,1.32043,-0.0320999999999998,1.1284
05-06-2020,1.1284,1.1337,1.1385,1.1278,-0.46%,0.0169000000000001,1.1363,1.087,1.32364,-0.0409000000000006,1.1292
08-06-2020,1.1292,1.1289,1.1321,1.1267,0.07%,0.0169000000000001,1.1385,1.087,1.32773,-0.0309999999999988,1.134
09-06-2020,1.134,1.1297,1.1365,1.1241,0.43%,0.0169000000000001,1.1385,1.087,1.33083,-0.0348000000000006,1.1369
10-06-2020,1.1369,1.134,1.1423,1.1322,0.26%,0.0169000000000001,1.1385,1.087,1.33431,-0.0436999999999994,1.1297
11-06-2020,1.1297,1.1373,1.1404,1.1287,-0.63%,0.0169000000000001,1.1423,1.0891,1.33868,-0.0473999999999997,1.1254
12-06-2020,1.1254,1.1299,1.1341,1.1212,-0.38%,0.0169000000000001,1.1423,1.0934,1.34342,-0.031600000000001,1.1322
15-06-2020,1.1322,1.1245,1.1334,1.1226,0.60%,0.0169000000000001,1.1423,1.0991,1.34658,-0.0239999999999991,1.1263
16-06-2020,1.1263,1.1325,1.1353,1.1228,-0.52%,0.0169000000000001,1.1423,1.107,1.34898,-0.0247000000000011,1.1243
17-06-2020,1.1243,1.1264,1.1295,1.1207,-0.18%,0.0169000000000001,1.1423,1.1095,1.35145,-0.0167000000000002,1.1202
18-06-2020,1.1202,1.1244,1.1264,1.1185,-0.36%,0.0169000000000001,1.1423,1.1114,1.35312,-0.0106999999999999,1.1175
19-06-2020,1.1175,1.1205,1.1255,1.1168,-0.24%,0.0169000000000001,1.1423,1.1166,1.35419,-0.00329999999999941,1.1258
22-06-2020,1.1258,1.1185,1.1271,1.1168,0.74%,0.0169000000000001,1.1423,1.1194,1.35452,0.00489999999999924,1.1306
23-06-2020,1.1306,1.1259,1.135,1.1233,0.43%,0.0129000000000001,1.1423,1.1207,1.35403,0.00779999999999959,1.125
24-06-2020,1.125,1.1308,1.1327,1.1248,-0.50%,0.0129000000000001,1.1423,1.1185,1.35325,-0.00189999999999912,1.1217
25-06-2020,1.1217,1.1251,1.1261,1.119,-0.29%,0.0129000000000001,1.1423,1.1168,1.35344,0.00459999999999994,1.1217
26-06-2020,1.1217,1.1218,1.1241,1.1194,0.00%,0.0129000000000001,1.1423,1.1168,1.35298,0.0122,1.124
29-06-2020,1.124,1.1227,1.1289,1.1216,0.21%,0.0129000000000001,1.1404,1.1168,1.35176,0.0145999999999997,1.1231
30-06-2020,1.1231,1.1242,1.1263,1.1191,-0.08%,0.0129000000000001,1.1353,1.1168,1.3503,0.00569999999999915,1.125
01-07-2020,1.125,1.1233,1.1276,1.1185,0.17%,0.0125,1.1353,1.1168,1.34973,0.00120000000000076,1.1238
02-07-2020,1.1238,1.1252,1.1303,1.1222,-0.11%,0.0125,1.1353,1.1168,1.34961,0.00730000000000075,1.1248
03-07-2020,1.1248,1.1239,1.1254,1.1219,0.09%,0.0117,1.135,1.1168,1.34888,0.0024999999999995,1.1308
06-07-2020,1.1308,1.1242,1.1346,1.124,0.53%,0.0117,1.135,1.1168,1.34863,0.000199999999999534,1.127
07-07-2020,1.127,1.1308,1.1334,1.1258,-0.34%,0.0117,1.135,1.1168,1.34861,-0.0102999999999991,1.1329
08-07-2020,1.1329,1.1273,1.1352,1.1262,0.52%,0.0117,1.135,1.1168,1.34964,-0.00880000000000081,1.1281
09-07-2020,1.1281,1.1329,1.1372,1.1279,-0.42%,0.0117,1.1352,1.1185,1.35052,-0.00699999999999967,1.1298
10-07-2020,1.1298,1.1285,1.1326,1.1255,0.15%,0.0105999999999999,1.1372,1.1185,1.35122,0.00229999999999997,1.134
13-07-2020,1.134,1.13,1.1375,1.1297,0.37%,0.0105999999999999,1.1372,1.1185,1.35099,-0.00489999999999924,1.1396
14-07-2020,1.1396,1.1343,1.1409,1.1324,0.49%,0.0105999999999999,1.1375,1.1185,1.35148,-0.0125000000000011,1.141
15-07-2020,1.141,1.14,1.1452,1.1391,0.12%,0.0105999999999999,1.1409,1.1185,1.35273,-0.0172999999999988,1.1383
16-07-2020,1.1383,1.1411,1.1443,1.137,-0.24%,0.0105999999999999,1.1452,1.1185,1.35446,-0.0169000000000015,1.1426
17-07-2020,1.1426,1.1384,1.1444,1.1377,0.38%,0.0105999999999999,1.1452,1.1185,1.35615,-0.0150999999999986,1.1444
20-07-2020,1.1444,1.141,1.1468,1.1401,0.16%,0.0105999999999999,1.1452,1.1219,1.35766,-0.0158000000000005,1.1526
21-07-2020,1.1526,1.1447,1.154,1.1422,0.72%,0.0105999999999999,1.1468,1.1219,1.35924,-0.0208000000000013,1.1568
22-07-2020,1.1568,1.1528,1.1602,1.1507,0.36%,0.0117999999999998,1.154,1.124,1.36132,-0.0285999999999991,1.1594
23-07-2020,1.1594,1.1575,1.1628,1.1539,0.22%,0.0117999999999998,1.1602,1.1255,1.36418,-0.0266999999999999,1.1654
24-07-2020,1.1654,1.1597,1.1659,1.158,0.52%,0.0117999999999998,1.1628,1.1255,1.36685,-0.0324000000000009,1.1751
27-07-2020,1.1751,1.1646,1.1782,1.1637,0.83%,0.0117999999999998,1.1659,1.1255,1.37009,-0.031699999999999,1.1714
28-07-2020,1.1714,1.1753,1.1774,1.1698,-0.31%,0.0145,1.1782,1.1255,1.37326,-0.0468000000000011,1.179
29-07-2020,1.179,1.1718,1.1807,1.1714,0.65%,0.0145,1.1782,1.1297,1.37794,-0.0418000000000003,1.1846
30-07-2020,1.1846,1.1788,1.1849,1.1731,0.47%,0.0145,1.1807,1.1324,1.38212,-0.0444999999999993,1.1774
31-07-2020,1.1774,1.1846,1.191,1.176,-0.61%,0.0145,1.1849,1.137,1.38657,-0.0445999999999991,1.1761
03-08-2020,1.1761,1.1783,1.1797,1.1696,-0.11%,0.0150000000000001,1.191,1.137,1.39103,-0.0372000000000003,1.18
04-08-2020,1.18,1.1765,1.1807,1.172,0.33%,0.0150000000000001,1.191,1.1377,1.39475,-0.0381,1.1861
05-08-2020,1.1861,1.1802,1.1906,1.1793,0.52%,0.0150000000000001,1.191,1.1401,1.39856,-0.039200000000001,1.1875
06-08-2020,1.1875,1.1863,1.1917,1.1818,0.12%,0.0150000000000001,1.191,1.1422,1.40248,-0.041599999999999,1.1786
07-08-2020,1.1786,1.1877,1.1884,1.1755,-0.75%,0.0150000000000001,1.1917,1.1507,1.40664,-0.0349000000000004,1.1736
10-08-2020,1.1736,1.1788,1.1803,1.1736,-0.42%,0.0150000000000001,1.1917,1.1539,1.41013,-0.0213000000000001,1.1739
11-08-2020,1.1739,1.1738,1.1808,1.1722,0.03%,0.0150000000000001,1.1917,1.158,1.41226,-0.0140999999999991,1.1782
12-08-2020,1.1782,1.174,1.1816,1.171,0.37%,0.0150000000000001,1.1917,1.1637,1.41367,-0.00940000000000119,1.1812
13-08-2020,1.1812,1.1786,1.1865,1.1781,0.25%,0.0150000000000001,1.1917,1.1696,1.41461,-0.00329999999999941,1.1841
14-08-2020,1.1841,1.1815,1.1852,1.1782,0.25%,0.0150000000000001,1.1917,1.1696,1.41494,-0.00970000000000049,1.1869
17-08-2020,1.1869,1.184,1.1882,1.1829,0.24%,0.0150000000000001,1.1917,1.1696,1.41591,-0.00520000000000032,1.1929
18-08-2020,1.1929,1.187,1.1967,1.1865,0.51%,0.0150000000000001,1.1917,1.1696,1.41643,-0.00239999999999974,1.1836
19-08-2020,1.1836,1.1931,1.1954,1.183,-0.78%,0.0128999999999999,1.1967,1.1696,1.41667,-0.0147999999999993,1.1859
20-08-2020,1.1859,1.1839,1.1869,1.1802,0.19%,0.0128999999999999,1.1967,1.171,1.41815,-0.00740000000000052,1.1795
21-08-2020,1.1795,1.186,1.1883,1.1754,-0.54%,0.0128999999999999,1.1967,1.171,1.41889,-0.00579999999999892,1.1787
24-08-2020,1.1787,1.1787,1.1851,1.1783,-0.07%,0.0128999999999999,1.1967,1.171,1.41947,0.00759999999999828,1.1833
25-08-2020,1.1833,1.1793,1.1845,1.1783,0.39%,0.0128999999999999,1.1967,1.171,1.41871,0.00840000000000174,1.1829
26-08-2020,1.1829,1.1834,1.1841,1.1772,-0.03%,0.0128999999999999,1.1967,1.171,1.41787,-0.00459999999999994,1.1821
27-08-2020,1.1821,1.1831,1.1902,1.1762,-0.07%,0.0128999999999999,1.1967,1.171,1.41833,-0.00930000000000142,1.1903
28-08-2020,1.1903,1.1822,1.192,1.181,0.69%,0.014,1.1967,1.171,1.41926,-0.00820000000000043,1.1936
31-08-2020,1.1936,1.1899,1.1967,1.1883,0.28%,0.014,1.1967,1.1754,1.42008,-0.0112999999999985,1.191
01-09-2020,1.191,1.1936,1.2012,1.1901,-0.22%,0.014,1.1967,1.1754,1.42121,-0.0121000000000002,1.1853
02-09-2020,1.1853,1.1911,1.1931,1.1822,-0.48%,0.014,1.2012,1.1754,1.42242,-0.00710000000000122,1.1849
03-09-2020,1.1849,1.1852,1.1866,1.1789,-0.03%,0.014,1.2012,1.1754,1.42313,0.00180000000000113,1.1838
04-09-2020,1.1838,1.185,1.1866,1.1781,-0.09%,0.014,1.2012,1.1754,1.42295,0.00810000000000066,1.1817
07-09-2020,1.1817,1.1833,1.1849,1.1811,-0.18%,0.014,1.2012,1.1754,1.42214,0.000599999999998602,1.1779
08-09-2020,1.1779,1.1817,1.1829,1.1765,-0.32%,0.014,1.2012,1.1754,1.42208,0.00430000000000064,1.1802
09-09-2020,1.1802,1.1777,1.1834,1.1753,0.20%,0.014,1.2012,1.1762,1.42165,0.000999999999999446,1.1813
10-09-2020,1.1813,1.1801,1.1918,1.18,0.09%,0.014,1.2012,1.1762,1.42155,-0.000799999999999912,1.1845
11-09-2020,1.1845,1.1814,1.1875,1.1812,0.27%,0.014,1.2012,1.1762,1.42163,0.00200000000000067,1.1868
14-09-2020,1.1868,1.184,1.1889,1.183,0.19%,0.014,1.2012,1.1762,1.42143,-0.000899999999999679,1.1845
15-09-2020,1.1845,1.1865,1.1901,1.1839,-0.19%,0.0118,1.2012,1.1753,1.42152,-0.00430000000000064,1.1814
16-09-2020,1.1814,1.185,1.1883,1.1787,-0.26%,0.0118,1.2012,1.1753,1.42195,0.00489999999999924,1.1847
17-09-2020,1.1847,1.1816,1.1854,1.1737,0.28%,0.0118,1.2012,1.1753,1.42146,0.0120000000000005,1.1837
18-09-2020,1.1837,1.1848,1.1871,1.1826,-0.08%,0.0118,1.1931,1.1753,1.42026,0.00629999999999953,1.1769
21-09-2020,1.1769,1.1848,1.1873,1.1731,-0.57%,0.0118,1.1918,1.1753,1.41963,0.000400000000000844,1.1706
22-09-2020,1.1706,1.177,1.1774,1.1691,-0.54%,0.0142,1.1918,1.1753,1.41959,0.00799999999999912,1.1659
23-09-2020,1.1659,1.1708,1.1719,1.1651,-0.40%,0.0142,1.1918,1.1737,1.41879,0.0125000000000011,1.1672
24-09-2020,1.1672,1.166,1.1688,1.1626,0.11%,0.0142,1.1918,1.1737,1.41754,0.0156999999999989,1.163
25-09-2020,1.163,1.1671,1.1686,1.1612,-0.36%,0.0142,1.1918,1.1731,1.41597,0.0106000000000002,1.1664
28-09-2020,1.1664,1.1638,1.1679,1.1615,0.29%,0.0142,1.1918,1.1691,1.41491,0.0163000000000011,1.1742
29-09-2020,1.1742,1.1666,1.1746,1.166,0.67%,0.0142,1.1901,1.1651,1.41328,0.0147999999999993,1.1718
30-09-2020,1.1718,1.1743,1.1756,1.1684,-0.20%,0.0142,1.1901,1.1626,1.4118,0.00970000000000049,1.1747
01-10-2020,1.1747,1.1719,1.177,1.1717,0.25%,0.0142,1.1901,1.1612,1.41083,0.0145999999999997,1.1713
02-10-2020,1.1713,1.1748,1.1751,1.1695,-0.29%,0.0142,1.1883,1.1612,1.40937,0.0101999999999993,1.1781
05-10-2020,1.1781,1.1716,1.1798,1.1707,0.58%,0.0142,1.1873,1.1612,1.40835,0.0100000000000016,1.1734
06-10-2020,1.1734,1.1782,1.1809,1.1731,-0.40%,0.0142,1.1873,1.1612,1.40735,0.00659999999999883,1.176
07-10-2020,1.176,1.1735,1.1783,1.1724,0.22%,0.0142,1.1873,1.1612,1.40669,0.0113000000000003,1.1758
08-10-2020,1.1758,1.1762,1.1782,1.1732,-0.02%,0.00909999999999989,1.1809,1.1612,1.40556,0.000799999999999912,1.1824
09-10-2020,1.1824,1.1759,1.1832,1.1753,0.56%,0.00909999999999989,1.1809,1.1612,1.40548,-0.00509999999999877,1.1813
12-10-2020,1.1813,1.1819,1.1827,1.1786,-0.09%,0.00909999999999989,1.1832,1.1612,1.40599,-0.0159000000000002,1.1744
13-10-2020,1.1744,1.1813,1.1817,1.1731,-0.58%,0.00909999999999989,1.1832,1.1612,1.40758,-0.0142000000000007,1.1746
14-10-2020,1.1746,1.1746,1.1772,1.1719,0.02%,0.00909999999999989,1.1832,1.1615,1.409,-0.0107999999999997,1.1706
15-10-2020,1.1706,1.1747,1.176,1.1688,-0.34%,0.00909999999999989,1.1832,1.166,1.41008,-0.00810000000000066,1.1718
16-10-2020,1.1718,1.1708,1.1746,1.1694,0.10%,0.00909999999999989,1.1832,1.1684,1.41089,0.00350000000000072,1.1766
19-10-2020,1.1766,1.1722,1.1795,1.1703,0.41%,0.00909999999999989,1.1832,1.1695,1.41054,-0.000300000000001077,1.1821
20-10-2020,1.1821,1.1769,1.1841,1.176,0.47%,0.0092000000000001,1.1832,1.1695,1.41057,-0.00209999999999866,1.1861
21-10-2020,1.1861,1.1822,1.1882,1.1821,0.34%,0.0092000000000001,1.1841,1.1688,1.41078,-0.0106000000000002,1.1816
22-10-2020,1.1816,1.1862,1.1868,1.1811,-0.38%,0.0092000000000001,1.1882,1.1688,1.41184,-0.0080000000000009,1.1859
23-10-2020,1.1859,1.1819,1.1866,1.1787,0.36%,0.0092000000000001,1.1882,1.1688,1.41264,-0.00839999999999996,1.1808
26-10-2020,1.1808,1.1858,1.1861,1.1803,-0.43%,0.0092000000000001,1.1882,1.1688,1.41348,-0.00959999999999894,1.1795
27-10-2020,1.1795,1.181,1.1839,1.1793,-0.11%,0.0092000000000001,1.1882,1.1688,1.41444,-0.00510000000000055,1.1744
28-10-2020,1.1744,1.1796,1.1798,1.1717,-0.43%,0.0092000000000001,1.1882,1.1688,1.41495,0.00229999999999997,1.1674
29-10-2020,1.1674,1.1746,1.176,1.165,-0.60%,0.0092000000000001,1.1882,1.1688,1.41472,0.00670000000000037,1.1647
30-10-2020,1.1647,1.1674,1.1705,1.1639,-0.23%,0.0109999999999999,1.1882,1.1688,1.41405,0.00719999999999921,1.164
02-11-2020,1.164,1.1658,1.1658,1.1622,-0.06%,0.0109999999999999,1.1882,1.1688,1.41333,0.00890000000000057,1.1711
03-11-2020,1.1711,1.164,1.174,1.1633,0.61%,0.0109999999999999,1.1882,1.1694,1.41244,0.00680000000000014,1.1722
04-11-2020,1.1722,1.1715,1.177,1.1603,0.09%,0.0109999999999999,1.1882,1.165,1.41176,0.000700000000000145,1.1821
05-11-2020,1.1821,1.1725,1.1861,1.171,0.84%,0.0166999999999999,1.1882,1.1639,1.41169,0.00439999999999863,1.1872
06-11-2020,1.1872,1.1826,1.1891,1.1795,0.43%,0.0166999999999999,1.1882,1.1622,1.41125,-0.000399999999999068,1.1813
09-11-2020,1.1813,1.1882,1.192,1.1795,-0.50%,0.0166999999999999,1.1891,1.1622,1.41129,-0.00200000000000067,1.1814
10-11-2020,1.1814,1.1812,1.1844,1.178,0.01%,0.0166999999999999,1.192,1.1603,1.41149,0.000700000000000145,1.1777
11-11-2020,1.1777,1.181,1.1834,1.1745,-0.31%,0.0166999999999999,1.192,1.1603,1.41142,0.00479999999999947,1.1804
12-11-2020,1.1804,1.1777,1.1824,1.1758,0.23%,0.0166999999999999,1.192,1.1603,1.41094,0.00330000000000119,1.1832
13-11-2020,1.1832,1.1805,1.1838,1.1798,0.24%,0.0166999999999999,1.192,1.1603,1.41061,-0.000899999999999679,1.1853
16-11-2020,1.1853,1.1829,1.1869,1.1813,0.18%,0.0166999999999999,1.192,1.1603,1.4107,-0.0083000000000002,1.1861
17-11-2020,1.1861,1.1852,1.1895,1.1842,0.07%,0.0166999999999999,1.192,1.1603,1.41153,-0.0178000000000011,1.1852
18-11-2020,1.1852,1.1863,1.1892,1.1848,-0.08%,0.0166999999999999,1.192,1.1603,1.41331,-0.0205000000000002,1.1873
19-11-2020,1.1873,1.1853,1.1883,1.1816,0.18%,0.0166999999999999,1.192,1.1603,1.41536,-0.0213000000000001,1.1853
20-11-2020,1.1853,1.1875,1.1891,1.1849,-0.17%,0.0166999999999999,1.192,1.1603,1.41749,-0.016,1.184
23-11-2020,1.184,1.1853,1.1906,1.18,-0.11%,0.0150999999999999,1.192,1.171,1.41909,-0.0127999999999986,1.1888
24-11-2020,1.1888,1.1842,1.1897,1.1837,0.41%,0.0125,1.192,1.1745,1.42037,-0.00159999999999982,1.1913
25-11-2020,1.1913,1.1891,1.1931,1.1882,0.21%,0.0125,1.192,1.1745,1.42053,-0.000900000000001455,1.1913
26-11-2020,1.1913,1.1916,1.1941,1.1884,0.00%,0.0106000000000002,1.1931,1.1745,1.42062,-0.0103999999999989,1.1962
27-11-2020,1.1962,1.1914,1.1965,1.1907,0.41%,0.0106000000000002,1.1941,1.1745,1.42166,-0.0104000000000006,1.1928
30-11-2020,1.1928,1.1957,1.2004,1.1924,-0.28%,0.0106000000000002,1.1965,1.1758,1.4227,-0.0180000000000007,1.207
01-12-2020,1.207,1.1928,1.2077,1.1926,1.19%,0.0106000000000002,1.2004,1.1798,1.4245,-0.0122999999999998,1.2115
02-12-2020,1.2115,1.207,1.2119,1.204,0.37%,0.0150999999999999,1.2077,1.18,1.42573,-0.0240999999999989,1.214
03-12-2020,1.214,1.2115,1.2177,1.21,0.21%,0.0150999999999999,1.2119,1.18,1.42814,-0.0263000000000009,1.212
04-12-2020,1.212,1.2142,1.2178,1.211,-0.16%,0.0150999999999999,1.2177,1.18,1.43077,-0.0278999999999989,1.2108
07-12-2020,1.2108,1.2128,1.2167,1.2078,-0.10%,0.0150999999999999,1.2178,1.18,1.43356,-0.0274999999999999,1.2101
08-12-2020,1.2101,1.2109,1.2134,1.2095,-0.06%,0.0150999999999999,1.2178,1.18,1.43631,-0.0234000000000005,1.2081
09-12-2020,1.2081,1.2103,1.2148,1.2059,-0.17%,0.0150999999999999,1.2178,1.18,1.43865,-0.0250000000000004,1.2136
10-12-2020,1.2136,1.2083,1.216,1.2075,0.46%,0.0150999999999999,1.2178,1.1837,1.44115,-0.0241000000000007,1.2111
11-12-2020,1.2111,1.2137,1.2163,1.2105,-0.21%,0.0150999999999999,1.2178,1.1882,1.44356,-0.0245999999999995,1.2143
14-12-2020,1.2143,1.2131,1.2177,1.2115,0.26%,0.0150999999999999,1.2178,1.1884,1.44602,-0.0214999999999996,1.2151
15-12-2020,1.2151,1.2143,1.217,1.2121,0.07%,0.0150999999999999,1.2178,1.1907,1.44817,-0.0228999999999999,1.2197
16-12-2020,1.2197,1.2152,1.2213,1.2125,0.38%,0.0150999999999999,1.2178,1.1924,1.45046,-0.0195000000000007,1.2266
17-12-2020,1.2266,1.2199,1.2274,1.2191,0.57%,0.0150999999999999,1.2213,1.1926,1.45241,-0.027099999999999,1.2255
18-12-2020,1.2255,1.2268,1.2273,1.2225,-0.09%,0.00890000000000013,1.2274,1.204,1.45512,-0.0198,1.2242
21-12-2020,1.2242,1.2242,1.2254,1.2129,-0.11%,0.00890000000000013,1.2274,1.2059,1.4571,-0.0127000000000006,1.2161
22-12-2020,1.2161,1.2244,1.2257,1.2151,-0.66%,0.0125,1.2274,1.2059,1.45837,-0.0101999999999993,1.2185
23-12-2020,1.2185,1.2163,1.2221,1.2154,0.20%,0.0125,1.2274,1.2059,1.45939,-0.00350000000000072,1.2186
24-12-2020,1.2186,1.2188,1.2217,1.2177,0.01%,0.0125,1.2274,1.2059,1.45974,-0.00789999999999935,1.2204
25-12-2020,1.2204,1.2186,1.2212,1.2165,0.15%,0.0125,1.2274,1.2059,1.46053,-0.0083000000000002,1.2214
28-12-2020,1.2214,1.2202,1.2251,1.2181,0.08%,0.0125,1.2274,1.2075,1.46136,-0.0118999999999989,1.2247
29-12-2020,1.2247,1.2217,1.2276,1.2207,0.27%,0.0125,1.2274,1.2105,1.46255,-0.0080000000000009,1.2295
30-12-2020,1.2295,1.2248,1.2311,1.2246,0.39%,0.0125,1.2276,1.2115,1.46335,-0.0116999999999994,1.2213
31-12-2020,1.2213,1.2298,1.231,1.2209,-0.67%,0.0125,1.2311,1.2121,1.46452,-0.0155000000000012,1.2212
01-01-2021,1.2212,1.2216,1.2217,1.221,-0.01%,0.0125,1.2311,1.2125,1.46607,-0.0063999999999993,1.2248
04-01-2021,1.2248,1.2231,1.231,1.2223,0.29%,0.0125,1.2311,1.2129,1.46671,-0.00319999999999965,1.2294
05-01-2021,1.2294,1.2247,1.2307,1.2246,0.38%,0.0125,1.2311,1.2129,1.46703,0.00209999999999866,1.2325
06-01-2021,1.2325,1.2296,1.235,1.2265,0.25%,0.0125,1.2311,1.2129,1.46682,-0.00539999999999985,1.227
07-01-2021,1.227,1.2327,1.2346,1.2244,-0.45%,0.0105999999999999,1.235,1.2151,1.46736,-0.0083000000000002,1.2218
08-01-2021,1.2218,1.2273,1.2284,1.2191,-0.42%,0.0102,1.235,1.2154,1.46819,-0.0109999999999992,1.2149
11-01-2021,1.2149,1.2217,1.2227,1.2132,-0.56%,0.0102,1.235,1.2165,1.46929,-0.00290000000000035,1.2207
12-01-2021,1.2207,1.2152,1.2211,1.2136,0.48%,0.0102,1.235,1.2165,1.46958,0.00340000000000096,1.2157
13-01-2021,1.2157,1.2208,1.2224,1.214,-0.41%,0.0102,1.235,1.2181,1.46924,-0.000600000000000378,1.2156
14-01-2021,1.2156,1.2157,1.2179,1.2111,-0.01%,0.0102,1.235,1.2191,1.4693,0.00599999999999845,1.2078
15-01-2021,1.2078,1.2155,1.2163,1.2074,-0.64%,0.0102,1.235,1.2132,1.4687,0.00930000000000142,1.2076
18-01-2021,1.2076,1.2085,1.2091,1.2054,-0.02%,0.0102,1.235,1.2132,1.46777,0.0213000000000001,1.2128
19-01-2021,1.2128,1.2078,1.2146,1.2074,0.43%,0.0102,1.235,1.2132,1.46564,0.0137999999999998,1.2104
20-01-2021,1.2104,1.2127,1.2158,1.2076,-0.20%,0.0102,1.235,1.2111,1.46426,0.0104000000000006,1.2162
21-01-2021,1.2162,1.2106,1.2175,1.2103,0.48%,0.0102,1.235,1.2074,1.46322,0.0140999999999991,1.2167
22-01-2021,1.2167,1.2164,1.2191,1.2151,0.04%,0.0102,1.235,1.2054,1.46181,0.0131999999999994,1.2137
25-01-2021,1.2137,1.2168,1.2184,1.2115,-0.25%,0.0102,1.2346,1.2054,1.46049,0.0159000000000002,1.216
26-01-2021,1.216,1.2138,1.2177,1.2107,0.19%,0.00949999999999984,1.2284,1.2054,1.4589,0.0135000000000005,1.2108
27-01-2021,1.2108,1.216,1.217,1.2057,-0.43%,0.00949999999999984,1.2227,1.2054,1.45755,0.00569999999999915,1.2121
28-01-2021,1.2121,1.2109,1.2142,1.2079,0.11%,0.0113000000000001,1.2224,1.2054,1.45698,0.00430000000000064,1.2136
29-01-2021,1.2136,1.2121,1.2156,1.2093,0.12%,0.0113000000000001,1.2224,1.2054,1.45655,0.00870000000000104,1.2059
01-02-2021,1.2059,1.214,1.2146,1.2054,-0.63%,0.0113000000000001,1.2191,1.2054,1.45568,0.00169999999999959,1.2042
02-02-2021,1.2042,1.2059,1.2089,1.2011,-0.14%,0.0113000000000001,1.2191,1.2054,1.45551,0.00959999999999894,1.2034
03-02-2021,1.2034,1.2044,1.205,1.2003,-0.07%,0.0113000000000001,1.2191,1.2054,1.45455,0.0041000000000011,1.1962
04-02-2021,1.1962,1.2033,1.2043,1.1957,-0.60%,0.0113000000000001,1.2191,1.2057,1.45414,0.00450000000000017,1.2042
05-02-2021,1.2042,1.1964,1.205,1.1952,0.67%,0.0113000000000001,1.2191,1.2054,1.45369,0.0162999999999993,1.2048
08-02-2021,1.2048,1.2042,1.2067,1.2019,0.05%,0.0113000000000001,1.2191,1.2011,1.45206,0.00640000000000107,1.2117
09-02-2021,1.2117,1.2048,1.2122,1.2045,0.57%,0.0113000000000001,1.2191,1.2003,1.45142,0.0115999999999996,1.2116
10-02-2021,1.2116,1.2119,1.2145,1.2108,-0.01%,0.0113000000000001,1.2184,1.1957,1.45026,0.00489999999999924,1.2128
11-02-2021,1.2128,1.2118,1.215,1.2112,0.10%,0.0113000000000001,1.2177,1.1952,1.44977,0.00200000000000067,1.2118
12-02-2021,1.2118,1.213,1.2135,1.2081,-0.08%,0.0113000000000001,1.217,1.1952,1.44957,0.00300000000000011,1.2127
15-02-2021,1.2127,1.2123,1.2146,1.2116,0.07%,0.00980000000000003,1.2156,1.1952,1.44927,-0.00140000000000029,1.2104
16-02-2021,1.2104,1.213,1.217,1.2095,-0.19%,0.00980000000000003,1.2156,1.1952,1.44941,-0.000899999999999679,1.2036
17-02-2021,1.2036,1.2107,1.2111,1.2023,-0.56%,0.00980000000000003,1.217,1.1952,1.4495,0.00329999999999941,1.2088
18-02-2021,1.2088,1.2037,1.2096,1.2035,0.43%,0.00980000000000003,1.217,1.1952,1.44917,0.0022000000000002,1.2117
19-02-2021,1.2117,1.2091,1.2145,1.2082,0.24%,0.00980000000000003,1.217,1.1952,1.44895,-0.0046999999999997,1.2154
22-02-2021,1.2154,1.2117,1.217,1.2091,0.31%,0.00980000000000003,1.217,1.1952,1.44942,-0.00840000000000174,1.2149
23-02-2021,1.2149,1.2155,1.2181,1.2135,-0.04%,0.00980000000000003,1.217,1.1952,1.45026,-0.0190999999999999,1.2164
24-02-2021,1.2164,1.215,1.2176,1.2109,0.12%,0.00880000000000014,1.2181,1.2019,1.45217,-0.0107999999999997,1.2176
25-02-2021,1.2176,1.2163,1.2243,1.2155,0.10%,0.00880000000000014,1.2181,1.2023,1.45325,-0.0114999999999998,1.2074
26-02-2021,1.2074,1.2176,1.2185,1.2062,-0.84%,0.00880000000000014,1.2243,1.2023,1.4544,-0.00569999999999915,1.2047
01-03-2021,1.2047,1.2079,1.2102,1.2027,-0.22%,0.0123,1.2243,1.2023,1.45497,0.00389999999999979,1.2089
02-03-2021,1.2089,1.2049,1.2095,1.1991,0.35%,0.0123,1.2243,1.2023,1.45458,0.00809999999999889,1.2062
03-03-2021,1.2062,1.2091,1.2113,1.2042,-0.22%,0.0123,1.2243,1.2023,1.45377,0.00319999999999965,1.1966
04-03-2021,1.1966,1.2063,1.2068,1.1961,-0.80%,0.0123,1.2243,1.2023,1.45345,0.00670000000000037,1.1917
05-03-2021,1.1917,1.1968,1.1978,1.1894,-0.41%,0.0123,1.2243,1.2023,1.45278,0.0139000000000014,1.1843
08-03-2021,1.1843,1.1922,1.1933,1.1844,-0.62%,0.0123,1.2243,1.1991,1.45139,0.0114999999999998,1.1898
09-03-2021,1.1898,1.1847,1.1917,1.1835,0.46%,0.0123,1.2243,1.1991,1.45024,0.0244,1.1925
10-03-2021,1.1925,1.19,1.1931,1.1868,0.23%,0.0123,1.2243,1.1961,1.4478,0.0216999999999992,1.1984
11-03-2021,1.1984,1.1928,1.199,1.1916,0.49%,0.0123,1.2243,1.1894,1.44563,0.0227000000000004,1.1952
12-03-2021,1.1952,1.1983,1.199,1.191,-0.27%,0.0123,1.2243,1.1844,1.44336,0.0167000000000002,1.1928
15-03-2021,1.1928,1.1952,1.1968,1.1911,-0.20%,0.0123,1.2243,1.1835,1.44169,0.0211000000000006,1.19
16-03-2021,1.19,1.1929,1.1953,1.1882,-0.23%,0.0123,1.2185,1.1835,1.43958,0.0246999999999993,1.1978
17-03-2021,1.1978,1.1906,1.1986,1.1885,0.66%,0.0107000000000002,1.2113,1.1835,1.43711,0.0173000000000005,1.1915
18-03-2021,1.1915,1.1979,1.199,1.1906,-0.53%,0.0107000000000002,1.2113,1.1835,1.43538,0.00699999999999967,1.1903
19-03-2021,1.1903,1.1915,1.1939,1.1874,-0.10%,0.0107000000000002,1.2113,1.1835,1.43468,0.0175999999999998,1.1931
22-03-2021,1.1931,1.1899,1.1947,1.1871,0.24%,0.0107000000000002,1.2068,1.1835,1.43292,0.0164000000000009,1.1849
23-03-2021,1.1849,1.1935,1.1941,1.1841,-0.69%,0.0101000000000002,1.199,1.1835,1.43128,0.00329999999999941,1.1812
24-03-2021,1.1812,1.1851,1.1854,1.1809,-0.31%,0.0101000000000002,1.199,1.1835,1.43095,0.00709999999999944,1.1764
25-03-2021,1.1764,1.1813,1.1829,1.1761,-0.41%,0.0101000000000002,1.199,1.1835,1.43024,0.00340000000000096,1.1796
26-03-2021,1.1796,1.1763,1.1805,1.1763,0.27%,0.0101000000000002,1.199,1.1868,1.4299,0.0137,1.1762
29-03-2021,1.1762,1.1795,1.1797,1.176,-0.29%,0.0101000000000002,1.199,1.1841,1.42853,0.0132999999999992,1.1714
30-03-2021,1.1714,1.1764,1.1774,1.1711,-0.41%,0.0101000000000002,1.199,1.1809,1.4272,0.0219000000000005,1.1728
31-03-2021,1.1728,1.1716,1.176,1.1703,0.12%,0.0101000000000002,1.199,1.1761,1.42501,0.0236000000000001,1.1775
01-04-2021,1.1775,1.1731,1.1781,1.1712,0.40%,0.0101000000000002,1.199,1.1761,1.42265,0.0198,1.1762
02-04-2021,1.1762,1.1777,1.1788,1.1748,-0.11%,0.0101000000000002,1.199,1.176,1.42067,0.0129000000000001,1.1811
05-04-2021,1.1811,1.1761,1.182,1.1738,0.42%,0.01,1.199,1.1711,1.41938,0.0217999999999989,1.1875
06-04-2021,1.1875,1.1814,1.1878,1.1795,0.54%,0.01,1.1947,1.1703,1.4172,0.0101000000000013,1.187
07-04-2021,1.187,1.1875,1.1916,1.1861,-0.04%,0.01,1.1947,1.1703,1.41619,0.00239999999999974,1.1912
08-04-2021,1.1912,1.1867,1.1928,1.1861,0.35%,0.01,1.1941,1.1703,1.41595,0.00680000000000014,1.1896
09-04-2021,1.1896,1.1913,1.1921,1.1867,-0.13%,0.00829999999999997,1.1928,1.1703,1.41527,-0.00619999999999976,1.1909
12-04-2021,1.1909,1.1891,1.192,1.187,0.11%,0.00829999999999997,1.1928,1.1703,1.41589,-0.00780000000000136,1.1946
13-04-2021,1.1946,1.1911,1.1956,1.1878,0.31%,0.00829999999999997,1.1928,1.1703,1.41667,-0.0147999999999993,1.1978
14-04-2021,1.1978,1.1948,1.1988,1.1947,0.27%,0.00829999999999997,1.1956,1.1703,1.41815,-0.0152999999999999,1.1965
15-04-2021,1.1965,1.198,1.1995,1.1955,-0.11%,0.00829999999999997,1.1988,1.1703,1.41968,-0.0216000000000012,1.1983
16-04-2021,1.1983,1.1967,1.1996,1.195,0.15%,0.00829999999999997,1.1995,1.1703,1.42184,-0.0251000000000001,1.2033
19-04-2021,1.2033,1.1984,1.2049,1.1942,0.42%,0.00829999999999997,1.1996,1.1712,1.42435,-0.0252999999999997,1.2033
20-04-2021,1.2033,1.2036,1.2081,1.2022,0.00%,0.0107000000000002,1.2049,1.1738,1.42688,-0.0259,1.2033
21-04-2021,1.2033,1.2037,1.2045,1.1998,0.00%,0.0107000000000002,1.2081,1.1738,1.42947,-0.0275999999999996,1.2015
22-04-2021,1.2015,1.2035,1.207,1.1993,-0.15%,0.0107000000000002,1.2081,1.1795,1.43223,-0.0221,1.2099
23-04-2021,1.2099,1.2015,1.21,1.2012,0.70%,0.0107000000000002,1.2081,1.1861,1.43444,-0.0139999999999993,1.2083
26-04-2021,1.2083,1.2093,1.2118,1.2061,-0.13%,0.0107000000000002,1.21,1.1861,1.43584,-0.0226000000000006,1.209
27-04-2021,1.209,1.2086,1.2093,1.2056,0.06%,0.0107000000000002,1.2118,1.1867,1.4381,-0.0173000000000005,1.2123
28-04-2021,1.2123,1.2091,1.2135,1.2055,0.27%,0.0107000000000002,1.2118,1.187,1.43983,-0.0199999999999996,1.2118
29-04-2021,1.2118,1.2126,1.215,1.2102,-0.04%,0.0107000000000002,1.2135,1.1878,1.44183,-0.0214999999999996,1.2018
30-04-2021,1.2018,1.2116,1.2127,1.2016,-0.83%,0.0107000000000002,1.215,1.1942,1.44398,-0.0167999999999999,1.2061
03-05-2021,1.2061,1.2031,1.2076,1.2012,0.36%,0.0110999999999999,1.215,1.1942,1.44566,-0.00510000000000055,1.2013
04-05-2021,1.2013,1.2064,1.2066,1.1998,-0.40%,0.0110999999999999,1.215,1.1942,1.44617,-0.00969999999999871,1.2005
05-05-2021,1.2005,1.2013,1.2027,1.1985,-0.07%,0.0110999999999999,1.215,1.1942,1.44714,-0.00290000000000035,1.2064
06-05-2021,1.2064,1.2005,1.2072,1.1992,0.49%,0.0110999999999999,1.215,1.1993,1.44743,0.00309999999999988,1.2163
07-05-2021,1.2163,1.2066,1.2172,1.2053,0.82%,0.0110999999999999,1.215,1.1993,1.44712,-0.00290000000000035,1.2129
10-05-2021,1.2129,1.2161,1.2178,1.2127,-0.28%,0.0119,1.2172,1.1993,1.44741,-0.0125999999999991,1.2146
11-05-2021,1.2146,1.2129,1.2182,1.2122,0.14%,0.0119,1.2178,1.1985,1.44867,-0.0114000000000001,1.2069
12-05-2021,1.2069,1.2148,1.2153,1.2065,-0.63%,0.0119,1.2182,1.1985,1.44981,-0.00550000000000139,1.2078
13-05-2021,1.2078,1.2073,1.2108,1.205,0.07%,0.0119,1.2182,1.1985,1.45036,0.00130000000000052,1.214
14-05-2021,1.214,1.208,1.215,1.207,0.51%,0.0119,1.2182,1.1985,1.45023,0.00109999999999921,1.2151
17-05-2021,1.2151,1.214,1.217,1.2126,0.09%,0.0119,1.2182,1.1985,1.45012,-0.00139999999999851,1.222
18-05-2021,1.222,1.2153,1.2234,1.2151,0.57%,0.0119,1.2182,1.1985,1.45026,-0.00370000000000026,1.2172
19-05-2021,1.2172,1.2222,1.2246,1.216,-0.39%,0.0119,1.2234,1.1985,1.45063,-0.0190999999999999,1.2226
20-05-2021,1.2226,1.2171,1.223,1.2169,0.44%,0.0119,1.2246,1.1985,1.45254,-0.0106999999999999,1.2179
21-05-2021,1.2179,1.2228,1.2241,1.2161,-0.38%,0.0119,1.2246,1.1985,1.45361,-0.0215000000000014,1.2215
24-05-2021,1.2215,1.2178,1.223,1.2172,0.30%,0.0119,1.2246,1.1992,1.45576,-0.0172999999999988,1.225
25-05-2021,1.225,1.2217,1.2267,1.2211,0.29%,0.0119,1.2246,1.205,1.45749,-0.0151000000000003,1.219
26-05-2021,1.219,1.2251,1.2263,1.2182,-0.49%,0.00880000000000014,1.2267,1.205,1.459,-0.00900000000000034,1.2192
27-05-2021,1.2192,1.2192,1.2216,1.2175,0.02%,0.00880000000000014,1.2267,1.205,1.4599,-0.00629999999999953,1.2189
28-05-2021,1.2189,1.2195,1.2205,1.2132,-0.02%,0.00880000000000014,1.2267,1.205,1.46053,-0.0046999999999997,1.2225
31-05-2021,1.2225,1.2192,1.2233,1.2183,0.30%,0.00859999999999994,1.2267,1.205,1.461,-0.0119000000000007,1.2211
01-06-2021,1.2211,1.2227,1.2255,1.2211,-0.11%,0.00859999999999994,1.2267,1.207,1.46219,-0.0146999999999995,1.2209
02-06-2021,1.2209,1.2214,1.2227,1.2163,-0.02%,0.00859999999999994,1.2267,1.2126,1.46366,-0.00740000000000052,1.2124
03-06-2021,1.2124,1.221,1.2217,1.2118,-0.70%,0.00859999999999994,1.2267,1.2132,1.4644,-0.00570000000000093,1.2165
04-06-2021,1.2165,1.2129,1.2186,1.2104,0.34%,0.00990000000000002,1.2267,1.2132,1.46497,0.00930000000000142,1.2189
07-06-2021,1.2189,1.2168,1.2203,1.2145,0.20%,0.00990000000000002,1.2267,1.2132,1.46404,0.000299999999999301,1.2171
08-06-2021,1.2171,1.219,1.2196,1.2163,-0.15%,0.00990000000000002,1.2267,1.2132,1.46401,0.00380000000000003,1.2178
09-06-2021,1.2178,1.2173,1.2219,1.217,0.06%,0.00990000000000002,1.2267,1.2118,1.46363,0.000500000000000611,1.2169
10-06-2021,1.2169,1.2181,1.2195,1.2142,-0.07%,0.00990000000000002,1.2267,1.2104,1.46358,0.00359999999999872,1.2106
11-06-2021,1.2106,1.217,1.2196,1.2092,-0.52%,0.00990000000000002,1.2263,1.2104,1.46322,0.00810000000000066,1.2118
14-06-2021,1.2118,1.211,1.2131,1.2093,0.10%,0.0104,1.2255,1.2104,1.46241,0.00820000000000043,1.2124
15-06-2021,1.2124,1.212,1.2149,1.21,0.05%,0.0104,1.2255,1.2104,1.46159,0.00750000000000028,1.1994
16-06-2021,1.1994,1.2127,1.2135,1.1993,-1.07%,0.0104,1.2255,1.2104,1.46084,0.00649999999999906,1.1906
17-06-2021,1.1906,1.1996,1.2007,1.1891,-0.73%,0.0142,1.2255,1.2092,1.46019,0.0230999999999995,1.186
18-06-2021,1.186,1.1908,1.1926,1.1846,-0.39%,0.0142,1.2227,1.2092,1.45788,0.0305999999999997,1.1915
21-06-2021,1.1915,1.1868,1.1922,1.1847,0.46%,0.0142,1.2219,1.2092,1.45482,0.0342000000000002,1.1938
22-06-2021,1.1938,1.1918,1.1954,1.1881,0.19%,0.0142,1.2219,1.1993,1.4514,0.0211000000000006,1.1925
23-06-2021,1.1925,1.1939,1.197,1.1911,-0.11%,0.0142,1.2219,1.1891,1.44929,0.0228999999999999,1.193
24-06-2021,1.193,1.1927,1.1957,1.1918,0.04%,0.0142,1.2219,1.1846,1.447,0.0263000000000009,1.1933
25-06-2021,1.1933,1.1932,1.1976,1.1925,0.03%,0.0142,1.2219,1.1846,1.44437,0.0240999999999989,1.1924
28-06-2021,1.1924,1.1935,1.1946,1.1902,-0.08%,0.0142,1.2196,1.1846,1.44196,0.0246000000000013,1.1895
29-06-2021,1.1895,1.1926,1.1932,1.1877,-0.24%,0.0142,1.2196,1.1846,1.4395,0.0244,1.1855
30-06-2021,1.1855,1.1897,1.191,1.1845,-0.34%,0.0142,1.2149,1.1846,1.43706,0.0213000000000001,1.1848
01-07-2021,1.1848,1.1859,1.1885,1.1837,-0.06%,0.0142,1.2149,1.1846,1.43493,0.0260999999999996,1.1864
02-07-2021,1.1864,1.1849,1.1875,1.1806,0.14%,0.0142,1.2135,1.1846,1.43232,0.0277999999999992,1.1861
05-07-2021,1.1861,1.1862,1.1882,1.1851,-0.03%,0.0116000000000001,1.2007,1.1846,1.42954,0.0134000000000007,1.1822
06-07-2021,1.1822,1.1863,1.1896,1.1806,-0.33%,0.00800000000000001,1.1976,1.1845,1.4282,0.00450000000000017,1.1789
07-07-2021,1.1789,1.1823,1.1839,1.1782,-0.28%,0.0089999999999999,1.1976,1.1837,1.42775,0.00450000000000017,1.1842
08-07-2021,1.1842,1.1792,1.1868,1.1783,0.45%,0.0089999999999999,1.1976,1.1806,1.4273,0.0125999999999991,1.1873
09-07-2021,1.1873,1.1844,1.1882,1.1825,0.26%,0.0089999999999999,1.1976,1.1806,1.42604,0.00950000000000095,1.1859
12-07-2021,1.1859,1.1872,1.1881,1.1836,-0.12%,0.0089999999999999,1.1976,1.1806,1.42509,0.00549999999999962,1.1774
13-07-2021,1.1774,1.1862,1.1876,1.1772,-0.72%,0.0089999999999999,1.1976,1.1782,1.42454,0.00699999999999967,1.1835
14-07-2021,1.1835,1.1776,1.1839,1.1772,0.52%,0.0104,1.1946,1.1782,1.42384,0.0159000000000002,1.1812
15-07-2021,1.1812,1.1837,1.1852,1.1796,-0.19%,0.0104,1.1932,1.1782,1.42225,0.00890000000000057,1.1805
16-07-2021,1.1805,1.1814,1.1823,1.1791,-0.06%,0.0104,1.191,1.1782,1.42136,0.0083000000000002,1.1798
19-07-2021,1.1798,1.1808,1.1825,1.1763,-0.06%,0.0104,1.1896,1.1772,1.42053,0.00510000000000055,1.1779
20-07-2021,1.1779,1.1801,1.1805,1.1755,-0.16%,0.0104,1.1896,1.1772,1.42002,0.00479999999999947,1.1792
21-07-2021,1.1792,1.1782,1.1805,1.1752,0.11%,0.0104,1.1896,1.1772,1.41954,0.00799999999999912,1.177
22-07-2021,1.177,1.1793,1.1831,1.1757,-0.19%,0.0104,1.1896,1.1772,1.41874,0.00700000000000145,1.1771
23-07-2021,1.1771,1.1769,1.1788,1.1753,0.01%,0.0104,1.1882,1.1763,1.41804,0.00539999999999807,1.1799
26-07-2021,1.1799,1.1778,1.1818,1.1763,0.24%,0.0104,1.1882,1.1755,1.4175,0.00140000000000029,1.1814
27-07-2021,1.1814,1.1804,1.1841,1.1769,0.13%,0.0104,1.1882,1.1752,1.41736,0.00400000000000134,1.1842
28-07-2021,1.1842,1.1817,1.1851,1.1773,0.24%,0.0104,1.1881,1.1752,1.41696,0.00549999999999962,1.1886
29-07-2021,1.1886,1.1845,1.1894,1.184,0.37%,0.0104,1.1876,1.1752,1.41641,0.00169999999999959,1.187
30-07-2021,1.187,1.1888,1.191,1.1851,-0.13%,0.00780000000000003,1.1894,1.1752,1.41624,-0.0112000000000005,1.1867
02-08-2021,1.1867,1.1864,1.1897,1.1858,-0.03%,0.00780000000000003,1.191,1.1752,1.41736,-0.00269999999999904,1.186
03-08-2021,1.186,1.1868,1.1894,1.1853,-0.06%,0.00780000000000003,1.191,1.1752,1.41763,-0.00539999999999985,1.1835
04-08-2021,1.1835,1.1864,1.1901,1.1832,-0.21%,0.00780000000000003,1.191,1.1752,1.41817,-0.00560000000000116,1.1832
05-08-2021,1.1832,1.1837,1.1858,1.1827,-0.03%,0.00780000000000003,1.191,1.1752,1.41873,-0.00359999999999872,1.176
06-08-2021,1.176,1.1834,1.1837,1.1753,-0.61%,0.00780000000000003,1.191,1.1752,1.41909,-0.00520000000000032,1.1737
09-08-2021,1.1737,1.1762,1.1769,1.1734,-0.20%,0.00839999999999996,1.191,1.1753,1.41961,0.00309999999999988,1.1718
10-08-2021,1.1718,1.1738,1.1744,1.171,-0.16%,0.00839999999999996,1.191,1.1753,1.4193,0.00309999999999988,1.1737
11-08-2021,1.1737,1.172,1.1753,1.1705,0.16%,0.00839999999999996,1.191,1.1763,1.41899,0.00580000000000069,1.1727
12-08-2021,1.1727,1.1738,1.1749,1.1724,-0.09%,0.00839999999999996,1.191,1.1753,1.41841,0.00659999999999883,1.1791
13-08-2021,1.1791,1.173,1.1805,1.1727,0.55%,0.00839999999999996,1.191,1.1734,1.41775,0.00870000000000104,1.1777
16-08-2021,1.1777,1.1794,1.1802,1.1767,-0.12%,0.00839999999999996,1.191,1.171,1.41688,0.00509999999999877,1.1708
17-08-2021,1.1708,1.1776,1.1786,1.1708,-0.59%,0.00839999999999996,1.191,1.1705,1.41637,0.0112000000000005,1.171
18-08-2021,1.171,1.171,1.1743,1.1694,0.02%,0.00839999999999996,1.1901,1.1705,1.41525,0.0153999999999996,1.1674
19-08-2021,1.1674,1.1711,1.1717,1.1666,-0.31%,0.00839999999999996,1.1901,1.1705,1.41371,0.0157000000000007,1.1696
20-08-2021,1.1696,1.1675,1.1705,1.1664,0.19%,0.00839999999999996,1.1901,1.1705,1.41214,0.0189000000000004,1.1743
23-08-2021,1.1743,1.1694,1.1751,1.1691,0.40%,0.00839999999999996,1.1858,1.1705,1.41025,0.0142999999999986,1.1753
24-08-2021,1.1753,1.1746,1.1766,1.1726,0.09%,0.00839999999999996,1.1837,1.1694,1.40882,0.00880000000000081,1.177
25-08-2021,1.177,1.1754,1.1775,1.1725,0.14%,0.00780000000000003,1.1805,1.1666,1.40794,0.000799999999999912,1.175
26-08-2021,1.175,1.1772,1.1781,1.1746,-0.17%,0.00780000000000003,1.1805,1.1664,1.40786,-0.00340000000000096,1.1793
27-08-2021,1.1793,1.1752,1.1803,1.1734,0.37%,0.00780000000000003,1.1805,1.1664,1.4082,-0.00319999999999965,1.1795
30-08-2021,1.1795,1.1793,1.181,1.1782,0.02%,0.00780000000000003,1.1805,1.1664,1.40852,-0.00549999999999962,1.1807
31-08-2021,1.1807,1.1797,1.1848,1.1795,0.10%,0.00780000000000003,1.181,1.1664,1.40907,-0.00670000000000037,1.1837
01-09-2021,1.1837,1.181,1.1858,1.1793,0.25%,0.00780000000000003,1.1848,1.1664,1.40974,-0.00159999999999982,1.1873
02-09-2021,1.1873,1.1839,1.1877,1.1834,0.30%,0.00780000000000003,1.1858,1.1664,1.4099,-0.00629999999999953,1.1882
03-09-2021,1.1882,1.1875,1.191,1.1866,0.08%,0.00689999999999991,1.1877,1.1664,1.41053,-0.0165000000000006,1.1868
06-09-2021,1.1868,1.1879,1.1888,1.1855,-0.12%,0.00689999999999991,1.191,1.1664,1.41218,-0.0167999999999999,1.1839
07-09-2021,1.1839,1.187,1.1885,1.1837,-0.24%,0.00689999999999991,1.191,1.1664,1.41386,-0.0195000000000007,1.1813
08-09-2021,1.1813,1.184,1.1852,1.1802,-0.22%,0.00689999999999991,1.191,1.1691,1.41581,-0.0145999999999997,1.1825
09-09-2021,1.1825,1.1817,1.1842,1.1804,0.10%,0.00689999999999991,1.191,1.1725,1.41727,-0.00709999999999944,1.1814
10-09-2021,1.1814,1.1826,1.1852,1.1809,-0.09%,0.00689999999999991,1.191,1.1725,1.41798,-0.00719999999999921,1.1808
13-09-2021,1.1808,1.1813,1.1818,1.1769,-0.05%,0.00689999999999991,1.191,1.1734,1.4187,-0.0041000000000011,1.1802
14-09-2021,1.1802,1.1812,1.1846,1.1799,-0.05%,0.00689999999999991,1.191,1.1734,1.41911,-0.00600000000000023,1.1815
15-09-2021,1.1815,1.1806,1.1833,1.1798,0.11%,0.00649999999999995,1.191,1.1782,1.41971,-0.00129999999999875,1.1764
16-09-2021,1.1764,1.1816,1.1822,1.1751,-0.43%,0.00649999999999995,1.191,1.1793,1.41984,-0.0019000000000009,1.1725
17-09-2021,1.1725,1.1762,1.1789,1.1724,-0.33%,0.00709999999999988,1.191,1.1769,1.42003,0.00480000000000125,1.1725
20-09-2021,1.1725,1.1732,1.1737,1.17,0.00%,0.00709999999999988,1.191,1.1769,1.41955,0.0106999999999999,1.1723
21-09-2021,1.1723,1.1726,1.1751,1.1715,-0.02%,0.00709999999999988,1.191,1.1769,1.41848,0.014899999999999,1.1686
22-09-2021,1.1686,1.1726,1.1757,1.1683,-0.32%,0.00709999999999988,1.1888,1.1751,1.41699,0.0152999999999999,1.1736
23-09-2021,1.1736,1.1686,1.1751,1.1683,0.43%,0.00740000000000007,1.1885,1.1724,1.41546,0.0183999999999998,1.1714
24-09-2021,1.1714,1.1738,1.1748,1.17,-0.19%,0.00740000000000007,1.1852,1.17,1.41362,0.0101999999999993,1.1694
27-09-2021,1.1694,1.1724,1.1728,1.1684,-0.17%,0.00740000000000007,1.1852,1.17,1.4126,0.00930000000000142,1.1681
28-09-2021,1.1681,1.1696,1.1704,1.1667,-0.11%,0.00740000000000007,1.1852,1.1683,1.41167,0.0129999999999999,1.1595
29-09-2021,1.1595,1.1683,1.1691,1.1589,-0.74%,0.00740000000000007,1.1846,1.1683,1.41037,0.0129999999999999,1.1581
30-09-2021,1.1581,1.1596,1.1611,1.1562,-0.12%,0.0102,1.1846,1.1683,1.40907,0.0215999999999994,1.1594
01-10-2021,1.1594,1.1582,1.1608,1.1563,0.11%,0.0102,1.1833,1.1683,1.40691,0.0224000000000011,1.1621
04-10-2021,1.1621,1.1593,1.1641,1.1587,0.23%,0.0102,1.1822,1.1667,1.40467,0.0222999999999995,1.1596
05-10-2021,1.1596,1.1623,1.1623,1.158,-0.22%,0.0102,1.1789,1.1589,1.40244,0.0138999999999996,1.1556
06-10-2021,1.1556,1.1603,1.1605,1.1529,-0.34%,0.0102,1.1757,1.1562,1.40105,0.0129000000000001,1.155
07-10-2021,1.155,1.1556,1.1573,1.1547,-0.05%,0.0102,1.1757,1.1562,1.39976,0.0169999999999995,1.1567
08-10-2021,1.1567,1.1551,1.1586,1.154,0.15%,0.0102,1.1757,1.1562,1.39806,0.0175000000000001,1.1551
11-10-2021,1.1551,1.1571,1.1588,1.1549,-0.14%,0.0102,1.1751,1.1562,1.39631,0.0115000000000016,1.1527
12-10-2021,1.1527,1.1555,1.1571,1.1524,-0.21%,0.0102,1.1748,1.1529,1.39516,0.0183,1.1592
13-10-2021,1.1592,1.1528,1.1598,1.1527,0.56%,0.0102,1.1728,1.1529,1.39333,0.0195999999999987,1.1594
14-10-2021,1.1594,1.1593,1.1625,1.1583,0.02%,0.0102,1.1704,1.1529,1.39137,0.0103000000000009,1.16
15-10-2021,1.16,1.1599,1.1621,1.1588,0.05%,0.0102,1.1691,1.1529,1.39034,0.00839999999999996,1.1609
18-10-2021,1.1609,1.1597,1.1624,1.1571,0.08%,0.00760000000000005,1.1641,1.1524,1.3895,-9.99999999997669E-05,1.1632
19-10-2021,1.1632,1.1611,1.167,1.1608,0.20%,0.00760000000000005,1.1641,1.1524,1.38951,-0.00290000000000035,1.1649
20-10-2021,1.1649,1.1634,1.1659,1.1616,0.15%,0.00760000000000005,1.167,1.1524,1.3898,-0.0041000000000011,1.1621
21-10-2021,1.1621,1.165,1.1668,1.1619,-0.24%,0.00760000000000005,1.167,1.1524,1.39021,-0.00269999999999904,1.1647
22-10-2021,1.1647,1.1623,1.1656,1.1621,0.22%,0.00760000000000005,1.167,1.1524,1.39048,-0.00200000000000067,1.1606
25-10-2021,1.1606,1.1644,1.1666,1.159,-0.35%,0.00709999999999988,1.167,1.1524,1.39068,-0.00879999999999903,1.1595
26-10-2021,1.1595,1.1607,1.1626,1.1585,-0.09%,0.00760000000000005,1.167,1.1524,1.39156,-0.00560000000000116,1.1604
27-10-2021,1.1604,1.1597,1.1626,1.1585,0.08%,0.00760000000000005,1.167,1.1524,1.39212,-0.00259999999999927,1.1679
28-10-2021,1.1679,1.1605,1.1693,1.1581,0.65%,0.00760000000000005,1.167,1.1524,1.39238,-0.00500000000000078,1.1561
29-10-2021,1.1561,1.168,1.169,1.1535,-1.01%,0.0112000000000001,1.1693,1.1527,1.39288,-0.0152000000000001,1.1606
01-11-2021,1.1606,1.1559,1.161,1.1545,0.39%,0.0155000000000001,1.1693,1.1571,1.3944,0.00340000000000096,1.1577
02-11-2021,1.1577,1.1605,1.1615,1.1574,-0.25%,0.0155000000000001,1.1693,1.1571,1.39406,-0.000600000000000378,1.161
03-11-2021,1.161,1.1579,1.1617,1.1561,0.29%,0.0155000000000001,1.1693,1.1571,1.39412,0.00179999999999936,1.1552
04-11-2021,1.1552,1.1611,1.1617,1.1528,-0.50%,0.0155000000000001,1.1693,1.1535,1.39394,0,1.1566
05-11-2021,1.1566,1.1553,1.1574,1.1513,0.12%,0.0155000000000001,1.1693,1.1535,1.39394,0.00810000000000066,1.1586
08-11-2021,1.1586,1.1555,1.1595,1.155,0.17%,0.0155000000000001,1.1693,1.1535,1.39313,0.00949999999999918,1.1591
09-11-2021,1.1591,1.1588,1.1609,1.1569,0.04%,0.0155000000000001,1.1693,1.1535,1.39218,0.00350000000000072,1.1478
10-11-2021,1.1478,1.1593,1.1596,1.1475,-0.97%,0.0155000000000001,1.1693,1.1528,1.39183,0.00510000000000055,1.145
11-11-2021,1.145,1.1482,1.1488,1.1443,-0.24%,0.0155000000000001,1.1693,1.1513,1.39132,0.0124999999999993,1.145
12-11-2021,1.145,1.1454,1.1463,1.1432,0.00%,0.0155000000000001,1.1693,1.1513,1.39007,0.0143000000000004,1.1367
15-11-2021,1.1367,1.1452,1.1465,1.1356,-0.72%,0.0155000000000001,1.1693,1.1513,1.38864,0.0152999999999999,1.1319
16-11-2021,1.1319,1.1368,1.1386,1.1309,-0.42%,0.0155000000000001,1.169,1.1475,1.38711,0.0312000000000001,1.1319
17-11-2021,1.1319,1.1321,1.1333,1.1264,0.00%,0.0121,1.1617,1.1443,1.38399,0.0237999999999996,1.1369
18-11-2021,1.1369,1.1319,1.1375,1.1314,0.44%,0.0121,1.1617,1.1432,1.38161,0.0286000000000008,1.1288
19-11-2021,1.1288,1.1371,1.1374,1.125,-0.71%,0.0121,1.1617,1.1356,1.37875,0.0207999999999995,1.1234
22-11-2021,1.1234,1.1292,1.1293,1.123,-0.48%,0.0124,1.1617,1.1309,1.37667,0.0319000000000003,1.1246
23-11-2021,1.1246,1.1237,1.1276,1.1226,0.11%,0.0124,1.1609,1.1264,1.37348,0.0315999999999992,1.1197
24-11-2021,1.1197,1.1248,1.1256,1.1185,-0.44%,0.0124,1.1609,1.1264,1.37032,0.0307000000000013,1.1206
25-11-2021,1.1206,1.1198,1.1231,1.1198,0.08%,0.0124,1.1609,1.125,1.36725,0.0389999999999997,1.1317
26-11-2021,1.1317,1.1209,1.1331,1.1205,0.99%,0.0124,1.1596,1.123,1.36335,0.0383999999999993,1.1291
29-11-2021,1.1291,1.1309,1.1316,1.1258,-0.23%,0.0125999999999999,1.1488,1.1226,1.35951,0.0173000000000005,1.1336
30-11-2021,1.1336,1.1291,1.1384,1.1236,0.40%,0.0125999999999999,1.1465,1.1185,1.35778,0.0162999999999993,1.1319
01-12-2021,1.1319,1.1339,1.136,1.1302,-0.15%,0.0148000000000001,1.1465,1.1185,1.35615,0.0113000000000003,1.1299
02-12-2021,1.1299,1.132,1.1349,1.1294,-0.18%,0.0148000000000001,1.1386,1.1185,1.35502,0.00480000000000125,1.1313
03-12-2021,1.1313,1.1301,1.1334,1.1265,0.12%,0.0148000000000001,1.1384,1.1185,1.35454,0.00199999999999889,1.1285
06-12-2021,1.1285,1.1321,1.1321,1.1266,-0.25%,0.0148000000000001,1.1384,1.1185,1.35434,-0.000199999999999534,1.1263
07-12-2021,1.1263,1.1287,1.1301,1.1228,-0.19%,0.0148000000000001,1.1384,1.1185,1.35436,0.00839999999999996,1.1342
08-12-2021,1.1342,1.1267,1.1356,1.1264,0.70%,0.0148000000000001,1.1384,1.1185,1.35352,0.0024999999999995,1.1292
09-12-2021,1.1292,1.1342,1.1348,1.1278,-0.44%,0.0148000000000001,1.1384,1.1185,1.35327,-0.0105000000000004,1.1311
10-12-2021,1.1311,1.1293,1.1325,1.1264,0.17%,0.0148000000000001,1.1384,1.1185,1.35432,-0.00450000000000017,1.1283
13-12-2021,1.1283,1.1316,1.1321,1.1259,-0.25%,0.0148000000000001,1.1384,1.1198,1.35477,-0.0117999999999991,1.1257
14-12-2021,1.1257,1.1285,1.1327,1.1253,-0.23%,0.0148000000000001,1.1384,1.1205,1.35595,-0.00760000000000005,1.1285
15-12-2021,1.1285,1.1259,1.13,1.1221,0.25%,0.0148000000000001,1.1384,1.1228,1.35671,0.00499999999999901,1.1328
16-12-2021,1.1328,1.1286,1.1361,1.128,0.38%,0.0148000000000001,1.1384,1.1228,1.35621,0.000500000000000611,1.1239
17-12-2021,1.1239,1.133,1.135,1.1235,-0.79%,0.00919999999999988,1.1361,1.1228,1.35616,0.000899999999999679,1.1275
20-12-2021,1.1275,1.1242,1.1305,1.1234,0.32%,0.0115000000000001,1.1361,1.1228,1.35607,0.00779999999999959,1.1283
21-12-2021,1.1283,1.1277,1.1303,1.126,0.07%,0.0115000000000001,1.1361,1.1221,1.35529,0.00240000000000151,1.1324
22-12-2021,1.1324,1.1279,1.1343,1.1264,0.36%,0.0115000000000001,1.1361,1.1221,1.35505,0.00419999999999909,1.1328
23-12-2021,1.1328,1.1325,1.1343,1.1289,0.04%,0.0115000000000001,1.1361,1.1221,1.35463,-0.00380000000000003,1.1317
24-12-2021,1.1317,1.133,1.1344,1.1303,-0.10%,0.0115000000000001,1.1361,1.1221,1.35501,-0.00629999999999953,1.1325
27-12-2021,1.1325,1.1318,1.1335,1.1302,0.07%,0.0115000000000001,1.1361,1.1221,1.35564,0.00239999999999974,1.1309
28-12-2021,1.1309,1.1329,1.1335,1.1289,-0.14%,0.0115000000000001,1.1361,1.1221,1.3554,-0.00360000000000049,1.1348
29-12-2021,1.1348,1.131,1.137,1.1273,0.34%,0.0115000000000001,1.1361,1.1221,1.35576,0.000600000000000378,1.1323
30-12-2021,1.1323,1.1349,1.136,1.1298,-0.22%,0.0115000000000001,1.137,1.1221,1.3557,-0.0063999999999993,1.1368
31-12-2021,1.1368,1.1324,1.1387,1.1302,0.40%,0.0115000000000001,1.137,1.1221,1.35634,-0.00650000000000084,1.1294
03-01-2022,1.1294,1.1365,1.1381,1.1279,-0.65%,0.0115000000000001,1.1387,1.1234,1.35699,-0.00789999999999935,1.1285
04-01-2022,1.1285,1.1298,1.1323,1.1272,-0.08%,0.0115000000000001,1.1387,1.1234,1.35778,0.00319999999999965,1.1313
05-01-2022,1.1313,1.1287,1.1347,1.1277,0.25%,0.0102,1.1387,1.1234,1.35746,-0.00450000000000017,1.1291
06-01-2022,1.1291,1.1314,1.1332,1.1285,-0.19%,0.0102,1.1387,1.126,1.35791,-0.00370000000000026,1.1359
07-01-2022,1.1359,1.1293,1.1365,1.1289,0.60%,0.0102,1.1387,1.1264,1.35828,-0.00139999999999851,1.1324
10-01-2022,1.1324,1.1353,1.1362,1.1285,-0.31%,0.0102,1.1387,1.1272,1.35842,-0.00280000000000058,1.1364
11-01-2022,1.1364,1.1325,1.1375,1.1313,0.35%,0.0102,1.1387,1.1272,1.3587,0.000499999999998835,1.1442
12-01-2022,1.1442,1.1366,1.1453,1.1354,0.69%,0.0102,1.1387,1.1272,1.35865,-0.00479999999999947,1.1453
13-01-2022,1.1453,1.1443,1.1482,1.1435,0.10%,0.0102,1.1453,1.1272,1.35913,-0.0114000000000001,1.1414
14-01-2022,1.1414,1.1454,1.1484,1.1398,-0.34%,0.0102,1.1482,1.1272,1.36027,-0.0144000000000002,1.1407
17-01-2022,1.1407,1.1414,1.1436,1.1392,-0.06%,0.0102,1.1484,1.1272,1.36171,-0.00649999999999906,1.1325
18-01-2022,1.1325,1.1408,1.1422,1.1314,-0.72%,0.0102,1.1484,1.1272,1.36236,-0.00839999999999996,1.1341
19-01-2022,1.1341,1.1321,1.1358,1.1318,0.14%,0.0108000000000001,1.1484,1.1272,1.3632,0.00439999999999863,1.131
20-01-2022,1.131,1.1342,1.137,1.1302,-0.27%,0.0108000000000001,1.1484,1.1272,1.36276,-0.00439999999999863,1.134
21-01-2022,1.134,1.1312,1.136,1.13,0.27%,0.0108000000000001,1.1484,1.1277,1.3632,-0.00250000000000128,1.1323
24-01-2022,1.1323,1.1343,1.1346,1.129,-0.15%,0.0108000000000001,1.1484,1.1285,1.36345,-0.00289999999999857,1.1299
25-01-2022,1.1299,1.1324,1.133,1.1263,-0.21%,0.0108000000000001,1.1484,1.1285,1.36374,-0.00310000000000166,1.1237
26-01-2022,1.1237,1.1301,1.1312,1.1235,-0.55%,0.0108000000000001,1.1484,1.1285,1.36405,0.00520000000000032,1.1143
27-01-2022,1.1143,1.124,1.1244,1.1132,-0.84%,0.0108000000000001,1.1484,1.13,1.36353,0.00849999999999973,1.1143
28-01-2022,1.1143,1.1146,1.1174,1.1121,0.00%,0.0112000000000001,1.1484,1.129,1.36268,0.0220000000000002,1.1233
31-01-2022,1.1233,1.1147,1.1249,1.1138,0.81%,0.0112000000000001,1.1484,1.1263,1.36048,0.0296000000000003,1.1269
01-02-2022,1.1269,1.1234,1.1279,1.1221,0.32%,0.0112000000000001,1.1484,1.1235,1.35752,0.0220000000000002,1.1303
02-02-2022,1.1303,1.127,1.1331,1.1266,0.30%,0.0112000000000001,1.1436,1.1132,1.35532,0.0144000000000002,1.1438
03-02-2022,1.1438,1.1306,1.1452,1.1267,1.19%,0.0112000000000001,1.1422,1.1121,1.35388,0.0101999999999993,1.1446
04-02-2022,1.1446,1.1439,1.1485,1.1411,0.07%,0.0185,1.1452,1.1121,1.35286,-0.0117999999999991,1.1442
07-02-2022,1.1442,1.1468,1.1469,1.1415,-0.03%,0.0185,1.1485,1.1121,1.35404,-0.0126000000000008,1.1414
08-02-2022,1.1414,1.1443,1.145,1.1395,-0.24%,0.0185,1.1485,1.1121,1.3553,-0.0130999999999997,1.1422
09-02-2022,1.1422,1.1416,1.1449,1.1402,0.07%,0.0185,1.1485,1.1121,1.35661,-0.00729999999999897,1.1427
10-02-2022,1.1427,1.1429,1.1496,1.1374,0.04%,0.0185,1.1485,1.1121,1.35734,-0.0105000000000004,1.1349
11-02-2022,1.1349,1.1428,1.1431,1.1329,-0.68%,0.0185,1.1496,1.1121,1.35839,-0.0127000000000006,1.1305
14-02-2022,1.1305,1.1344,1.137,1.1279,-0.39%,0.0185,1.1496,1.1121,1.35966,-0.0103999999999989,1.1356
15-02-2022,1.1356,1.1307,1.1369,1.1301,0.45%,0.0185,1.1496,1.1121,1.3607,-0.0161000000000016,1.1373
16-02-2022,1.1373,1.136,1.1396,1.1344,0.15%,0.0185,1.1496,1.1138,1.36231,-0.0213000000000001,1.136
17-02-2022,1.136,1.1374,1.1386,1.1322,-0.11%,0.0185,1.1496,1.1221,1.36444,-0.0139999999999993,1.1321
18-02-2022,1.1321,1.1362,1.1378,1.1314,-0.34%,0.0185,1.1496,1.1266,1.36584,-0.00919999999999988,1.131
21-02-2022,1.131,1.1315,1.1391,1.1306,-0.10%,0.0185,1.1496,1.1267,1.36676,-0.000899999999999679,1.1325
22-02-2022,1.1325,1.1312,1.1367,1.1287,0.13%,0.0122,1.1496,1.1279,1.36685,0.0127000000000006,1.1309
23-02-2022,1.1309,1.1327,1.1359,1.13,-0.14%,0.0122,1.1496,1.1279,1.36558,0.0140999999999991,1.1191
24-02-2022,1.1191,1.1313,1.1314,1.1106,-1.04%,0.0122,1.1496,1.1279,1.36417,0.0129999999999999,1.1267
25-02-2022,1.1267,1.1192,1.1275,1.1165,0.68%,0.0207999999999999,1.1496,1.1279,1.36287,0.0223999999999993,1.1219
28-02-2022,1.1219,1.1179,1.1247,1.1122,-0.43%,0.0207999999999999,1.1496,1.1279,1.36063,0.0250000000000004,1.1126
01-03-2022,1.1126,1.1218,1.1234,1.109,-0.83%,0.0207999999999999,1.1431,1.1279,1.35813,0.0210000000000008,1.1121
02-03-2022,1.1121,1.1127,1.1147,1.1057,-0.04%,0.0207999999999999,1.1396,1.1106,1.35603,0.0217000000000009,1.1064
03-03-2022,1.1064,1.1118,1.1125,1.1033,-0.51%,0.0207999999999999,1.1396,1.1106,1.35386,0.0188999999999986,1.0926
04-03-2022,1.0926,1.1068,1.1069,1.0886,-1.25%,0.0207999999999999,1.1396,1.1106,1.35197,0.0292000000000012,1.0852
07-03-2022,1.0852,1.0953,1.0953,1.0805,-0.68%,0.0207999999999999,1.1391,1.109,1.34905,0.0420999999999996,1.0899
08-03-2022,1.0899,1.0855,1.096,1.0848,0.43%,0.0207999999999999,1.1391,1.1057,1.34484,0.0506999999999991,1.1075
09-03-2022,1.1075,1.0903,1.1096,1.089,1.61%,0.0207999999999999,1.1391,1.1033,1.33977,0.0411999999999999,1.0983
10-03-2022,1.0983,1.1075,1.1121,1.0976,-0.83%,0.0207999999999999,1.1367,1.0886,1.33565,0.0237000000000016,1.0909
11-03-2022,1.0909,1.0984,1.1044,1.0901,-0.67%,0.0207999999999999,1.1359,1.0805,1.33328,0.0343,1.0939
14-03-2022,1.0939,1.0943,1.0994,1.09,0.28%,0.0207999999999999,1.1314,1.0805,1.32985,0.036999999999999,1.0951
15-03-2022,1.0951,1.094,1.102,1.0926,0.11%,0.0206,1.1275,1.0805,1.32615,0.0251999999999999,1.1032
16-03-2022,1.1032,1.0956,1.1048,1.0948,0.74%,0.0206,1.1247,1.0805,1.32363,0.0222999999999995,1.1089
17-03-2022,1.1089,1.1036,1.1138,1.1008,0.52%,0.0206,1.1234,1.0805,1.3214,0.0182000000000002,1.1055
18-03-2022,1.1055,1.1091,1.112,1.1003,-0.31%,0.0206,1.1147,1.0805,1.31958,0.00360000000000049,1.1014
21-03-2022,1.1014,1.1059,1.107,1.101,-0.37%,0.0206,1.1138,1.0805,1.31922,0.00590000000000046,1.1027
22-03-2022,1.1027,1.1018,1.1047,1.096,0.12%,0.0206,1.1138,1.0805,1.31863,0.00499999999999901,1.1004
23-03-2022,1.1004,1.1027,1.1044,1.0963,-0.21%,0.0206,1.1138,1.0805,1.31813,-0.00740000000000052,1.0996
24-03-2022,1.0996,1.1004,1.1014,1.0965,-0.07%,0.0206,1.1138,1.0848,1.31887,-0.014899999999999,1.0981
25-03-2022,1.0981,1.0994,1.1039,1.0979,-0.14%,0.0206,1.1138,1.089,1.32036,-0.00910000000000011,1.0978
28-03-2022,1.0978,1.0989,1.1,1.0944,-0.03%,0.0145000000000002,1.1138,1.09,1.32127,0.0085999999999995,1.1085
29-03-2022,1.1085,1.098,1.1137,1.097,0.97%,0.0143,1.1138,1.09,1.32041,0.000400000000000844,1.1156
30-03-2022,1.1156,1.1087,1.1171,1.1083,0.64%,0.0166999999999999,1.1138,1.09,1.32037,-0.0144000000000002,1.1065
31-03-2022,1.1065,1.1158,1.1185,1.1061,-0.82%,0.0166999999999999,1.1171,1.0926,1.32181,-0.0218000000000007,1.1053
01-04-2022,1.1053,1.1065,1.1077,1.1027,-0.11%,0.0166999999999999,1.1185,1.0944,1.32399,-0.0108999999999995,1.097
04-04-2022,1.097,1.1039,1.1056,1.096,-0.75%,0.0166999999999999,1.1185,1.0944,1.32508,-0.000300000000001077,1.0903
05-04-2022,1.0903,1.0973,1.099,1.0899,-0.61%,0.0166999999999999,1.1185,1.0944,1.32511,0.0118000000000009,1.0893
06-04-2022,1.0893,1.0906,1.0939,1.0874,-0.09%,0.0166999999999999,1.1185,1.0944,1.32393,0.0152999999999999,1.0878
07-04-2022,1.0878,1.0893,1.0939,1.0864,-0.14%,0.0166999999999999,1.1185,1.0944,1.3224,0.0124999999999993,1.0876
08-04-2022,1.0876,1.0879,1.0892,1.0836,-0.02%,0.0166999999999999,1.1185,1.0944,1.32115,0.014800000000001,1.0883
11-04-2022,1.0883,1.0935,1.0951,1.0872,0.06%,0.0166999999999999,1.1185,1.0899,1.31967,0.00689999999999991,1.0826
12-04-2022,1.0826,1.0882,1.0905,1.0821,-0.52%,0.0166999999999999,1.1185,1.0874,1.31898,0.0112000000000005,1.0885
13-04-2022,1.0885,1.083,1.0896,1.0809,0.54%,0.0166999999999999,1.1185,1.0864,1.31786,0.0158999999999985,1.0827
14-04-2022,1.0827,1.0887,1.0925,1.0757,-0.53%,0.0166999999999999,1.1185,1.0836,1.31627,0.00930000000000142,1.0806
15-04-2022,1.0806,1.0828,1.0832,1.0796,-0.19%,0.0167999999999999,1.1185,1.0836,1.31534,0.0259,1.078
18-04-2022,1.078,1.0805,1.0822,1.0769,-0.24%,0.0167999999999999,1.1185,1.0821,1.31275,0.0352999999999994,1.0786
19-04-2022,1.0786,1.0783,1.0815,1.0761,0.06%,0.0167999999999999,1.1077,1.0809,1.30922,0.0282,1.085
20-04-2022,1.085,1.0788,1.0868,1.0783,0.59%,0.0167999999999999,1.1056,1.0757,1.3064,0.0251000000000001,1.0836
21-04-2022,1.0836,1.0853,1.0937,1.0824,-0.13%,0.0167999999999999,1.099,1.0757,1.30389,0.0120000000000005,1.0794
22-04-2022,1.0794,1.0838,1.0853,1.077,-0.39%,0.0167999999999999,1.0951,1.0757,1.30269,0.00680000000000014,1.0711
25-04-2022,1.0711,1.0841,1.0842,1.0697,-0.77%,0.0167999999999999,1.0951,1.0757,1.30201,0.00519999999999854,1.0636
26-04-2022,1.0636,1.0713,1.074,1.0635,-0.70%,0.0167999999999999,1.0951,1.0757,1.30149,0.0166000000000004,1.0555
27-04-2022,1.0555,1.0638,1.0655,1.0513,-0.76%,0.0167999999999999,1.0951,1.0757,1.29983,0.0297000000000001,1.0494
28-04-2022,1.0494,1.0557,1.0566,1.0471,-0.58%,0.0167999999999999,1.0937,1.0757,1.29686,0.0325000000000006,1.0541
29-04-2022,1.0541,1.0497,1.0592,1.049,0.45%,0.0167999999999999,1.0937,1.0697,1.29361,0.0332999999999988,1.0504
02-05-2022,1.0504,1.0548,1.0568,1.0489,-0.35%,0.0167999999999999,1.0937,1.0635,1.29028,0.0339000000000009,1.052
03-05-2022,1.052,1.05,1.0577,1.049,0.15%,0.0145,1.0937,1.0513,1.28689,0.0327999999999999,1.0621
04-05-2022,1.0621,1.0514,1.063,1.0504,0.96%,0.0145,1.0937,1.0471,1.28361,0.0290999999999997,1.054
05-05-2022,1.054,1.0621,1.0641,1.0491,-0.76%,0.0145,1.0937,1.0471,1.2807,0.0161999999999995,1.0551
06-05-2022,1.0551,1.0542,1.0599,1.0481,0.10%,0.0150000000000001,1.0937,1.0471,1.27908,0.0246000000000013,1.0555
09-05-2022,1.0555,1.055,1.0592,1.0493,0.04%,0.0150000000000001,1.0937,1.0471,1.27662,0.0302999999999987,1.0527
10-05-2022,1.0527,1.0556,1.0585,1.0524,-0.27%,0.0150000000000001,1.0853,1.0471,1.27359,0.0282,1.0511
11-05-2022,1.0511,1.0527,1.0576,1.05,-0.15%,0.0150000000000001,1.0842,1.0471,1.27077,0.0314000000000014,1.0379
12-05-2022,1.0379,1.051,1.0529,1.0352,-1.26%,0.0150000000000001,1.074,1.0471,1.26763,0.0202999999999989,1.0411
13-05-2022,1.0411,1.0377,1.0419,1.0348,0.31%,0.0177000000000001,1.0655,1.0471,1.2656,0.0261000000000013,1.0431
16-05-2022,1.0431,1.0404,1.0442,1.0387,0.19%,0.0177000000000001,1.0641,1.0471,1.26299,0.0152999999999999,1.0547
17-05-2022,1.0547,1.0432,1.0555,1.0427,1.11%,0.0177000000000001,1.0641,1.0481,1.26146,0.00649999999999906,1.0466
18-05-2022,1.0466,1.0548,1.0563,1.0458,-0.77%,0.0177000000000001,1.0641,1.0352,1.26081,0,1.0586
19-05-2022,1.0586,1.0468,1.0607,1.0459,1.15%,0.0177000000000001,1.0641,1.0348,1.26081,0.00319999999999965,1.056
20-05-2022,1.056,1.0584,1.0598,1.0531,-0.25%,0.0177000000000001,1.0641,1.0348,1.26049,-0.00699999999999967,1.0689
23-05-2022,1.0689,1.057,1.0697,1.0556,1.22%,0.0177000000000001,1.0641,1.0348,1.26119,0.00510000000000055,1.0734
24-05-2022,1.0734,1.0688,1.0748,1.0659,0.42%,0.0177000000000001,1.0697,1.0348,1.26068,-0.0145999999999997,1.068
25-05-2022,1.068,1.0734,1.0738,1.0641,-0.50%,0.0177000000000001,1.0748,1.0348,1.26214,-0.0183999999999998,1.0724
26-05-2022,1.0724,1.0682,1.0731,1.0661,0.41%,0.0177000000000001,1.0748,1.0348,1.26398,-0.0126000000000008,1.0727
27-05-2022,1.0727,1.0725,1.0764,1.0695,0.03%,0.0177000000000001,1.0748,1.0348,1.26524,-0.0198,1.0777
30-05-2022,1.0777,1.0735,1.0786,1.0724,0.47%,0.0177000000000001,1.0764,1.0348,1.26722,-0.0224999999999991,1.0733
31-05-2022,1.0733,1.0777,1.0778,1.0677,-0.41%,0.0147999999999999,1.0786,1.0348,1.26947,-0.0400000000000009,1.0646
01-06-2022,1.0646,1.0732,1.0738,1.0625,-0.81%,0.0147999999999999,1.0786,1.0387,1.27347,-0.0327999999999999,1.0745
02-06-2022,1.0745,1.0647,1.075,1.0643,0.93%,0.0147999999999999,1.0786,1.0427,1.27675,-0.0214999999999996,1.0718
03-06-2022,1.0718,1.0745,1.0764,1.0703,-0.25%,0.0147999999999999,1.0786,1.0458,1.2789,-0.0197000000000003,1.0694
06-06-2022,1.0694,1.072,1.0751,1.0682,-0.22%,0.0147999999999999,1.0786,1.0459,1.28087,-0.0251999999999999,1.0699
07-06-2022,1.0699,1.0693,1.0714,1.065,0.05%,0.0141,1.0786,1.0531,1.28339,-0.0108999999999995,1.0714
08-06-2022,1.0714,1.0698,1.0748,1.067,0.14%,0.0141,1.0786,1.0556,1.28448,-0.0128000000000004,1.0614
09-06-2022,1.0614,1.0716,1.0773,1.0609,-0.93%,0.0113000000000001,1.0786,1.0625,1.28576,-0.00280000000000058,1.0515
10-06-2022,1.0515,1.0615,1.0642,1.0504,-0.93%,0.0164,1.0786,1.0625,1.28604,0.0119000000000007,1.0408
13-06-2022,1.0408,1.0512,1.0519,1.0398,-1.02%,0.0164,1.0786,1.0625,1.28485,0.0169999999999995,1.0414
14-06-2022,1.0414,1.0409,1.0484,1.0395,0.06%,0.0164,1.0786,1.0625,1.28315,0.0315999999999992,1.0443
15-06-2022,1.0443,1.0415,1.0507,1.0357,0.28%,0.0164,1.0786,1.0609,1.27999,0.032,1.0547
16-06-2022,1.0547,1.044,1.0601,1.0379,1.00%,0.0164,1.0778,1.0504,1.27679,0.0337000000000014,1.0498
17-06-2022,1.0498,1.0547,1.0559,1.0443,-0.46%,0.0222,1.0773,1.0398,1.27342,0.0184999999999995,1.0509
20-06-2022,1.0509,1.047,1.0545,1.047,0.10%,0.0222,1.0773,1.0395,1.27157,0.0176999999999996,1.0525
21-06-2022,1.0525,1.0509,1.0582,1.0506,0.15%,0.0222,1.0773,1.0357,1.2698,0.0236000000000001,1.0565
22-06-2022,1.0565,1.0525,1.0605,1.0467,0.38%,0.0222,1.0773,1.0357,1.26744,0.0195000000000007,1.0523
23-06-2022,1.0523,1.0565,1.0581,1.0481,-0.40%,0.0222,1.0773,1.0357,1.26549,0.0128000000000004,1.0554
24-06-2022,1.0554,1.0524,1.0571,1.051,0.29%,0.0222,1.0773,1.0357,1.26421,0.0173999999999985,1.0583
27-06-2022,1.0583,1.0553,1.0614,1.0548,0.27%,0.0222,1.0773,1.0357,1.26247,0.0163000000000011,1.0518
28-06-2022,1.0518,1.0583,1.0606,1.0502,-0.61%,0.0222,1.0642,1.0357,1.26084,0.00319999999999965,1.0439
29-06-2022,1.0439,1.0516,1.0535,1.0433,-0.75%,0.0222,1.0614,1.0357,1.26052,-0.000399999999999068,1.0482
30-06-2022,1.0482,1.0439,1.0488,1.0381,0.41%,0.0222,1.0614,1.0357,1.26056,-0.00300000000000011,1.0428
01-07-2022,1.0428,1.0479,1.0485,1.0365,-0.52%,0.0222,1.0614,1.0357,1.26086,-0.00640000000000107,1.0421
04-07-2022,1.0421,1.0422,1.0462,1.0415,-0.07%,0.0222,1.0614,1.0379,1.2615,0.00180000000000113,1.0266
05-07-2022,1.0266,1.0417,1.0448,1.0233,-1.49%,0.0138,1.0614,1.0433,1.26132,0.0129999999999981,1.0181
06-07-2022,1.0181,1.0266,1.0276,1.016,-0.83%,0.0214999999999999,1.0614,1.0381,1.26002,0.0204000000000004,1.0159
07-07-2022,1.0159,1.0179,1.0221,1.0142,-0.22%,0.0214999999999999,1.0614,1.0365,1.25798,0.0329999999999995,1.0183
08-07-2022,1.0183,1.0158,1.0191,1.007,0.24%,0.0214999999999999,1.0614,1.0365,1.25468,0.0367000000000015,1.0039
11-07-2022,1.0039,1.0172,1.0183,1.0032,-1.41%,0.0214999999999999,1.0614,1.0233,1.25101,0.039299999999999,1.0036
12-07-2022,1.0036,1.0038,1.0073,0.9998,-0.03%,0.0214999999999999,1.0614,1.016,1.24708,0.0486000000000004,1.006
13-07-2022,1.006,1.0038,1.0122,0.9997,0.24%,0.0214999999999999,1.0614,1.0142,1.24222,0.051499999999999,1.0016
14-07-2022,1.0016,1.0059,1.0063,0.995,-0.44%,0.0214999999999999,1.0606,1.007,1.23707,0.0524000000000004,1.0087
15-07-2022,1.0087,1.0016,1.0097,1.0005,0.71%,0.0214999999999999,1.0535,1.0032,1.23183,0.0500000000000007,1.0141
18-07-2022,1.0141,1.0083,1.0201,1.0077,0.54%,0.0214999999999999,1.0488,0.9998,1.22683,0.0355999999999987,1.0224
19-07-2022,1.0224,1.0141,1.0268,1.0118,0.82%,0.0214999999999999,1.0485,0.9997,1.22327,0.0338000000000012,1.0177
20-07-2022,1.0177,1.0226,1.0273,1.0154,-0.46%,0.0214999999999999,1.0462,0.995,1.21989,0.0196000000000005,1.0228
21-07-2022,1.0228,1.0176,1.0278,1.0152,0.50%,0.0214999999999999,1.0448,0.995,1.21793,0.0240999999999989,1.021
22-07-2022,1.021,1.0228,1.0255,1.0128,-0.18%,0.0150999999999999,1.0278,0.995,1.21552,0.00380000000000003,1.022
25-07-2022,1.022,1.021,1.0257,1.0178,0.10%,0.0150999999999999,1.0278,0.995,1.21514,-0.00309999999999988,1.0114
26-07-2022,1.0114,1.0218,1.025,1.0106,-1.04%,0.0150999999999999,1.0278,0.995,1.21545,-0.00600000000000023,1.0202
27-07-2022,1.0202,1.0115,1.022,1.0095,0.87%,0.0150999999999999,1.0278,0.995,1.21605,0.00570000000000093,1.0196
28-07-2022,1.0196,1.0197,1.0234,1.0112,-0.06%,0.0149999999999999,1.0278,0.995,1.21548,-0.0159000000000002,1.0218
29-07-2022,1.0218,1.0195,1.0254,1.0144,0.22%,0.0149999999999999,1.0278,0.995,1.21707,-0.0157000000000007,1.0261
01-08-2022,1.0261,1.0216,1.0275,1.0204,0.42%,0.0149999999999999,1.0278,0.995,1.21864,-0.0156999999999989,1.0164
02-08-2022,1.0164,1.026,1.0293,1.0162,-0.95%,0.0149999999999999,1.0278,1.0005,1.22021,-0.0244,1.0164
03-08-2022,1.0164,1.0165,1.0209,1.0121,0.00%,0.0149999999999999,1.0293,1.0077,1.22265,-0.00820000000000043,1.0243
04-08-2022,1.0243,1.016,1.0253,1.0153,0.78%,0.0149999999999999,1.0293,1.0095,1.22347,-0.00189999999999912,1.0181
05-08-2022,1.0181,1.0246,1.0252,1.0139,-0.61%,0.0144,1.0293,1.0095,1.22366,-0.00200000000000067,1.0195
08-08-2022,1.0195,1.0177,1.0221,1.0157,0.14%,0.0144,1.0293,1.0095,1.22386,-9.99999999997669E-05,1.0211
09-08-2022,1.0211,1.0196,1.0247,1.0187,0.16%,0.0144,1.0293,1.0095,1.22387,0.00319999999999965,1.0297
10-08-2022,1.0297,1.0212,1.0368,1.02,0.84%,0.0144,1.0293,1.0095,1.22355,-0.00020000000000131,1.0317
11-08-2022,1.0317,1.0297,1.0365,1.0274,0.19%,0.0167999999999999,1.0368,1.0095,1.22357,-0.00789999999999935,1.0258
12-08-2022,1.0258,1.0314,1.0327,1.0236,-0.57%,0.0167999999999999,1.0368,1.0095,1.22436,-0.0198999999999998,1.016
15-08-2022,1.016,1.0261,1.0268,1.0153,-0.96%,0.0167999999999999,1.0368,1.0112,1.22635,-0.0063999999999993,1.017
16-08-2022,1.017,1.016,1.0194,1.0121,0.10%,0.0167999999999999,1.0368,1.0121,1.22699,0.00349999999999895,1.018
17-08-2022,1.018,1.0168,1.0202,1.0144,0.10%,0.0167999999999999,1.0368,1.0121,1.22664,0.00480000000000125,1.0088
18-08-2022,1.0088,1.0178,1.0192,1.0078,-0.90%,0.0167999999999999,1.0368,1.0121,1.22616,0.00819999999999865,1.0034
19-08-2022,1.0034,1.0088,1.0095,1.003,-0.54%,0.0167999999999999,1.0368,1.0121,1.22534,0.00770000000000159,0.9941
22-08-2022,0.9941,1.0039,1.0046,0.9924,-0.93%,0.0167999999999999,1.0368,1.0121,1.22457,0.0120999999999984,0.9967
23-08-2022,0.9967,0.9943,1.0018,0.9899,0.26%,0.0167999999999999,1.0368,1.0121,1.22336,0.0303000000000004,0.9965
24-08-2022,0.9965,0.9969,0.9999,0.9908,-0.02%,0.0167999999999999,1.0368,1.0078,1.22033,0.0207999999999995,0.9974
25-08-2022,0.9974,0.9965,1.0033,0.9947,0.09%,0.0167999999999999,1.0368,1.003,1.21825,0.0231000000000012,0.9961
26-08-2022,0.9961,0.9973,1.0089,0.9945,-0.13%,0.0167999999999999,1.0368,0.9924,1.21594,0.0238999999999994,0.9995
29-08-2022,0.9995,0.9969,1.0028,0.9912,0.34%,0.0143999999999999,1.0365,0.9899,1.21355,0.0327999999999999,1.0012
30-08-2022,1.0012,0.9994,1.0054,0.998,0.17%,0.0143999999999999,1.0327,0.9899,1.21027,0.032,1.0057
31-08-2022,1.0057,1.0013,1.0078,0.997,0.45%,0.0143999999999999,1.0268,0.9899,1.20707,0.0248000000000008,0.9944
01-09-2022,0.9944,1.0053,1.0055,0.9909,-1.12%,0.0143999999999999,1.0202,0.9899,1.20459,0.0106999999999999,0.9951
02-09-2022,0.9951,0.9944,1.0033,0.9941,0.07%,0.0146000000000001,1.0202,0.9899,1.20352,0.0223999999999993,0.9926
05-09-2022,0.9926,0.9948,0.9948,0.9875,-0.25%,0.0146000000000001,1.0192,0.9899,1.20128,0.0229999999999997,0.9902
06-09-2022,0.9902,0.9925,0.9986,0.9862,-0.24%,0.0146000000000001,1.0095,0.9899,1.19898,0.0163000000000011,0.9999
07-09-2022,0.9999,0.9902,1.001,0.9874,0.98%,0.0146000000000001,1.0089,0.9899,1.19735,0.0137,0.9994
08-09-2022,0.9994,1.0001,1.0029,0.9929,-0.05%,0.0146000000000001,1.0089,0.9899,1.19598,-0.00580000000000069,1.0039
09-09-2022,1.0039,0.9993,1.0112,0.9993,0.45%,0.0146000000000001,1.0089,0.9875,1.19656,-0.00239999999999974,1.0119
12-09-2022,1.0119,1.0078,1.0197,1.0058,0.80%,0.0146000000000001,1.0112,0.9862,1.1968,-0.0113000000000003,0.997
13-09-2022,0.997,1.0121,1.0187,0.9964,-1.47%,0.0146000000000001,1.0197,0.9862,1.19793,-0.0147999999999993,0.9977
14-09-2022,0.9977,0.9967,1.0023,0.9954,0.07%,0.0223,1.0197,0.9862,1.19941,0.000199999999999534,0.9999
15-09-2022,0.9999,0.9979,1.0017,0.9954,0.22%,0.0223,1.0197,0.9862,1.19939,0.00150000000000006,1.0015
16-09-2022,1.0015,0.9999,1.0036,0.9943,0.16%,0.0223,1.0197,0.9862,1.19924,0.00140000000000029,1.0022
19-09-2022,1.0022,1.001,1.0029,0.9964,0.07%,0.0223,1.0197,0.9862,1.1991,0.00430000000000064,0.997
20-09-2022,0.997,1.0021,1.005,0.9953,-0.52%,0.0223,1.0197,0.9862,1.19867,-0.00770000000000159,0.9837
21-09-2022,0.9837,0.997,0.9976,0.9812,-1.33%,0.0223,1.0197,0.9862,1.19944,-0.0022000000000002,0.9836
22-09-2022,0.9836,0.9836,0.9907,0.9807,-0.01%,0.0223,1.0197,0.9862,1.19966,0.00890000000000057,0.969
23-09-2022,0.969,0.9835,0.9851,0.9666,-1.48%,0.0223,1.0197,0.9874,1.19877,0.00670000000000037,0.9606
26-09-2022,0.9606,0.9678,0.9709,0.9565,-0.87%,0.0223,1.0197,0.9929,1.1981,0.0322999999999993,0.9592
27-09-2022,0.9592,0.9609,0.967,0.9567,-0.15%,0.0223,1.0197,0.9812,1.19487,0.0384000000000011,0.9734
28-09-2022,0.9734,0.9592,0.975,0.9534,1.48%,0.0223,1.0197,0.9807,1.19103,0.0485999999999986,0.9814
29-09-2022,0.9814,0.9733,0.9815,0.9634,0.82%,0.0223,1.0187,0.9666,1.18617,0.0388000000000002,0.9799
30-09-2022,0.9799,0.9815,0.9853,0.9733,-0.15%,0.0216,1.005,0.9565,1.18229,0.0152000000000001,0.9824
03-10-2022,0.9824,0.9798,0.9844,0.9751,0.26%,0.0216,1.005,0.9565,1.18077,0.0181000000000005,0.9983
04-10-2022,0.9983,0.9825,0.9999,0.9804,1.62%,0.0216,1.005,0.9534,1.17896,0.0174000000000003,0.9882
05-10-2022,0.9882,0.9984,0.9994,0.9833,-1.01%,0.0216,1.005,0.9534,1.17722,0.00259999999999927,0.9788
06-10-2022,0.9788,0.9877,0.9926,0.9786,-0.95%,0.0216,1.005,0.9534,1.17696,0.0144000000000002,0.9741
07-10-2022,0.9741,0.9789,0.9816,0.9724,-0.48%,0.0216,0.9999,0.9534,1.17552,0.0181000000000005,0.97
10-10-2022,0.97,0.9735,0.9753,0.968,-0.42%,0.0216,0.9999,0.9534,1.17371,0.0100999999999996,0.9703
11-10-2022,0.9703,0.9698,0.9774,0.9671,0.03%,0.0216,0.9999,0.9534,1.1727,0.0137,0.9704
12-10-2022,0.9704,0.9706,0.9734,0.9666,0.01%,0.0216,0.9999,0.9534,1.17133,-0.00280000000000058,0.9773
13-10-2022,0.9773,0.9701,0.9805,0.9631,0.71%,0.0216,0.9999,0.9534,1.17161,-0.00919999999999988,0.9719
14-10-2022,0.9719,0.9776,0.9808,0.9706,-0.55%,0.0216,0.9999,0.9534,1.17253,-0.0183999999999998,0.9838
17-10-2022,0.9838,0.9724,0.9852,0.9717,1.22%,0.0195,0.9999,0.9634,1.17437,0.000899999999999679,0.9852
18-10-2022,0.9852,0.9836,0.9875,0.9811,0.14%,0.0195,0.9999,0.9666,1.17428,-0.00209999999999866,0.9771
19-10-2022,0.9771,0.9857,0.9872,0.9755,-0.82%,0.0195,0.9999,0.9631,1.17449,-0.00590000000000046,0.9783
20-10-2022,0.9783,0.9772,0.9845,0.9753,0.12%,0.0195,0.9999,0.9631,1.17508,0.00530000000000008,0.986
21-10-2022,0.986,0.9784,0.9868,0.9703,0.79%,0.0174000000000001,0.9994,0.9631,1.17455,0.0199999999999996,0.9874
24-10-2022,0.9874,0.9865,0.9899,0.9805,0.14%,0.0174000000000001,0.9926,0.9631,1.17255,0.00120000000000076,0.9964
25-10-2022,0.9964,0.9872,0.9976,0.9847,0.91%,0.0174000000000001,0.9899,0.9631,1.17243,-0.0083000000000002,1.0077
26-10-2022,1.0077,0.9964,1.0088,0.9942,1.13%,0.0174000000000001,0.9976,0.9631,1.17326,-0.0228999999999999,0.9962
27-10-2022,0.9962,1.0078,1.0093,0.9956,-1.14%,0.0174000000000001,1.0088,0.9631,1.17555,-0.0380000000000003,0.9963
28-10-2022,0.9963,0.9964,0.9997,0.9925,0.01%,0.0174000000000001,1.0093,0.9631,1.17935,-0.0258000000000003,0.9883
31-10-2022,0.9883,0.9946,0.9965,0.9871,-0.80%,0.0174000000000001,1.0093,0.9631,1.18193,-0.0244999999999997,0.9874
01-11-2022,0.9874,0.988,0.9953,0.9851,-0.09%,0.0165,1.0093,0.9703,1.18438,-0.0104000000000006,0.9817
02-11-2022,0.9817,0.9873,0.9975,0.9811,-0.58%,0.0165,1.0093,0.9703,1.18542,-0.014899999999999,0.9751
03-11-2022,0.9751,0.9817,0.9839,0.9728,-0.67%,0.0165,1.0093,0.9703,1.18691,0.00189999999999912,0.996
04-11-2022,0.996,0.9749,0.9966,0.9741,2.14%,0.0165,1.0093,0.9703,1.18672,0.0107999999999997,1.0019
07-11-2022,1.0019,0.9909,1.0034,0.9898,0.59%,0.0225000000000001,1.0093,0.9703,1.18564,-0.0137,1.0072
08-11-2022,1.0072,1.002,1.0096,0.9971,0.53%,0.0225000000000001,1.0093,0.9703,1.18701,-0.0235999999999983,1.0011
09-11-2022,1.0011,1.0072,1.0088,0.9991,-0.61%,0.0225000000000001,1.0096,0.9728,1.18937,-0.0207000000000015,1.0208
10-11-2022,1.0208,1.0006,1.0221,0.9934,1.97%,0.0225000000000001,1.0096,0.9728,1.19144,-0.013399999999999,1.0352
11-11-2022,1.0352,1.0207,1.0364,1.0162,1.41%,0.0287000000000001,1.0221,0.9728,1.19278,-0.0243000000000002,1.0325
14-11-2022,1.0325,1.0365,1.0367,1.027,-0.26%,0.0287000000000001,1.0364,0.9728,1.19521,-0.0287000000000006,1.0348
15-11-2022,1.0348,1.0324,1.048,1.0278,0.22%,0.0287000000000001,1.0367,0.9728,1.19808,-0.0359999999999996,1.0392
16-11-2022,1.0392,1.0347,1.0438,1.0329,0.43%,0.0287000000000001,1.048,0.9728,1.20168,-0.0401000000000007,1.036
17-11-2022,1.036,1.0393,1.0406,1.0303,-0.31%,0.0287000000000001,1.048,0.9728,1.20569,-0.0512999999999995,1.0324
18-11-2022,1.0324,1.036,1.0395,1.0311,-0.35%,0.0287000000000001,1.048,0.9728,1.21082,-0.0487000000000002,1.0241
21-11-2022,1.0241,1.0316,1.0333,1.0221,-0.80%,0.0287000000000001,1.048,0.9728,1.21569,-0.0498999999999992,1.0302
22-11-2022,1.0302,1.0241,1.0307,1.0238,0.60%,0.0287000000000001,1.048,0.9741,1.22068,-0.0492000000000008,1.0395
23-11-2022,1.0395,1.0303,1.0404,1.0295,0.90%,0.0287000000000001,1.048,0.9898,1.2256,-0.0394000000000005,1.0408
24-11-2022,1.0408,1.0396,1.0448,1.038,0.13%,0.0287000000000001,1.048,0.9934,1.22954,-0.0375999999999994,1.0395
25-11-2022,1.0395,1.0407,1.0429,1.0353,-0.12%,0.0287000000000001,1.048,0.9934,1.2333,-0.0335000000000001,1.0337
28-11-2022,1.0337,1.038,1.0496,1.0329,-0.56%,0.0287000000000001,1.048,0.9934,1.23665,-0.0373999999999999,1.0327
29-11-2022,1.0327,1.0338,1.0394,1.0318,-0.10%,0.0202,1.0496,1.0162,1.24039,-0.0130999999999997,1.0405
30-11-2022,1.0405,1.0327,1.0428,1.0288,0.76%,0.0202,1.0496,1.0221,1.2417,0.00380000000000003,1.0522
01-12-2022,1.0522,1.0405,1.0533,1.0391,1.12%,0.0202,1.0496,1.0221,1.24132,-0.00810000000000066,1.0538
02-12-2022,1.0538,1.0522,1.0544,1.0426,0.15%,0.0167000000000002,1.0533,1.0221,1.24213,-0.0175000000000001,1.0491
05-12-2022,1.0491,1.0515,1.0594,1.0478,-0.45%,0.0167000000000002,1.0544,1.0221,1.24388,-0.0122,1.0469
06-12-2022,1.0469,1.0487,1.0532,1.0457,-0.21%,0.0167000000000002,1.0594,1.0221,1.2451,-0.0126999999999988,1.0505
07-12-2022,1.0505,1.0468,1.0549,1.0441,0.34%,0.0167000000000002,1.0594,1.0221,1.24637,-0.0152000000000001,1.0556
08-12-2022,1.0556,1.0506,1.0564,1.0488,0.49%,0.0167000000000002,1.0594,1.0238,1.24789,-0.0265000000000004,1.053
09-12-2022,1.053,1.0557,1.0588,1.0505,-0.25%,0.0167000000000002,1.0594,1.0288,1.25054,-0.0253999999999994,1.0535
12-12-2022,1.0535,1.0526,1.0579,1.0505,0.05%,0.0167000000000002,1.0594,1.0288,1.25308,-0.0130000000000017,1.063
13-12-2022,1.063,1.0532,1.0673,1.0526,0.90%,0.0167000000000002,1.0594,1.0288,1.25438,-0.0124999999999993,1.0682
14-12-2022,1.0682,1.0631,1.0694,1.0617,0.49%,0.0167000000000002,1.0673,1.0288,1.25563,-0.0251000000000001,1.0626
15-12-2022,1.0626,1.0681,1.0735,1.0591,-0.52%,0.0146999999999999,1.0694,1.0288,1.25814,-0.0343,1.0582
16-12-2022,1.0582,1.0624,1.0662,1.0582,-0.41%,0.0146999999999999,1.0735,1.0288,1.26157,-0.0297000000000001,1.0605
19-12-2022,1.0605,1.059,1.0657,1.0574,0.22%,0.0146999999999999,1.0735,1.0391,1.26454,-0.0184999999999995,1.0621
20-12-2022,1.0621,1.0605,1.0658,1.0577,0.15%,0.0146999999999999,1.0735,1.0426,1.26639,-0.0083000000000002,1.0603
21-12-2022,1.0603,1.0623,1.0645,1.0587,-0.17%,0.0146999999999999,1.0735,1.0441,1.26722,-0.0107999999999997,1.0593
22-12-2022,1.0593,1.0605,1.0658,1.0571,-0.09%,0.0146999999999999,1.0735,1.0441,1.2683,-0.0118000000000009,1.0614
23-12-2022,1.0614,1.0594,1.0632,1.0585,0.20%,0.0146999999999999,1.0735,1.0441,1.26948,-0.0125999999999991,1.0635
26-12-2022,1.0635,1.0609,1.0636,1.0603,0.20%,0.0146999999999999,1.0735,1.0488,1.27074,-0.0103000000000009,1.0638
27-12-2022,1.0638,1.0636,1.0669,1.061,0.03%,0.0146999999999999,1.0735,1.0505,1.27177,-0.00789999999999935,1.0608
28-12-2022,1.0608,1.064,1.0674,1.0605,-0.28%,0.0146999999999999,1.0735,1.0505,1.27256,-0.0114000000000001,1.0661
29-12-2022,1.0661,1.0607,1.069,1.0607,0.50%,0.0146999999999999,1.0735,1.0526,1.2737,-0.00750000000000028,1.0702
30-12-2022,1.0702,1.0662,1.0713,1.0637,0.38%,0.0144,1.0735,1.0571,1.27445,-0.00309999999999988,1.0662
02-01-2023,1.0662,1.07,1.0706,1.0649,-0.37%,0.0144,1.0735,1.0571,1.27476,-0.00189999999999912,1.0546
03-01-2023,1.0546,1.0662,1.0683,1.0518,-1.09%,0.00870000000000015,1.0713,1.0571,1.27495,-0.00380000000000003,1.0599
04-01-2023,1.0599,1.0551,1.0635,1.0539,0.50%,0.0165,1.0713,1.0571,1.27533,0.00389999999999979,1.052
05-01-2023,1.052,1.0602,1.0631,1.0513,-0.75%,0.0165,1.0713,1.0571,1.27494,0.000299999999999301,1.0644
06-01-2023,1.0644,1.052,1.0647,1.0482,1.18%,0.0165,1.0713,1.0571,1.27491,0.0103000000000009,1.0728
09-01-2023,1.0728,1.0635,1.076,1.0634,0.79%,0.0165,1.0713,1.0518,1.27388,-0.00300000000000011,1.0734
10-01-2023,1.0734,1.0723,1.0758,1.071,0.06%,0.0165,1.076,1.0518,1.27418,-0.0129000000000001,1.0755
11-01-2023,1.0755,1.0734,1.0776,1.0724,0.20%,0.0165,1.076,1.0513,1.27547,-0.0125000000000011,1.0846
12-01-2023,1.0846,1.0755,1.0866,1.0728,0.85%,0.0165,1.0776,1.0482,1.27672,-0.0118999999999989,1.0828
13-01-2023,1.0828,1.0852,1.0867,1.0778,-0.17%,0.0165,1.0866,1.0482,1.27791,-0.0212000000000003,1.0816
16-01-2023,1.0816,1.0832,1.0873,1.08,-0.11%,0.0165,1.0867,1.0482,1.28003,-0.0224999999999991,1.0788
17-01-2023,1.0788,1.082,1.0869,1.0773,-0.26%,0.0165,1.0873,1.0482,1.28228,-0.0158000000000005,1.0792
18-01-2023,1.0792,1.0788,1.0887,1.0764,0.04%,0.0165,1.0873,1.0482,1.28386,-0.00880000000000081,1.0827
19-01-2023,1.0827,1.0788,1.0839,1.078,0.32%,0.0165,1.0887,1.0482,1.28474,-0.0125999999999991,1.0855
20-01-2023,1.0855,1.0831,1.0859,1.08,0.26%,0.0165,1.0887,1.0482,1.286,-0.0280000000000005,1.0868
23-01-2023,1.0868,1.0858,1.0926,1.0844,0.12%,0.0165,1.0887,1.0482,1.2888,-0.025599999999999,1.0885
24-01-2023,1.0885,1.087,1.0897,1.0832,0.16%,0.0165,1.0926,1.0482,1.29136,-0.0350000000000001,1.0915
25-01-2023,1.0915,1.088,1.0923,1.0854,0.28%,0.0138,1.0926,1.0634,1.29486,-0.0245000000000015,1.0889
26-01-2023,1.0889,1.0915,1.0929,1.0848,-0.24%,0.0138,1.0926,1.071,1.29731,-0.0191999999999997,1.0867
27-01-2023,1.0867,1.089,1.09,1.0835,-0.20%,0.0138,1.0929,1.0724,1.29923,-0.0155999999999992,1.0844
30-01-2023,1.0844,1.0873,1.0913,1.0837,-0.21%,0.0138,1.0929,1.0728,1.30079,-0.0118000000000009,1.0862
31-01-2023,1.0862,1.0849,1.0874,1.08,0.17%,0.0123,1.0929,1.0764,1.30197,0.000300000000001077,1.0989
01-02-2023,1.0989,1.0862,1.1,1.085,1.17%,0.0123,1.0929,1.0764,1.30194,-0.00300000000000011,1.091
02-02-2023,1.091,1.0988,1.1033,1.0883,-0.72%,0.0150000000000001,1.1,1.0764,1.30224,-0.0167999999999999,1.0793
03-02-2023,1.0793,1.0907,1.0939,1.079,-1.07%,0.0150000000000001,1.1033,1.0764,1.30392,-0.0119000000000007,1.073
06-02-2023,1.073,1.0789,1.0798,1.0708,-0.58%,0.0150000000000001,1.1033,1.078,1.30511,-9.99999999997669E-05,1.0723
07-02-2023,1.0723,1.0726,1.0766,1.0665,-0.07%,0.0150000000000001,1.1033,1.08,1.30512,0.0105000000000004,1.0709
08-02-2023,1.0709,1.0724,1.076,1.0708,-0.13%,0.0150000000000001,1.1033,1.08,1.30407,0.013399999999999,1.0736
09-02-2023,1.0736,1.0709,1.0792,1.0708,0.25%,0.0150000000000001,1.1033,1.079,1.30273,0.0160999999999998,1.0675
10-02-2023,1.0675,1.0736,1.0752,1.0664,-0.57%,0.0150000000000001,1.1033,1.0708,1.30112,0.0144000000000002,1.072
13-02-2023,1.072,1.0678,1.0729,1.0654,0.42%,0.0150000000000001,1.1033,1.0665,1.29968,0.0236999999999998,1.0735
14-02-2023,1.0735,1.0721,1.0804,1.0705,0.14%,0.0150000000000001,1.1033,1.0665,1.29731,0.0168999999999997,1.0689
15-02-2023,1.0689,1.0737,1.0744,1.0659,-0.43%,0.0150000000000001,1.1033,1.0665,1.29562,0.0136000000000003,1.0668
16-02-2023,1.0668,1.0688,1.0722,1.0653,-0.20%,0.0150000000000001,1.1033,1.0664,1.29426,0.0160999999999998,1.0694
17-02-2023,1.0694,1.0672,1.0698,1.0611,0.24%,0.0150000000000001,1.1033,1.0654,1.29265,0.0190000000000001,1.0682
20-02-2023,1.0682,1.0686,1.0704,1.0669,-0.11%,0.0149999999999999,1.1033,1.0654,1.29075,0.0302000000000007,1.0646
21-02-2023,1.0646,1.0684,1.0697,1.0636,-0.34%,0.0149000000000001,1.0939,1.0654,1.28773,0.0222999999999995,1.0601
22-02-2023,1.0601,1.0646,1.0663,1.0597,-0.42%,0.0101,1.0804,1.0653,1.2855,0.0143000000000004,1.0595
23-02-2023,1.0595,1.0603,1.0627,1.0575,-0.06%,0.0101,1.0804,1.0611,1.28407,0.0122999999999998,1.0546
24-02-2023,1.0546,1.0595,1.0614,1.0534,-0.46%,0.00990000000000002,1.0804,1.0611,1.28284,0.0129000000000001,1.0607
27-02-2023,1.0607,1.054,1.0619,1.0531,0.58%,0.00990000000000002,1.0804,1.0611,1.28155,0.0168999999999997,1.0576
28-02-2023,1.0576,1.0603,1.0645,1.0572,-0.29%,0.00990000000000002,1.0804,1.0597,1.27986,0.013300000000001,1.0665
01-03-2023,1.0665,1.0574,1.0691,1.0564,0.84%,0.00990000000000002,1.0804,1.0575,1.27853,0.0103999999999989,1.0596
02-03-2023,1.0596,1.0666,1.0672,1.0574,-0.65%,0.0126999999999999,1.0804,1.0534,1.27749,0.00549999999999962,1.0632
03-03-2023,1.0632,1.0597,1.0638,1.0586,0.34%,0.0126999999999999,1.0744,1.0531,1.27694,0.0140000000000011,1.0678
06-03-2023,1.0678,1.0618,1.0694,1.0614,0.43%,0.0126999999999999,1.0722,1.0531,1.27554,0.00699999999999967,1.0547
07-03-2023,1.0547,1.0679,1.0694,1.0544,-1.23%,0.0126999999999999,1.0704,1.0531,1.27484,-0.000700000000000145,1.0544
08-03-2023,1.0544,1.0547,1.0573,1.0523,-0.03%,0.0149999999999999,1.0704,1.0531,1.27491,0.0138999999999996,1.058
09-03-2023,1.058,1.0543,1.059,1.0536,0.34%,0.0149999999999999,1.0697,1.0531,1.27352,0.0141000000000009,1.0643
10-03-2023,1.0643,1.0578,1.07,1.0572,0.60%,0.0149999999999999,1.0694,1.0531,1.27211,0.00680000000000014,1.0729
13-03-2023,1.0729,1.0645,1.0748,1.0645,0.81%,0.0149999999999999,1.07,1.0531,1.27143,-0.00420000000000087,1.0732
14-03-2023,1.0732,1.0729,1.0749,1.0677,0.03%,0.0149999999999999,1.0748,1.0523,1.27185,-0.013399999999999,1.0575
15-03-2023,1.0575,1.0731,1.0759,1.0514,-1.46%,0.0149999999999999,1.0749,1.0523,1.27319,-0.0190999999999999,1.0605
16-03-2023,1.0605,1.0576,1.0635,1.0548,0.28%,0.0245000000000002,1.0759,1.0523,1.2751,0.00269999999999904,1.0666
17-03-2023,1.0666,1.0607,1.0685,1.0603,0.58%,0.0245000000000002,1.0759,1.0523,1.27483,-0.00329999999999941,1.0719
20-03-2023,1.0719,1.0695,1.073,1.063,0.50%,0.0245000000000002,1.0759,1.0523,1.27516,-0.00290000000000035,1.0767
21-03-2023,1.0767,1.072,1.0788,1.0702,0.45%,0.0245000000000002,1.0759,1.0514,1.27545,-0.0122999999999998,1.0855
22-03-2023,1.0855,1.0767,1.0912,1.0757,0.82%,0.0245000000000002,1.0788,1.0514,1.27668,-0.0149000000000008,1.083
23-03-2023,1.083,1.0854,1.0929,1.0823,-0.23%,0.0245000000000002,1.0912,1.0514,1.27817,-0.0174999999999983,1.0759
24-03-2023,1.0759,1.0827,1.0838,1.0712,-0.66%,0.0245000000000002,1.0929,1.0514,1.27992,-0.0280000000000005,1.0796
27-03-2023,1.0796,1.0765,1.0799,1.0743,0.34%,0.0245000000000002,1.0929,1.0514,1.28272,-0.0221999999999998,1.0843
28-03-2023,1.0843,1.0797,1.0848,1.0793,0.44%,0.0245000000000002,1.0929,1.0514,1.28494,-0.0219000000000005,1.0843
29-03-2023,1.0843,1.0842,1.0871,1.0816,0.00%,0.0245000000000002,1.0929,1.0514,1.28713,-0.0197000000000003,1.0901
30-03-2023,1.0901,1.0842,1.0926,1.0822,0.53%,0.0245000000000002,1.0929,1.0514,1.2891,-0.0113000000000003,1.0839
31-03-2023,1.0839,1.0904,1.0925,1.0835,-0.57%,0.0245000000000002,1.0929,1.0514,1.29023,-0.0173000000000005,1.0895
03-04-2023,1.0895,1.0845,1.0916,1.0786,0.52%,0.0154999999999998,1.0929,1.0548,1.29196,-0.0268999999999995,1.0952
04-04-2023,1.0952,1.09,1.0973,1.0881,0.52%,0.0154999999999998,1.0929,1.0603,1.29465,-0.0292999999999992,1.0903
05-04-2023,1.0903,1.0951,1.0969,1.0889,-0.45%,0.0154999999999998,1.0973,1.063,1.29758,-0.0256000000000007,1.092
06-04-2023,1.092,1.0901,1.0937,1.0883,0.16%,0.0154999999999998,1.0973,1.0702,1.30014,-0.0181000000000005,1.0897
07-04-2023,1.0897,1.0921,1.0924,1.0875,-0.21%,0.0154999999999998,1.0973,1.0712,1.30195,-0.0153999999999996,1.0859
10-04-2023,1.0859,1.0899,1.0917,1.083,-0.35%,0.0129999999999999,1.0973,1.0712,1.30349,-0.00450000000000017,1.091
11-04-2023,1.091,1.0861,1.0927,1.0855,0.47%,0.0129999999999999,1.0973,1.0712,1.30394,-0.00339999999999918,1.0989
12-04-2023,1.0989,1.0912,1.1,1.0909,0.72%,0.0129999999999999,1.0973,1.0743,1.30428,-0.0147000000000013,1.1044
13-04-2023,1.1044,1.099,1.1067,1.0975,0.50%,0.0129999999999999,1.1,1.0786,1.30575,-0.0192999999999994,1.1
14-04-2023,1.1,1.1042,1.1075,1.0971,-0.40%,0.0129999999999999,1.1067,1.0786,1.30768,-0.0199999999999996,1.0926
17-04-2023,1.0926,1.0988,1.0999,1.0907,-0.67%,0.0129999999999999,1.1075,1.0786,1.30968,-0.0145999999999997,1.0971
18-04-2023,1.0971,1.0922,1.0982,1.092,0.41%,0.0129999999999999,1.1075,1.0786,1.31114,-0.00180000000000113,1.0954
19-04-2023,1.0954,1.097,1.0983,1.0915,-0.15%,0.0129999999999999,1.1075,1.0786,1.31132,-0.0124999999999993,1.0967
20-04-2023,1.0967,1.0954,1.0989,1.0931,0.12%,0.0104,1.1075,1.083,1.31257,-0.00539999999999985,1.0987
21-04-2023,1.0987,1.0968,1.0993,1.0937,0.18%,0.0104,1.1075,1.083,1.31311,-0.00169999999999959,1.1041
24-04-2023,1.1041,1.0989,1.105,1.0964,0.49%,0.0104,1.1075,1.083,1.31328,-0.00880000000000081,1.0972
25-04-2023,1.0972,1.1045,1.1066,1.0962,-0.62%,0.0104,1.1075,1.083,1.31416,-0.0123999999999995,1.104
26-04-2023,1.104,1.097,1.1095,1.0965,0.62%,0.0104,1.1075,1.083,1.3154,-0.00709999999999944,1.1027
27-04-2023,1.1027,1.104,1.1063,1.0991,-0.12%,0.0129999999999999,1.1095,1.0855,1.31611,-0.0179000000000009,1.102
28-04-2023,1.102,1.1026,1.1044,1.0961,-0.06%,0.0129999999999999,1.1095,1.0907,1.3179,-0.0114000000000001,1.0975
01-05-2023,1.0975,1.1034,1.1036,1.0962,-0.41%,0.0129999999999999,1.1095,1.0907,1.31904,-0.0044000000000004,1.0999
02-05-2023,1.0999,1.0971,1.1008,1.094,0.22%,0.0129999999999999,1.1095,1.0907,1.31948,0.00710000000000122,1.1059
03-05-2023,1.1059,1.0998,1.1091,1.0998,0.55%,0.0129999999999999,1.1095,1.0907,1.31877,-0.00100000000000122,1.1011
04-05-2023,1.1011,1.1058,1.1091,1.0984,-0.43%,0.0129999999999999,1.1095,1.0915,1.31887,-0.0135999999999985,1.1017
05-05-2023,1.1017,1.1011,1.1047,1.0965,0.05%,0.0129999999999999,1.1095,1.0915,1.32023,-0.0041000000000011,1.1004
08-05-2023,1.1004,1.1031,1.1053,1.0998,-0.12%,0.0129999999999999,1.1095,1.0931,1.32064,-0.00769999999999982,1.096
09-05-2023,1.096,1.1004,1.1005,1.0939,-0.40%,0.0129999999999999,1.1095,1.0937,1.32141,-0.00360000000000049,1.098
10-05-2023,1.098,1.096,1.1006,1.094,0.18%,0.0129999999999999,1.1095,1.094,1.32177,0.00290000000000035,1.0914
11-05-2023,1.0914,1.0979,1.0997,1.0898,-0.60%,0.0129999999999999,1.1095,1.094,1.32148,0.00660000000000061,1.0848
12-05-2023,1.0848,1.0914,1.0935,1.0846,-0.60%,0.0129999999999999,1.1095,1.094,1.32082,0.00559999999999938,1.0872
15-05-2023,1.0872,1.0854,1.089,1.0843,0.22%,0.0106999999999999,1.1091,1.0939,1.32026,0.0186000000000011,1.0861
16-05-2023,1.0861,1.0872,1.0904,1.0853,-0.10%,0.0106999999999999,1.1091,1.0939,1.3184,0.0153999999999996,1.0839
17-05-2023,1.0839,1.0861,1.0873,1.0808,-0.20%,0.0106999999999999,1.1091,1.0898,1.31686,0.0173000000000005,1.0769
18-05-2023,1.0769,1.0838,1.0847,1.0761,-0.65%,0.0106999999999999,1.1091,1.0846,1.31513,0.0132999999999992,1.0802
19-05-2023,1.0802,1.077,1.0828,1.0758,0.31%,0.0106999999999999,1.1091,1.0843,1.3138,0.0228000000000002,1.0811
22-05-2023,1.0811,1.0813,1.0831,1.0794,0.08%,0.0106999999999999,1.1091,1.0843,1.31152,0.0244999999999997,1.0768
23-05-2023,1.0768,1.081,1.082,1.0758,-0.40%,0.0098999999999998,1.1053,1.0808,1.30907,0.0200999999999993,1.0748
24-05-2023,1.0748,1.0773,1.0801,1.0746,-0.19%,0.0098999999999998,1.1053,1.0761,1.30706,0.0258000000000003,1.0719
25-05-2023,1.0719,1.0748,1.0756,1.0706,-0.27%,0.0098999999999998,1.1006,1.0758,1.30448,0.0256000000000007,1.0724
26-05-2023,1.0724,1.072,1.0758,1.07,0.05%,0.0098999999999998,1.1006,1.0758,1.30192,0.0239999999999991,1.0705
29-05-2023,1.0705,1.0724,1.0743,1.0704,-0.18%,0.0098999999999998,1.0997,1.0758,1.29952,0.025500000000001,1.0733
30-05-2023,1.0733,1.0706,1.0746,1.0671,0.26%,0.00889999999999991,1.0935,1.0746,1.29697,0.0207999999999995,1.0688
31-05-2023,1.0688,1.0734,1.0736,1.0633,-0.42%,0.00859999999999994,1.0904,1.0706,1.29489,0.0120000000000005,1.0761
01-06-2023,1.0761,1.0688,1.0768,1.066,0.68%,0.0103000000000002,1.0904,1.07,1.29369,0.0183999999999998,1.0706
02-06-2023,1.0706,1.076,1.0778,1.0703,-0.51%,0.0107999999999999,1.0873,1.07,1.29185,0.0100999999999996,1.0712
05-06-2023,1.0712,1.071,1.0722,1.0673,0.06%,0.0107999999999999,1.0847,1.0671,1.29084,0.0128000000000004,1.0691
06-06-2023,1.0691,1.0712,1.0732,1.0665,-0.20%,0.0107999999999999,1.0831,1.0633,1.28956,0.00580000000000069,1.0697
07-06-2023,1.0697,1.0693,1.0739,1.0666,0.06%,0.0107999999999999,1.0831,1.0633,1.28898,0.0119999999999987,1.0781
08-06-2023,1.0781,1.0697,1.0786,1.0694,0.79%,0.0107999999999999,1.082,1.0633,1.28778,0.0113000000000003,1.0747
09-06-2023,1.0747,1.0781,1.0785,1.0741,-0.32%,0.0107999999999999,1.0801,1.0633,1.28665,-0.000799999999999912,1.0757
12-06-2023,1.0757,1.0749,1.079,1.0731,0.09%,0.0107999999999999,1.0786,1.0633,1.28673,-9.99999999997669E-05,1.0791
13-06-2023,1.0791,1.0753,1.0823,1.0753,0.32%,0.0107999999999999,1.079,1.0633,1.28674,-0.00329999999999941,1.0831
14-06-2023,1.0831,1.079,1.0863,1.0772,0.37%,0.0107999999999999,1.0823,1.0633,1.28707,-0.00660000000000061,1.0945
15-06-2023,1.0945,1.0828,1.0952,1.0802,1.05%,0.0107999999999999,1.0863,1.0633,1.28773,-0.0122,1.0933
16-06-2023,1.0933,1.0942,1.097,1.0916,-0.11%,0.0149999999999999,1.0952,1.0633,1.28895,-0.0207999999999995,1.0922
19-06-2023,1.0922,1.094,1.0946,1.0905,-0.10%,0.0149999999999999,1.097,1.066,1.29103,-0.0251999999999999,1.0916
20-06-2023,1.0916,1.092,1.0946,1.0891,-0.05%,0.0149999999999999,1.097,1.0665,1.29355,-0.016,1.0984
21-06-2023,1.0984,1.0914,1.099,1.0904,0.62%,0.0149999999999999,1.097,1.0665,1.29515,-0.0204000000000004,1.0956
22-06-2023,1.0956,1.0985,1.1011,1.0947,-0.25%,0.0149999999999999,1.099,1.0665,1.29719,-0.0273000000000003,1.0889
23-06-2023,1.0889,1.0955,1.0958,1.0841,-0.61%,0.0149999999999999,1.1011,1.0666,1.29992,-0.0261999999999993,1.0904
26-06-2023,1.0904,1.0895,1.092,1.0886,0.14%,0.0149999999999999,1.1011,1.0694,1.30254,-0.0198,1.0959
27-06-2023,1.0959,1.0908,1.0976,1.0901,0.50%,0.0149999999999999,1.1011,1.0731,1.30452,-0.0127000000000006,1.0911
28-06-2023,1.0911,1.0959,1.0962,1.0895,-0.44%,0.0149999999999999,1.1011,1.0731,1.30579,-0.0210000000000008,1.0864
29-06-2023,1.0864,1.0912,1.0941,1.0858,-0.43%,0.0149999999999999,1.1011,1.0753,1.30789,-0.0158999999999985,1.091
30-06-2023,1.091,1.0863,1.0931,1.0833,0.42%,0.0149999999999999,1.1011,1.0772,1.30948,-0.00730000000000075,1.0911
03-07-2023,1.0911,1.0909,1.0933,1.0869,0.01%,0.0149999999999999,1.1011,1.0802,1.31021,-0.00810000000000066,1.0877
04-07-2023,1.0877,1.0909,1.0916,1.0875,-0.31%,0.0117,1.1011,1.0841,1.31102,0.00330000000000119,1.0851
05-07-2023,1.0851,1.0877,1.0907,1.0849,-0.24%,0.0117,1.1011,1.0841,1.31069,0.00629999999999953,1.0887
06-07-2023,1.0887,1.0856,1.09,1.0832,0.33%,0.0117,1.1011,1.0833,1.31006,0.00640000000000107,1.0967
07-07-2023,1.0967,1.0885,1.0973,1.0865,0.73%,0.0117,1.1011,1.0833,1.30942,0.00289999999999857,1.0999
10-07-2023,1.0999,1.0969,1.1001,1.0942,0.29%,0.0117,1.1011,1.0833,1.30913,0.00159999999999982,1.1006
11-07-2023,1.1006,1.0999,1.1026,1.0975,0.06%,0.0117,1.1001,1.0833,1.30897,-0.00439999999999863,1.1128
12-07-2023,1.1128,1.1008,1.114,1.1002,1.11%,0.0107999999999999,1.1026,1.0832,1.30941,-0.0113000000000003,1.1224
13-07-2023,1.1224,1.1129,1.1227,1.1127,0.86%,0.0138,1.114,1.0832,1.31054,-0.0221,1.1227
14-07-2023,1.1227,1.1226,1.1244,1.1202,0.03%,0.0138,1.1227,1.0832,1.31275,-0.0266999999999999,1.1234
17-07-2023,1.1234,1.1234,1.1248,1.1202,0.06%,0.0138,1.1244,1.0832,1.31542,-0.0321999999999996,1.1226
18-07-2023,1.1226,1.1235,1.1275,1.1207,-0.07%,0.0138,1.1248,1.0832,1.31864,-0.0372000000000003,1.1198
19-07-2023,1.1198,1.1225,1.1239,1.1173,-0.25%,0.0138,1.1275,1.0832,1.32236,-0.031600000000001,1.1128
20-07-2023,1.1128,1.1198,1.1228,1.1117,-0.63%,0.0138,1.1275,1.0832,1.32552,-0.0289000000000001,1.1123
21-07-2023,1.1123,1.1131,1.1144,1.1106,-0.04%,0.0138,1.1275,1.0832,1.32841,-0.0253999999999994,1.1062
24-07-2023,1.1062,1.1125,1.1146,1.1058,-0.55%,0.0138,1.1275,1.0832,1.33095,-0.0268999999999995,1.1053
25-07-2023,1.1053,1.1064,1.1086,1.1019,-0.08%,0.0138,1.1275,1.0865,1.33364,-0.0179000000000009,1.1083
26-07-2023,1.1083,1.1051,1.1106,1.1036,0.27%,0.0138,1.1275,1.0942,1.33543,-0.00820000000000043,1.0973
27-07-2023,1.0973,1.1079,1.1149,1.0964,-0.99%,0.0138,1.1275,1.0975,1.33625,-0.00799999999999912,1.1015
28-07-2023,1.1015,1.0976,1.1047,1.0942,0.38%,0.0185,1.1275,1.1002,1.33705,0.00319999999999965,1.0993
31-07-2023,1.0993,1.1021,1.1045,1.0992,-0.20%,0.0185,1.1275,1.1019,1.33673,0.0107999999999997,1.0982
01-08-2023,1.0982,1.0995,1.1003,1.095,-0.10%,0.0185,1.1275,1.1019,1.33565,0.0231000000000012,1.0936
02-08-2023,1.0936,1.0981,1.1019,1.0916,-0.42%,0.0185,1.1275,1.0964,1.33334,0.0252999999999997,1.0944
03-08-2023,1.0944,1.0936,1.0962,1.091,0.07%,0.0185,1.1275,1.0942,1.33081,0.0298999999999996,1.101
04-08-2023,1.101,1.0944,1.1041,1.0933,0.60%,0.0185,1.1239,1.0942,1.32782,0.0281000000000002,1.1002
07-08-2023,1.1002,1.1016,1.1017,1.0964,-0.07%,0.0185,1.1228,1.0942,1.32501,0.0182000000000002,1.0954
08-08-2023,1.0954,1.1,1.1011,1.0927,-0.44%,0.0185,1.1149,1.0916,1.32319,0.0130999999999997,1.0973
09-08-2023,1.0973,1.0951,1.0995,1.095,0.17%,0.0185,1.1149,1.091,1.32188,0.0174000000000003,1.0979
10-08-2023,1.0979,1.0973,1.1064,1.0965,0.05%,0.0185,1.1149,1.091,1.32014,0.00910000000000011,1.0944
11-08-2023,1.0944,1.0979,1.1004,1.0941,-0.32%,0.0185,1.1149,1.091,1.31923,0.00719999999999921,1.0904
14-08-2023,1.0904,1.0951,1.0959,1.0873,-0.37%,0.0185,1.1149,1.091,1.31851,0.0128000000000004,1.0904
15-08-2023,1.0904,1.0905,1.0952,1.0896,0.00%,0.0108000000000001,1.1064,1.091,1.31723,0.00709999999999944,1.0874
16-08-2023,1.0874,1.0905,1.0934,1.087,-0.28%,0.0108000000000001,1.1064,1.091,1.31652,0.0115999999999996,1.0871
17-08-2023,1.0871,1.0874,1.0918,1.0854,-0.03%,0.0108000000000001,1.1064,1.091,1.31536,0.0121000000000002,1.0865
18-08-2023,1.0865,1.0871,1.0893,1.0843,-0.06%,0.0108000000000001,1.1064,1.0873,1.31415,0.011000000000001,1.0891
21-08-2023,1.0891,1.0876,1.0913,1.0868,0.24%,0.0108000000000001,1.1064,1.0873,1.31305,0.00600000000000023,1.0844
22-08-2023,1.0844,1.0891,1.093,1.0831,-0.43%,0.0108000000000001,1.1064,1.087,1.31245,0.00530000000000008,1.0859
23-08-2023,1.0859,1.0846,1.0871,1.08,0.14%,0.00990000000000002,1.1064,1.0854,1.31192,0.0169999999999995,1.0809
24-08-2023,1.0809,1.0861,1.0876,1.0803,-0.46%,0.00990000000000002,1.1064,1.0843,1.31022,0.0138999999999996,1.08
25-08-2023,1.08,1.0808,1.0841,1.0764,-0.08%,0.00990000000000002,1.1064,1.0843,1.30883,0.0143000000000004,1.0817
28-08-2023,1.0817,1.0799,1.0822,1.0792,0.16%,0.00990000000000002,1.1064,1.0831,1.3074,0.0174000000000003,1.0877
29-08-2023,1.0877,1.0812,1.0891,1.078,0.55%,0.00990000000000002,1.1004,1.08,1.30566,0.0167000000000002,1.0924
30-08-2023,1.0924,1.0878,1.0945,1.0853,0.43%,0.0110999999999999,1.0959,1.08,1.30399,0.00729999999999897,1.0841
31-08-2023,1.0841,1.0924,1.0939,1.0833,-0.76%,0.0110999999999999,1.0952,1.0764,1.30326,-0.00189999999999912,1.0773
01-09-2023,1.0773,1.0838,1.0881,1.0769,-0.63%,0.0110999999999999,1.0945,1.0764,1.30345,0.00670000000000037,1.0794
04-09-2023,1.0794,1.0776,1.0808,1.077,0.19%,0.0112000000000001,1.0945,1.0764,1.30278,0.00979999999999848,1.072
05-09-2023,1.072,1.0795,1.0798,1.0705,-0.69%,0.0112000000000001,1.0945,1.0764,1.3018,0.00760000000000005,1.0727
06-09-2023,1.0727,1.0727,1.0748,1.0701,0.07%,0.0112000000000001,1.0945,1.0764,1.30104,0.0149000000000008,1.0699
07-09-2023,1.0699,1.0724,1.0731,1.0685,-0.26%,0.0112000000000001,1.0945,1.0764,1.29955,0.0167000000000002,1.0699
08-09-2023,1.0699,1.0696,1.0743,1.0692,0.00%,0.0112000000000001,1.0945,1.0764,1.29788,0.0149999999999988,1.0748
11-09-2023,1.0748,1.0714,1.0759,1.0706,0.46%,0.0112000000000001,1.0945,1.0705,1.29638,0.0147000000000013,1.0752
12-09-2023,1.0752,1.0749,1.0768,1.0704,0.04%,0.0112000000000001,1.0945,1.0701,1.29491,0.00589999999999868,1.0728
13-09-2023,1.0728,1.0752,1.0764,1.071,-0.22%,0.0112000000000001,1.0945,1.0685,1.29432,0.00470000000000148,1.0641
14-09-2023,1.0641,1.0727,1.0752,1.0629,-0.81%,0.0112000000000001,1.0945,1.0685,1.29385,0.00849999999999973,1.0655
15-09-2023,1.0655,1.0637,1.0687,1.0631,0.13%,0.0123,1.0945,1.0685,1.293,0.0241000000000007,1.069
18-09-2023,1.069,1.0661,1.0698,1.0653,0.33%,0.0123,1.0939,1.0685,1.29059,0.0262999999999991,1.0677
19-09-2023,1.0677,1.0685,1.0717,1.0672,-0.12%,0.0123,1.0881,1.0685,1.28796,0.0152999999999999,1.0659
20-09-2023,1.0659,1.068,1.0736,1.0648,-0.17%,0.0123,1.0808,1.0629,1.28643,0.00960000000000072,1.0658
21-09-2023,1.0658,1.0658,1.0673,1.0615,-0.01%,0.0123,1.0798,1.0629,1.28547,0.0136999999999983,1.0652
22-09-2023,1.0652,1.0658,1.0671,1.0613,-0.06%,0.0123,1.0768,1.0629,1.2841,0.00690000000000168,1.059
25-09-2023,1.059,1.0653,1.0655,1.0572,-0.58%,0.0123,1.0768,1.0629,1.28341,0.00709999999999944,1.057
26-09-2023,1.057,1.0591,1.0609,1.056,-0.19%,0.0123,1.0768,1.0629,1.2827,0.0105000000000004,1.05
27-09-2023,1.05,1.0567,1.0573,1.0486,-0.66%,0.0123,1.0768,1.0615,1.28165,0.0146999999999995,1.0559
28-09-2023,1.0559,1.0501,1.0578,1.0489,0.56%,0.0123,1.0768,1.0613,1.28018,0.024799999999999,1.057
29-09-2023,1.057,1.0565,1.0616,1.0556,0.10%,0.0123,1.0764,1.0572,1.2777,0.0187000000000008,1.0476
02-10-2023,1.0476,1.0566,1.0591,1.0475,-0.89%,0.0123,1.0752,1.056,1.27583,0.0160999999999998,1.0465
03-10-2023,1.0465,1.0477,1.0493,1.0447,-0.11%,0.0115999999999998,1.0736,1.0486,1.27422,0.016,1.0503
04-10-2023,1.0503,1.0468,1.0532,1.045,0.36%,0.0115999999999998,1.0736,1.0486,1.27262,0.0192999999999994,1.0548
05-10-2023,1.0548,1.0507,1.0551,1.0498,0.43%,0.0115999999999998,1.0736,1.0486,1.27069,0.0178000000000011,1.0586
06-10-2023,1.0586,1.0548,1.0599,1.0481,0.36%,0.0115999999999998,1.0736,1.0475,1.26891,0.0131999999999994,1.0565
09-10-2023,1.0565,1.0561,1.0574,1.0518,-0.20%,0.0118,1.0673,1.0447,1.26759,0.00970000000000049,1.0603
10-10-2023,1.0603,1.0565,1.0619,1.0553,0.36%,0.0118,1.0671,1.0447,1.26662,0.00929999999999964,1.0617
11-10-2023,1.0617,1.0603,1.0634,1.0578,0.13%,0.0118,1.0655,1.0447,1.26569,0.00500000000000078,1.0526
12-10-2023,1.0526,1.062,1.0639,1.0524,-0.86%,0.0118,1.0634,1.0447,1.26519,-0.00290000000000035,1.0509
13-10-2023,1.0509,1.0527,1.0558,1.0494,-0.16%,0.0118,1.0639,1.0447,1.26548,0.00399999999999956,1.0558
16-10-2023,1.0558,1.0505,1.0562,1.0505,0.47%,0.0118,1.0639,1.0447,1.26508,-0.000399999999999068,1.0575
17-10-2023,1.0575,1.056,1.0594,1.0531,0.16%,0.0118,1.0639,1.0447,1.26512,0.000499999999998835,1.0535
18-10-2023,1.0535,1.0573,1.0594,1.0521,-0.38%,0.0118,1.0639,1.0447,1.26507,-0.000700000000000145,1.0579
19-10-2023,1.0579,1.0533,1.0616,1.0526,0.42%,0.0118,1.0639,1.0447,1.26514,-0.00559999999999938,1.0593
20-10-2023,1.0593,1.0584,1.0603,1.0563,0.13%,0.0118,1.0639,1.045,1.2657,-0.0115999999999996,1.0668
23-10-2023,1.0668,1.0592,1.0677,1.0569,0.71%,0.0118,1.0639,1.0481,1.26686,-0.00849999999999973,1.0588
24-10-2023,1.0588,1.0667,1.0693,1.0581,-0.75%,0.0118,1.0677,1.0481,1.26771,-0.0119000000000007,1.0563
25-10-2023,1.0563,1.0589,1.0606,1.0563,-0.24%,0.0115000000000001,1.0693,1.0494,1.2689,-0.00280000000000058,1.056
26-10-2023,1.056,1.0568,1.0573,1.052,-0.03%,0.0115000000000001,1.0693,1.0494,1.26918,-0.000299999999999301,1.0564
27-10-2023,1.0564,1.0556,1.0597,1.0534,0.04%,0.0115000000000001,1.0693,1.0494,1.26921,0.0046999999999997,1.0613
30-10-2023,1.0613,1.0564,1.0624,1.0545,0.46%,0.0115000000000001,1.0693,1.0494,1.26874,0.00560000000000116,1.0576
31-10-2023,1.0576,1.0614,1.0674,1.0554,-0.35%,0.0111999999999999,1.0693,1.0494,1.26818,-0.00870000000000104,1.0568
01-11-2023,1.0568,1.0572,1.058,1.0515,-0.08%,0.012,1.0693,1.0505,1.26905,-0.0066999999999986,1.062
02-11-2023,1.062,1.0567,1.0667,1.0564,0.49%,0.012,1.0693,1.052,1.26972,-0.000700000000000145,1.0729
03-11-2023,1.0729,1.0621,1.0746,1.0613,1.03%,0.012,1.0693,1.052,1.26979,-0.00480000000000125,1.0715
06-11-2023,1.0715,1.0727,1.0756,1.0715,-0.13%,0.0133000000000001,1.0746,1.052,1.27027,-0.0193999999999992,1.0699
07-11-2023,1.0699,1.0715,1.0723,1.0662,-0.15%,0.0133000000000001,1.0756,1.0515,1.27221,-0.0130999999999997,1.0707
08-11-2023,1.0707,1.0697,1.0716,1.0658,0.07%,0.0133000000000001,1.0756,1.0515,1.27352,-0.0105000000000004,1.0666
09-11-2023,1.0666,1.0706,1.0725,1.0658,-0.38%,0.0133000000000001,1.0756,1.0515,1.27457,-0.00389999999999979,1.0681
10-11-2023,1.0681,1.0667,1.0692,1.0654,0.14%,0.0133000000000001,1.0756,1.0515,1.27496,-0.00780000000000136,1.0697
13-11-2023,1.0697,1.0682,1.0705,1.0663,0.15%,0.0133000000000001,1.0756,1.0515,1.27574,-0.0114000000000001,1.0879
14-11-2023,1.0879,1.0698,1.0887,1.0691,1.70%,0.0133000000000001,1.0756,1.0515,1.27688,-0.0141999999999989,1.0846
15-11-2023,1.0846,1.0877,1.0885,1.083,-0.30%,0.0196000000000001,1.0887,1.0515,1.2783,-0.0312999999999999,1.085
16-11-2023,1.085,1.0845,1.0895,1.0828,0.04%,0.0196000000000001,1.0887,1.0515,1.28143,-0.0231000000000012,1.0907
17-11-2023,1.0907,1.0846,1.0915,1.0823,0.53%,0.0196000000000001,1.0895,1.0515,1.28374,-0.0274000000000001,1.0938
20-11-2023,1.0938,1.0911,1.0951,1.0896,0.28%,0.0196000000000001,1.0915,1.0564,1.28648,-0.0343999999999998,1.0909
21-11-2023,1.0909,1.0938,1.0964,1.0898,-0.27%,0.0196000000000001,1.0951,1.0613,1.28992,-0.031699999999999,1.0887
22-11-2023,1.0887,1.0909,1.0922,1.085,-0.20%,0.0196000000000001,1.0964,1.0654,1.29309,-0.0182000000000002,1.0904
23-11-2023,1.0904,1.0887,1.093,1.0882,0.16%,0.0196000000000001,1.0964,1.0654,1.29491,-0.0172000000000008,1.0939
24-11-2023,1.0939,1.0903,1.0948,1.0893,0.32%,0.0196000000000001,1.0964,1.0654,1.29663,-0.0206,1.0953
27-11-2023,1.0953,1.0935,1.0958,1.0923,0.13%,0.0196000000000001,1.0964,1.0654,1.29869,-0.0228999999999999,1.099
28-11-2023,1.099,1.0952,1.1008,1.0933,0.34%,0.0196000000000001,1.0964,1.0654,1.30098,-0.0284999999999993,1.0968
29-11-2023,1.0968,1.0991,1.1017,1.0958,-0.20%,0.0196000000000001,1.1008,1.0663,1.30383,-0.0309000000000008,1.0886
30-11-2023,1.0886,1.0969,1.0984,1.0877,-0.75%,0.0196000000000001,1.1017,1.0691,1.30692,-0.027099999999999,1.0881
01-12-2023,1.0881,1.0885,1.0912,1.0827,-0.05%,0.0107000000000002,1.1017,1.0823,1.30963,-0.000799999999999912,1.0836
04-12-2023,1.0836,1.0885,1.0894,1.0802,-0.41%,0.0107000000000002,1.1017,1.0823,1.30971,-0.00400000000000134,1.0795
05-12-2023,1.0795,1.0834,1.0847,1.0776,-0.38%,0.0107000000000002,1.1017,1.0823,1.31011,0.00120000000000076,1.0762
06-12-2023,1.0762,1.0791,1.0804,1.0757,-0.31%,0.0107000000000002,1.1017,1.085,1.30999,0.0120000000000005,1.0792
07-12-2023,1.0792,1.0767,1.0817,1.0754,0.28%,0.0107000000000002,1.1017,1.0827,1.30879,0.0170999999999992,1.0761
08-12-2023,1.0761,1.0792,1.08,1.0722,-0.29%,0.0107000000000002,1.1017,1.0802,1.30708,0.0117000000000012,1.0761
11-12-2023,1.0761,1.076,1.0778,1.074,0.00%,0.0107000000000002,1.1017,1.0776,1.30591,0.0126999999999988,1.0792
12-12-2023,1.0792,1.0761,1.0827,1.0757,0.29%,0.0107000000000002,1.1017,1.0757,1.30464,0.0142000000000007,1.0873
13-12-2023,1.0873,1.0791,1.0896,1.0771,0.75%,0.0107000000000002,1.1017,1.0754,1.30322,0.0144000000000002,1.0991
14-12-2023,1.0991,1.0872,1.1008,1.0871,1.09%,0.0125,1.1017,1.0722,1.30178,0.00799999999999912,1.0894
15-12-2023,1.0894,1.0992,1.1003,1.0887,-0.88%,0.0137,1.1017,1.0722,1.30098,-9.99999999997669E-05,1.0922
18-12-2023,1.0922,1.0901,1.093,1.089,0.26%,0.0137,1.1008,1.0722,1.30099,0.00680000000000014,1.098
19-12-2023,1.098,1.0923,1.0987,1.0913,0.53%,0.0137,1.1008,1.0722,1.30031,-0.00380000000000003,1.0938
20-12-2023,1.0938,1.098,1.0984,1.0928,-0.38%,0.0137,1.1008,1.0722,1.30069,-0.00950000000000095,1.1008
21-12-2023,1.1008,1.0939,1.1012,1.0933,0.64%,0.0137,1.1008,1.0722,1.30164,-0.0104999999999986,1.101
22-12-2023,1.101,1.1008,1.104,1.0992,0.02%,0.0137,1.1012,1.0722,1.30269,-0.0217000000000009,1.1007
25-12-2023,1.1007,1.1015,1.102,1.0992,-0.03%,0.0137,1.104,1.0722,1.30486,-0.024799999999999,1.1042
26-12-2023,1.1042,1.1008,1.1044,1.1007,0.32%,0.0137,1.104,1.0722,1.30734,-0.0216000000000012,1.1103
27-12-2023,1.1103,1.1041,1.1122,1.1027,0.55%,0.0137,1.1044,1.074,1.3095,-0.0281000000000002,1.1059
28-12-2023,1.1059,1.1105,1.1139,1.1053,-0.40%,0.0137,1.1122,1.0757,1.31231,-0.0343999999999998,1.1036
29-12-2023,1.1036,1.106,1.1084,1.1032,-0.21%,0.0137,1.1139,1.0771,1.31575,-0.0268999999999995,1.1044
01-01-2024,1.1044,1.1042,1.1046,1.1034,0.07%,0.0137,1.1139,1.0871,1.31844,-0.0169999999999995,1.0947
02-01-2024,1.0947,1.1043,1.1044,1.0936,-0.88%,0.0116000000000001,1.1139,1.0887,1.32014,-0.00510000000000055,1.0921
03-01-2024,1.0921,1.0942,1.0965,1.0891,-0.24%,0.0108000000000001,1.1139,1.089,1.32065,-0.0041000000000011,1.0943
04-01-2024,1.0943,1.0921,1.0972,1.0914,0.20%,0.0108000000000001,1.1139,1.0913,1.32106,0.00020000000000131,1.0941
05-01-2024,1.0941,1.0945,1.0998,1.0875,-0.02%,0.0108000000000001,1.1139,1.0928,1.32104,0.00349999999999895,1.0949
08-01-2024,1.0949,1.0944,1.0978,1.0921,0.07%,0.0123000000000002,1.1139,1.0933,1.32069,-0.000499999999998835,1.0931
09-01-2024,1.0931,1.095,1.0966,1.0909,-0.16%,0.0123000000000002,1.1139,1.0891,1.32074,0.00579999999999892,1.0971
10-01-2024,1.0971,1.0929,1.0972,1.0921,0.37%,0.0123000000000002,1.1139,1.0891,1.32016,0.0085999999999995,1.097
11-01-2024,1.097,1.0971,1.099,1.0928,-0.01%,0.0123000000000002,1.1139,1.0875,1.3193,0.00370000000000026,1.0949
12-01-2024,1.0949,1.0972,1.0986,1.0934,-0.19%,0.0123000000000002,1.1139,1.0875,1.31893,0.00689999999999991,1.0948
15-01-2024,1.0948,1.0953,1.0967,1.0932,-0.01%,0.0123000000000002,1.1139,1.0875,1.31824,0.0152000000000001,1.0874
16-01-2024,1.0874,1.0948,1.0951,1.086,-0.68%,0.0123000000000002,1.1084,1.0875,1.31672,0.0112000000000005,1.0881
17-01-2024,1.0881,1.0872,1.0884,1.0843,0.06%,0.0123000000000002,1.1046,1.0875,1.3156,0.0170000000000012,1.0874
18-01-2024,1.0874,1.0881,1.0906,1.0845,-0.06%,0.0123000000000002,1.1044,1.0875,1.3139,0.0161999999999995,1.0897
19-01-2024,1.0897,1.0874,1.0897,1.0864,0.21%,0.0123000000000002,1.0998,1.0875,1.31228,0.00680000000000014,1.0881
22-01-2024,1.0881,1.089,1.0909,1.0878,-0.15%,0.0123000000000002,1.0998,1.086,1.3116,0.00309999999999988,1.0851
23-01-2024,1.0851,1.0881,1.0915,1.082,-0.28%,0.0123000000000002,1.0998,1.0843,1.31129,0.0063999999999993,1.0883
24-01-2024,1.0883,1.0852,1.0932,1.0844,0.29%,0.00949999999999984,1.099,1.0843,1.31065,0.00919999999999988,1.0846
25-01-2024,1.0846,1.0883,1.0902,1.082,-0.34%,0.00949999999999984,1.099,1.0843,1.30973,0.00670000000000037,1.0852
26-01-2024,1.0852,1.0841,1.0884,1.0811,0.06%,0.00949999999999984,1.099,1.0843,1.30906,0.00880000000000081,1.0833
29-01-2024,1.0833,1.0847,1.0849,1.0794,-0.18%,0.00949999999999984,1.099,1.082,1.30818,0.0123999999999995,1.084
30-01-2024,1.084,1.0831,1.0856,1.081,0.06%,0.00949999999999984,1.0986,1.082,1.30694,0.0141000000000009,1.0816
31-01-2024,1.0816,1.0842,1.0887,1.0793,-0.22%,0.00949999999999984,1.0967,1.082,1.30553,0.011099999999999,1.0872
01-02-2024,1.0872,1.0812,1.0874,1.0778,0.52%,0.00949999999999984,1.0951,1.0811,1.30442,0.0136000000000003,1.0784
02-02-2024,1.0784,1.0871,1.0897,1.0779,-0.81%,0.00959999999999983,1.0932,1.0794,1.30306,9.99999999997669E-05,1.0741
05-02-2024,1.0741,1.0782,1.0786,1.0721,-0.40%,0.0117999999999998,1.0932,1.0794,1.30305,0.00990000000000002,1.0754
06-02-2024,1.0754,1.0741,1.0762,1.0721,0.12%,0.0117999999999998,1.0932,1.0793,1.30206,0.0132999999999992,1.0771
07-02-2024,1.0771,1.0753,1.0783,1.0751,0.16%,0.0117999999999998,1.0932,1.0778,1.30073,0.0137,1.0776
08-02-2024,1.0776,1.0771,1.0788,1.074,0.05%,0.0117999999999998,1.0932,1.0778,1.29936,0.011000000000001,1.0782
09-02-2024,1.0782,1.0777,1.0794,1.076,0.06%,0.0117999999999998,1.0932,1.0721,1.29826,0.00750000000000028,1.0771
12-02-2024,1.0771,1.0779,1.0805,1.0754,-0.10%,0.0117999999999998,1.0902,1.0721,1.29751,0.0103999999999989,1.0709
13-02-2024,1.0709,1.077,1.0795,1.0699,-0.58%,0.0117999999999998,1.0897,1.0721,1.29647,0.00710000000000122,1.0725
14-02-2024,1.0725,1.0708,1.0734,1.0693,0.15%,0.0117999999999998,1.0897,1.0721,1.29576,0.0138999999999996,1.0771
15-02-2024,1.0771,1.0725,1.0784,1.0723,0.43%,0.0117999999999998,1.0897,1.0721,1.29437,0.0106000000000002,1.0774
16-02-2024,1.0774,1.0768,1.0787,1.073,0.03%,0.0117999999999998,1.0897,1.0721,1.29331,0.00740000000000052,1.0777
19-02-2024,1.0777,1.0775,1.0789,1.076,0.03%,0.0117999999999998,1.0897,1.0699,1.29257,0.00369999999999848,1.0803
20-02-2024,1.0803,1.0777,1.0838,1.076,0.24%,0.0117999999999998,1.0897,1.0693,1.2922,0.00940000000000119,1.0817
21-02-2024,1.0817,1.0805,1.0824,1.0788,0.13%,0.00959999999999983,1.0838,1.0693,1.29126,-0.00229999999999997,1.0823
22-02-2024,1.0823,1.0814,1.0888,1.08,0.06%,0.00959999999999983,1.0838,1.0693,1.29149,-0.00730000000000075,1.0818
23-02-2024,1.0818,1.0822,1.0839,1.081,-0.05%,0.00959999999999983,1.0888,1.0693,1.29222,-0.00689999999999991,1.0847
26-02-2024,1.0847,1.0824,1.0859,1.0811,0.27%,0.00959999999999983,1.0888,1.0693,1.29291,-0.00530000000000008,1.0844
27-02-2024,1.0844,1.0848,1.0865,1.0831,-0.03%,0.00959999999999983,1.0888,1.0693,1.29344,-0.00709999999999944,1.0836
28-02-2024,1.0836,1.0843,1.0846,1.0795,-0.07%,0.00959999999999983,1.0888,1.0693,1.29415,-0.00640000000000107,1.0803
29-02-2024,1.0803,1.0834,1.0856,1.0794,-0.30%,0.00959999999999983,1.0888,1.0693,1.29479,-0.0063999999999993,1.0837
01-03-2024,1.0837,1.0802,1.0843,1.0796,0.31%,0.00879999999999992,1.0888,1.0693,1.29543,-0.00939999999999941,1.0854
04-03-2024,1.0854,1.0841,1.0866,1.0836,0.16%,0.00879999999999992,1.0888,1.0723,1.29637,-0.0116000000000014,1.0855
05-03-2024,1.0855,1.0855,1.0876,1.0839,0.01%,0.00879999999999992,1.0888,1.073,1.29753,-0.00869999999999926,1.0897
06-03-2024,1.0897,1.0857,1.0915,1.084,0.39%,0.00879999999999992,1.0888,1.076,1.2984,-0.00820000000000043,1.0946
07-03-2024,1.0946,1.0895,1.0949,1.0866,0.45%,0.00879999999999992,1.0915,1.076,1.29922,-0.0117999999999991,1.0937
08-03-2024,1.0937,1.0947,1.098,1.0917,-0.08%,0.00879999999999992,1.0949,1.0788,1.3004,-0.0142000000000007,1.0926
11-03-2024,1.0926,1.0943,1.0947,1.0913,-0.10%,0.00879999999999992,1.098,1.0794,1.30182,-0.0129000000000001,1.0924
12-03-2024,1.0924,1.0923,1.0945,1.0899,-0.02%,0.00829999999999997,1.098,1.0794,1.30311,-0.0100999999999996,1.0946
13-03-2024,1.0946,1.0925,1.0963,1.0918,0.20%,0.00829999999999997,1.098,1.0794,1.30412,-0.0100999999999996,1.0881
14-03-2024,1.0881,1.0948,1.0954,1.0879,-0.59%,0.00829999999999997,1.098,1.0794,1.30513,-0.00999999999999979,1.0887
15-03-2024,1.0887,1.0881,1.0899,1.0871,0.06%,0.00829999999999997,1.098,1.0794,1.30613,-0.0038000000000018,1.0871
18-03-2024,1.0871,1.0891,1.0905,1.0864,-0.15%,0.00829999999999997,1.098,1.0794,1.30651,-0.00569999999999915,1.0865
19-03-2024,1.0865,1.0871,1.0876,1.0833,-0.06%,0.00829999999999997,1.098,1.0796,1.30708,-0.00689999999999991,1.0918
20-03-2024,1.0918,1.0862,1.0922,1.0835,0.49%,0.00829999999999997,1.098,1.0836,1.30777,-0.00210000000000044,1.086
21-03-2024,1.086,1.0921,1.0942,1.0854,-0.53%,0.00870000000000015,1.098,1.0839,1.30798,-0.00660000000000061,1.0805
22-03-2024,1.0805,1.0858,1.0868,1.08,-0.51%,0.00880000000000014,1.098,1.084,1.30864,-9.99999999997669E-05,1.0836
25-03-2024,1.0836,1.0806,1.0842,1.08,0.29%,0.00880000000000014,1.098,1.0833,1.30865,0.00890000000000057,1.083
26-03-2024,1.083,1.0836,1.0864,1.0822,-0.06%,0.00880000000000014,1.098,1.0833,1.30776,0.0111000000000008,1.0826
27-03-2024,1.0826,1.0831,1.0838,1.0809,-0.04%,0.00880000000000014,1.0963,1.0833,1.30665,0.0111999999999988,1.0787
28-03-2024,1.0787,1.0827,1.0827,1.0773,-0.36%,0.00880000000000014,1.0963,1.08,1.30553,0.00960000000000072,1.0793
29-03-2024,1.0793,1.0788,1.0805,1.0766,0.06%,0.00880000000000014,1.0963,1.08,1.30457,0.0137,1.0743
01-04-2024,1.0743,1.0786,1.0798,1.0729,-0.46%,0.00880000000000014,1.0954,1.08,1.3032,0.0161999999999995,1.0768
02-04-2024,1.0768,1.0743,1.0778,1.0723,0.23%,0.00880000000000014,1.0942,1.08,1.30158,0.0137999999999998,1.0835
03-04-2024,1.0835,1.077,1.0836,1.0762,0.62%,0.00880000000000014,1.0942,1.0773,1.3002,0.0121000000000002,1.0835
04-04-2024,1.0835,1.0831,1.0876,1.083,0.00%,0.00880000000000014,1.0942,1.0766,1.29899,0.00399999999999956,1.0835
05-04-2024,1.0835,1.0834,1.0847,1.079,0.00%,0.00880000000000014,1.0942,1.0729,1.29859,0.00280000000000058,1.0858
08-04-2024,1.0858,1.0841,1.0862,1.0819,0.21%,0.00880000000000014,1.0942,1.0723,1.29831,0.0080000000000009,1.0855
09-04-2024,1.0855,1.0857,1.0885,1.0846,-0.03%,0.00739999999999985,1.0876,1.0723,1.29751,9.99999999997669E-05,1.0742
10-04-2024,1.0742,1.0855,1.0866,1.0727,-1.04%,0.00739999999999985,1.0885,1.0723,1.2975,-0.00490000000000102,1.0724
11-04-2024,1.0724,1.0742,1.0756,1.0697,-0.17%,0.0139,1.0885,1.0723,1.29799,0.00940000000000119,1.0642
12-04-2024,1.0642,1.0725,1.0729,1.0621,-0.76%,0.0139,1.0885,1.0723,1.29705,0.0106000000000002,1.0622
15-04-2024,1.0622,1.0635,1.0665,1.0618,-0.19%,0.0139,1.0885,1.0723,1.29599,0.0191999999999997,1.0617
16-04-2024,1.0617,1.0622,1.0653,1.0599,-0.05%,0.0139,1.0885,1.0723,1.29407,0.0166000000000004,1.0671
17-04-2024,1.0671,1.0619,1.0679,1.0604,0.51%,0.0139,1.0885,1.0697,1.29241,0.0167000000000002,1.0643
18-04-2024,1.0643,1.067,1.0689,1.064,-0.26%,0.0139,1.0885,1.0621,1.29074,0.00729999999999897,1.0654
19-04-2024,1.0654,1.0644,1.0677,1.0609,0.10%,0.0139,1.0885,1.0618,1.29001,0.0126000000000008,1.0654
22-04-2024,1.0654,1.0654,1.067,1.0622,0.00%,0.0139,1.0885,1.0599,1.28875,0.0176999999999996,1.0699
23-04-2024,1.0699,1.0653,1.0711,1.0637,0.42%,0.0139,1.0885,1.0599,1.28698,0.0181000000000005,1.0697
24-04-2024,1.0697,1.0701,1.0714,1.0676,-0.02%,0.0139,1.0885,1.0599,1.28517,0.0139999999999993,1.0729
25-04-2024,1.0729,1.0698,1.0739,1.0677,0.30%,0.0139,1.0885,1.0599,1.28377,0.0159000000000002,1.0692
26-04-2024,1.0692,1.073,1.0752,1.0672,-0.34%,0.0139,1.0866,1.0599,1.28218,0.0124999999999993,1.0719
29-04-2024,1.0719,1.0693,1.0733,1.0688,0.25%,0.0107999999999999,1.0756,1.0599,1.28093,0.00490000000000102,1.0665
30-04-2024,1.0665,1.0722,1.0735,1.0663,-0.50%,0.0107999999999999,1.0752,1.0599,1.28044,0.000299999999999301,1.0709
01-05-2024,1.0709,1.0663,1.0732,1.0648,0.41%,0.00800000000000001,1.0752,1.0599,1.28041,-0.00280000000000058,1.0725
02-05-2024,1.0725,1.0709,1.073,1.0673,0.15%,0.00839999999999996,1.0752,1.0599,1.28069,-0.00869999999999926,1.0758
03-05-2024,1.0758,1.0725,1.0812,1.0722,0.31%,0.00839999999999996,1.0752,1.0604,1.28156,-0.0106000000000002,1.0768
06-05-2024,1.0768,1.076,1.079,1.0753,0.09%,0.0089999999999999,1.0812,1.0609,1.28262,-0.00900000000000034,1.0752
07-05-2024,1.0752,1.0768,1.0787,1.0746,-0.15%,0.0089999999999999,1.0812,1.0609,1.28352,-0.0123999999999995,1.0745
08-05-2024,1.0745,1.0753,1.0757,1.0733,-0.07%,0.0089999999999999,1.0812,1.0622,1.28476,-0.00990000000000002,1.0781
09-05-2024,1.0781,1.0749,1.0784,1.0722,0.34%,0.0089999999999999,1.0812,1.0637,1.28575,-0.00960000000000072,1.0769
10-05-2024,1.0769,1.0781,1.0789,1.0758,-0.11%,0.0089999999999999,1.0812,1.0648,1.28671,-0.00799999999999912,1.0788
13-05-2024,1.0788,1.0772,1.0806,1.0764,0.18%,0.0089999999999999,1.0812,1.0648,1.28751,-0.00740000000000052,1.0818
14-05-2024,1.0818,1.0786,1.0825,1.0765,0.28%,0.0089999999999999,1.0812,1.0648,1.28825,-0.00559999999999938,1.0882
15-05-2024,1.0882,1.0818,1.0885,1.0811,0.59%,0.0089999999999999,1.0825,1.0648,1.28881,-0.0125000000000011,1.0865
16-05-2024,1.0865,1.0884,1.0894,1.0853,-0.16%,0.0089999999999999,1.0885,1.0648,1.29006,-0.0161999999999995,1.087
17-05-2024,1.087,1.0864,1.0878,1.0834,0.05%,0.0089999999999999,1.0894,1.0648,1.29168,-0.0200999999999993,1.0855
20-05-2024,1.0855,1.0864,1.0884,1.0852,-0.14%,0.0089999999999999,1.0894,1.0673,1.29369,-0.0155000000000012,1.0854
21-05-2024,1.0854,1.0857,1.0874,1.0841,-0.01%,0.0089999999999999,1.0894,1.0722,1.29524,-0.0131999999999994,1.0821
22-05-2024,1.0821,1.0853,1.0863,1.0816,-0.30%,0.00740000000000007,1.0894,1.0722,1.29656,-0.00929999999999964,1.0813
23-05-2024,1.0813,1.0822,1.086,1.0803,-0.07%,0.00740000000000007,1.0894,1.0722,1.29749,-0.00539999999999985,1.0845
24-05-2024,1.0845,1.0813,1.0857,1.0804,0.30%,0.00740000000000007,1.0894,1.0722,1.29803,-0.00600000000000023,1.0858
27-05-2024,1.0858,1.0852,1.0867,1.0839,0.12%,0.00740000000000007,1.0894,1.0722,1.29863,-0.0103000000000009,1.0855
28-05-2024,1.0855,1.0858,1.0888,1.0851,-0.03%,0.00740000000000007,1.0894,1.0758,1.29966,-0.00769999999999982,1.08
29-05-2024,1.08,1.0855,1.086,1.0798,-0.51%,0.00740000000000007,1.0894,1.0764,1.30043,-0.0083000000000002,1.0832
30-05-2024,1.0832,1.0801,1.0844,1.0786,0.30%,0.00740000000000007,1.0894,1.0765,1.30126,-0.00150000000000006,1.0841
31-05-2024,1.0841,1.083,1.0882,1.0809,0.08%,0.00740000000000007,1.0894,1.0803,1.30141,-0.00119999999999898,1.0902
03-06-2024,1.0902,1.0849,1.0904,1.0825,0.56%,0.00730000000000008,1.0894,1.0803,1.30153,0.00349999999999895,1.0878
04-06-2024,1.0878,1.0903,1.0915,1.0858,-0.22%,0.00790000000000002,1.0904,1.0798,1.30118,-0.00389999999999979,1.0868
05-06-2024,1.0868,1.0878,1.0891,1.0852,-0.09%,0.00790000000000002,1.0915,1.0786,1.30157,-0.00139999999999851,1.0888
06-06-2024,1.0888,1.0867,1.0901,1.086,0.18%,0.00790000000000002,1.0915,1.0786,1.30171,-0.00100000000000122,1.08
07-06-2024,1.08,1.0888,1.0901,1.0798,-0.81%,0.00790000000000002,1.0915,1.0786,1.30181,-0.00349999999999895,1.0763
10-06-2024,1.0763,1.0795,1.0796,1.0731,-0.34%,0.0103,1.0915,1.0786,1.30216,0.00269999999999904,1.0739
11-06-2024,1.0739,1.0764,1.0773,1.0718,-0.22%,0.0103,1.0915,1.0786,1.30189,0.00490000000000102,1.0807
12-06-2024,1.0807,1.074,1.0852,1.0733,0.63%,0.0103,1.0915,1.0786,1.3014,0.0111999999999988,1.0735
13-06-2024,1.0735,1.0807,1.0816,1.0731,-0.67%,0.0119,1.0915,1.0786,1.30028,0.00510000000000055,1.07
14-06-2024,1.07,1.0735,1.0744,1.0666,-0.33%,0.0119,1.0915,1.0731,1.29977,0.0120000000000005,1.0734
17-06-2024,1.0734,1.07,1.0737,1.0685,0.32%,0.0119,1.0915,1.0718,1.29857,0.0100999999999996,1.0738
18-06-2024,1.0738,1.0733,1.0761,1.0708,0.04%,0.0119,1.0915,1.0718,1.29756,0.00970000000000049,1.0742
19-06-2024,1.0742,1.0739,1.0753,1.0723,0.04%,0.0119,1.0915,1.0718,1.29659,0.0109999999999992,1.07
20-06-2024,1.07,1.0743,1.0748,1.07,-0.39%,0.0119,1.0915,1.0666,1.29549,0.016,1.0691
21-06-2024,1.0691,1.07,1.072,1.0668,-0.08%,0.0119,1.0901,1.0666,1.29389,0.0178000000000011,1.0732
24-06-2024,1.0732,1.0686,1.0746,1.0681,0.38%,0.0119,1.0901,1.0666,1.29211,0.0180999999999987,1.0713
25-06-2024,1.0713,1.0733,1.0743,1.0689,-0.18%,0.0119,1.0901,1.0666,1.2903,0.0155000000000012,1.0679
26-06-2024,1.0679,1.0713,1.0717,1.0664,-0.32%,0.0119,1.0852,1.0666,1.28875,0.00819999999999865,1.0702
27-06-2024,1.0702,1.0678,1.0726,1.0675,0.22%,0.0119,1.0852,1.0666,1.28793,0.00860000000000127,1.0713
28-06-2024,1.0713,1.0701,1.0724,1.0683,0.10%,0.0119,1.0852,1.0666,1.28707,0.00389999999999979,1.0738
01-07-2024,1.0738,1.0726,1.0776,1.0718,0.23%,0.00849999999999995,1.0816,1.0666,1.28668,0.00809999999999889,1.0744
02-07-2024,1.0744,1.0739,1.0747,1.0708,0.06%,0.00780000000000003,1.0776,1.0664,1.28587,-0.000399999999999068,1.0786
03-07-2024,1.0786,1.0741,1.0816,1.0734,0.39%,0.00649999999999995,1.0776,1.0664,1.28591,-0.0041000000000011,1.081
04-07-2024,1.081,1.0784,1.0813,1.0782,0.22%,0.00819999999999999,1.0816,1.0664,1.28632,-0.00509999999999877,1.0836
05-07-2024,1.0836,1.0811,1.0842,1.0807,0.24%,0.00819999999999999,1.0816,1.0664,1.28683,-0.00720000000000098,1.0822
08-07-2024,1.0822,1.0807,1.0844,1.08,-0.13%,0.00819999999999999,1.0842,1.0664,1.28755,-0.0063999999999993,1.0812
09-07-2024,1.0812,1.0827,1.0833,1.0804,-0.09%,0.00819999999999999,1.0844,1.0664,1.28819,-0.0127000000000006,1.083
10-07-2024,1.083,1.0813,1.083,1.0809,0.17%,0.00819999999999999,1.0844,1.0664,1.28946,-0.0126999999999988,1.0865
11-07-2024,1.0865,1.083,1.0899,1.0825,0.32%,0.00819999999999999,1.0844,1.0664,1.29073,-0.00970000000000049,1.0906
12-07-2024,1.0906,1.0864,1.0911,1.086,0.38%,0.00819999999999999,1.0899,1.0664,1.2917,-0.0151000000000003,1.0894
15-07-2024,1.0894,1.0886,1.0922,1.0881,-0.11%,0.00819999999999999,1.0911,1.0675,1.29321,-0.0207999999999995,1.0897
16-07-2024,1.0897,1.0893,1.0905,1.087,0.03%,0.00819999999999999,1.0922,1.0683,1.29529,-0.0191999999999997,1.0937
17-07-2024,1.0937,1.0898,1.0947,1.0893,0.37%,0.00819999999999999,1.0922,1.0708,1.29721,-0.0172000000000008,1.0896
18-07-2024,1.0896,1.0936,1.094,1.0892,-0.37%,0.00819999999999999,1.0947,1.0708,1.29893,-0.0197000000000003,1.0877
19-07-2024,1.0877,1.0899,1.0901,1.0874,-0.17%,0.00819999999999999,1.0947,1.0734,1.3009,-0.0157999999999987,1.0889
22-07-2024,1.0889,1.088,1.0902,1.0871,0.11%,0.00740000000000007,1.0947,1.0782,1.30248,-0.00960000000000072,1.0851
23-07-2024,1.0851,1.089,1.0896,1.0842,-0.35%,0.00740000000000007,1.0947,1.08,1.30344,-0.00790000000000113,1.0839
24-07-2024,1.0839,1.0853,1.0866,1.0824,-0.11%,0.00740000000000007,1.0947,1.08,1.30423,-0.00459999999999994,1.0844
25-07-2024,1.0844,1.0839,1.0869,1.0826,0.05%,0.00740000000000007,1.0947,1.0804,1.30469,-0.00119999999999898,1.0857
26-07-2024,1.0857,1.0845,1.0868,1.084,0.12%,0.00740000000000007,1.0947,1.0809,1.30481,-0.00319999999999965,1.0819
29-07-2024,1.0819,1.0862,1.0869,1.0801,-0.35%,0.00740000000000007,1.0947,1.0825,1.30513,-0.00320000000000142,1.0815
30-07-2024,1.0815,1.082,1.0835,1.0795,-0.04%,0.00679999999999992,1.0947,1.0824,1.30545,0.0044000000000004,1.0825
31-07-2024,1.0825,1.0815,1.0849,1.0801,0.09%,0.00679999999999992,1.0947,1.0824,1.30501,0.00710000000000122,1.0791
01-08-2024,1.0791,1.0826,1.0835,1.0775,-0.31%,0.00679999999999992,1.0947,1.0824,1.3043,0.0066999999999986,1.0908
02-08-2024,1.0908,1.0788,1.0926,1.0781,1.08%,0.00679999999999992,1.0947,1.0801,1.30363,0.011000000000001,1.0952
05-08-2024,1.0952,1.0921,1.1008,1.0891,0.40%,0.0145,1.094,1.0795,1.30253,0.00150000000000006,1.093
06-08-2024,1.093,1.0952,1.0963,1.0902,-0.20%,0.0145,1.1008,1.0795,1.30238,-0.00530000000000008,1.0921
07-08-2024,1.0921,1.0927,1.0936,1.0905,-0.08%,0.0145,1.1008,1.0775,1.30291,-0.0046999999999997,1.0918
08-08-2024,1.0918,1.0921,1.0944,1.0881,-0.03%,0.0145,1.1008,1.0775,1.30338,-0.00309999999999988,1.0916
09-08-2024,1.0916,1.0918,1.0931,1.0908,-0.02%,0.0145,1.1008,1.0775,1.30369,-0.00650000000000084,1.0931
12-08-2024,1.0931,1.0913,1.0939,1.091,0.14%,0.0145,1.1008,1.0775,1.30434,-0.00740000000000052,1.0992
13-08-2024,1.0992,1.0931,1.0999,1.0913,0.56%,0.0145,1.1008,1.0775,1.30508,-0.0085999999999995,1.1012
14-08-2024,1.1012,1.0991,1.1047,1.0982,0.18%,0.0145,1.1008,1.0775,1.30594,-0.0129000000000001,1.0971
15-08-2024,1.0971,1.1011,1.1015,1.0948,-0.37%,0.0145,1.1047,1.0775,1.30723,-0.0190999999999999,1.1028
16-08-2024,1.1028,1.0971,1.1029,1.0969,0.52%,0.0145,1.1047,1.0775,1.30914,-0.0155999999999992,1.1085
19-08-2024,1.1085,1.1022,1.1086,1.1021,0.52%,0.0145,1.1047,1.0775,1.3107,-0.0196000000000005,1.113
20-08-2024,1.113,1.1085,1.113,1.107,0.41%,0.0145,1.1086,1.0781,1.31266,-0.0297000000000001,1.115
21-08-2024,1.115,1.1126,1.1173,1.1099,0.18%,0.0117,1.113,1.0881,1.31563,-0.0205000000000002,1.1112
22-08-2024,1.1112,1.1149,1.1164,1.1095,-0.34%,0.00860000000000016,1.1173,1.0881,1.31768,-0.0197000000000003,1.119
23-08-2024,1.119,1.1112,1.12,1.1104,0.70%,0.00860000000000016,1.1173,1.0881,1.31965,-0.0184999999999995,1.1161
26-08-2024,1.1161,1.1186,1.1201,1.115,-0.26%,0.00960000000000005,1.12,1.0881,1.3215,-0.0265000000000004,1.1184
27-08-2024,1.1184,1.116,1.119,1.115,0.21%,0.00960000000000005,1.1201,1.0908,1.32415,-0.0242000000000004,1.112
28-08-2024,1.112,1.1183,1.1185,1.1104,-0.57%,0.00960000000000005,1.1201,1.091,1.32657,-0.0269999999999992,1.1077
29-08-2024,1.1077,1.1117,1.1139,1.1054,-0.39%,0.00960000000000005,1.1201,1.0913,1.32927,-0.0185999999999993,1.1047
30-08-2024,1.1047,1.1076,1.1094,1.1043,-0.27%,0.00960000000000005,1.1201,1.0948,1.33113,-0.00850000000000151,1.1071
02-09-2024,1.1071,1.1045,1.1077,1.104,0.22%,0.00960000000000005,1.1201,1.0948,1.33198,-0.00339999999999918,1.1043
03-09-2024,1.1043,1.1068,1.1072,1.1025,-0.25%,0.00960000000000005,1.1201,1.0969,1.33232,-0.00970000000000049,1.1082
04-09-2024,1.1082,1.1043,1.1094,1.1037,0.35%,0.00960000000000005,1.1201,1.1021,1.33329,-0.00210000000000044,1.111
05-09-2024,1.111,1.1081,1.1119,1.1073,0.25%,0.00960000000000005,1.1201,1.1043,1.3335,0.000400000000000844,1.1083
06-09-2024,1.1083,1.1109,1.1155,1.1064,-0.24%,0.00960000000000005,1.1201,1.104,1.33346,0.00169999999999959,1.1034
09-09-2024,1.1034,1.108,1.1091,1.1033,-0.44%,0.00960000000000005,1.1201,1.1025,1.33329,0.00689999999999991,1.1019
10-09-2024,1.1019,1.1033,1.1049,1.1014,-0.14%,0.00960000000000005,1.1201,1.1025,1.3326,0.00789999999999935,1.1011
11-09-2024,1.1011,1.1018,1.1054,1.1001,-0.07%,0.00909999999999989,1.1201,1.1025,1.33181,0.0168000000000017,1.1074
12-09-2024,1.1074,1.1011,1.1074,1.1004,0.57%,0.00909999999999989,1.119,1.1025,1.33013,0.014899999999999,1.1076
13-09-2024,1.1076,1.1072,1.1101,1.107,0.02%,0.00909999999999989,1.1185,1.1025,1.32864,0.0111000000000008,1.1132
16-09-2024,1.1132,1.1076,1.1137,1.1072,0.51%,0.00909999999999989,1.1155,1.1014,1.32753,0.00409999999999933,1.1113
17-09-2024,1.1113,1.1132,1.1146,1.111,-0.17%,0.00909999999999989,1.1155,1.1001,1.32712,-0.00559999999999938,1.1118
18-09-2024,1.1118,1.1113,1.1189,1.1094,0.04%,0.00909999999999989,1.1155,1.1001,1.32768,-0.00680000000000014,1.1161
19-09-2024,1.1161,1.1117,1.1178,1.1067,0.39%,0.00950000000000006,1.1189,1.1001,1.32836,-0.00489999999999924,1.1162
20-09-2024,1.1162,1.1161,1.1181,1.1135,0.01%,0.0110999999999999,1.1189,1.1001,1.32885,-0.0118000000000009,1.1112
23-09-2024,1.1112,1.1161,1.1167,1.1082,-0.45%,0.0110999999999999,1.1189,1.1001,1.33003,-0.00799999999999912,1.118
24-09-2024,1.118,1.1112,1.118,1.1101,0.61%,0.0110999999999999,1.1189,1.1001,1.33083,-0.000300000000001077,1.1132
25-09-2024,1.1132,1.1179,1.1213,1.1121,-0.43%,0.0110999999999999,1.1189,1.1001,1.33086,-0.00990000000000002,1.1176
26-09-2024,1.1176,1.1132,1.1189,1.1124,0.40%,0.0110999999999999,1.1213,1.1001,1.33185,-0.00990000000000002,1.1163
27-09-2024,1.1163,1.1176,1.1202,1.1123,-0.12%,0.0110999999999999,1.1213,1.1001,1.33284,-0.0157999999999987,1.1134
30-09-2024,1.1134,1.1157,1.1208,1.1113,-0.26%,0.0110999999999999,1.1213,1.1004,1.33442,-0.0145999999999997,1.1067
01-10-2024,1.1067,1.1134,1.1143,1.1044,-0.60%,0.0110999999999999,1.1213,1.1067,1.33588,-0.00620000000000154,
