Date,Price,Open,High,Low,Vol.Change %,True Range,Max_Range,Min_Range,Simple Moving Average ,Del C,Output(3 Days)
01-10-2014,1.6186,1.6214,1.6253,1.6162,-0.17%,,,,,,1.6084
02-10-2014,1.6143,1.6185,1.625,1.6111,-0.27%,,,,,,1.6096
03-10-2014,1.5964,1.6145,1.616,1.5953,-1.11%,,,,,,1.6168
06-10-2014,1.6084,1.5959,1.61,1.5943,0.75%,,,,,,1.6119
07-10-2014,1.6096,1.6084,1.613,1.6025,0.07%,,,,,,1.6078
08-10-2014,1.6168,1.6095,1.6182,1.603,0.45%,,,,,,1.6085
09-10-2014,1.6119,1.617,1.6228,1.6104,-0.30%,,,,,,1.5905
10-10-2014,1.6078,1.612,1.6138,1.6009,-0.25%,,,,,,1.6021
13-10-2014,1.6085,1.6077,1.6128,1.6051,0.04%,,,,,,1.6088
14-10-2014,1.5905,1.6086,1.6103,1.5896,-1.12%,,,,,,1.6094
15-10-2014,1.6021,1.5903,1.6071,1.5875,0.73%,,,,,,1.6165
16-10-2014,1.6088,1.6022,1.6097,1.5941,0.42%,,,,,,1.6111
17-10-2014,1.6094,1.609,1.6128,1.6029,0.04%,0.0207000000000002,1.6253,1.5943,1.9306,0.0123999999999995,1.605
20-10-2014,1.6165,1.6097,1.6182,1.608,0.44%,0.0207000000000002,1.625,1.5896,1.92936,0.00880000000000081,1.6031
21-10-2014,1.6111,1.6164,1.6187,1.6111,-0.33%,0.0207000000000002,1.6228,1.5875,1.92848,-0.00189999999999912,1.609
22-10-2014,1.605,1.6109,1.6132,1.601,-0.38%,0.0207000000000002,1.6228,1.5875,1.92867,-0.0150000000000006,1.612
23-10-2014,1.6031,1.6052,1.6062,1.5996,-0.12%,0.0207000000000002,1.6228,1.5875,1.93017,0.00319999999999965,1.613
24-10-2014,1.609,1.6031,1.61,1.6018,0.37%,0.0207000000000002,1.6228,1.5875,1.92985,0.0063999999999993,1.6011
27-10-2014,1.612,1.6098,1.6147,1.6077,0.19%,0.0207000000000002,1.6228,1.5875,1.92921,0.00720000000000098,1.6
28-10-2014,1.613,1.612,1.6183,1.6086,0.06%,0.0207000000000002,1.6187,1.5875,1.92849,0,1.5998
29-10-2014,1.6011,1.6134,1.6163,1.6002,-0.74%,0.0207000000000002,1.6187,1.5875,1.92849,-0.00570000000000093,1.5972
30-10-2014,1.6,1.6014,1.604,1.5951,-0.07%,0.0207000000000002,1.6187,1.5875,1.92906,0.00720000000000098,1.6004
31-10-2014,1.5998,1.6002,1.6017,1.5944,-0.01%,0.0196000000000001,1.6187,1.5875,1.92834,-0.00989999999999824,1.5977
03-11-2014,1.5972,1.5977,1.602,1.5927,-0.16%,0.0161,1.6187,1.5941,1.92933,0.00450000000000017,1.5831
04-11-2014,1.6004,1.5972,1.6016,1.5964,0.20%,0.0161,1.6187,1.5996,1.92888,0.0117999999999974,1.5873
05-11-2014,1.5977,1.6004,1.6024,1.587,-0.17%,0.0161,1.6187,1.5951,1.9277,0.00929999999999964,1.5842
06-11-2014,1.5831,1.5978,1.6004,1.5825,-0.91%,0.0161,1.6187,1.5944,1.92677,0.0186000000000028,1.5919
07-11-2014,1.5873,1.5833,1.5888,1.5791,0.27%,0.0179,1.6183,1.5927,1.92491,0.0275999999999996,1.5781
10-11-2014,1.5842,1.5875,1.5919,1.584,-0.20%,0.0179,1.6183,1.5927,1.92215,0.0176999999999978,1.5711
11-11-2014,1.5919,1.5842,1.5945,1.5833,0.49%,0.0179,1.6183,1.587,1.92038,0.0189000000000021,1.5669
12-11-2014,1.5781,1.5922,1.5943,1.5776,-0.87%,0.0179,1.6183,1.5825,1.91849,0.0175999999999981,1.5641
13-11-2014,1.5711,1.5781,1.5782,1.5694,-0.44%,0.0179,1.6183,1.5791,1.91673,0.0338999999999992,1.5634
14-11-2014,1.5669,1.5711,1.5713,1.5593,-0.27%,0.0179,1.6163,1.5791,1.91334,0.0423000000000009,1.5682
17-11-2014,1.5641,1.5669,1.5737,1.5619,-0.18%,0.0179,1.604,1.5791,1.90911,0.0345000000000013,1.5695
18-11-2014,1.5634,1.5642,1.5682,1.563,-0.04%,0.0179,1.6024,1.5776,1.90566,0.0359999999999978,1.5655
19-11-2014,1.5682,1.563,1.5721,1.5589,0.31%,0.0179,1.6024,1.5694,1.90206,0.0347000000000008,1.5705
20-11-2014,1.5695,1.5683,1.5738,1.5632,0.08%,0.0179,1.6024,1.5593,1.89859,0.0289000000000001,1.5708
21-11-2014,1.5655,1.5694,1.5716,1.5628,-0.25%,0.0179,1.6024,1.5593,1.8957,0.0310000000000024,1.5792
24-11-2014,1.5705,1.5657,1.5715,1.5627,0.32%,0.0179,1.6004,1.5593,1.8926,0.0320999999999998,1.5736
25-11-2014,1.5708,1.5708,1.5736,1.5648,0.02%,0.0167000000000002,1.5945,1.5589,1.88939,0.0124999999999993,1.5648
26-11-2014,1.5792,1.571,1.5807,1.5679,0.53%,0.0167000000000002,1.5945,1.5589,1.88814,0.0165000000000006,1.573
27-11-2014,1.5736,1.5794,1.5828,1.5716,-0.35%,0.0167000000000002,1.5945,1.5589,1.88649,0.00479999999999947,1.5636
28-11-2014,1.5648,1.5736,1.5743,1.5614,-0.56%,0.0167000000000002,1.5943,1.5589,1.88601,0.0185999999999993,1.5686
01-12-2014,1.573,1.565,1.5765,1.5587,0.52%,0.0132000000000001,1.5828,1.5589,1.88415,0.0131000000000014,1.5673
02-12-2014,1.5636,1.5729,1.5744,1.563,-0.60%,0.0178,1.5828,1.5589,1.88284,-0.00180000000000291,1.5583
03-12-2014,1.5686,1.5637,1.5719,1.5619,0.32%,0.0178,1.5828,1.5589,1.88302,0.0032000000000032,1.5653
04-12-2014,1.5673,1.5686,1.5726,1.5642,-0.08%,0.0178,1.5828,1.5589,1.8827,-0.0044000000000004,1.5671
05-12-2014,1.5583,1.5675,1.5697,1.557,-0.57%,0.0178,1.5828,1.5587,1.88314,-0.00450000000000017,1.5716
08-12-2014,1.5653,1.5588,1.5682,1.5542,0.45%,0.0178,1.5828,1.5587,1.88359,0.00949999999999918,1.5732
09-12-2014,1.5671,1.5654,1.5719,1.5626,0.11%,0.0178,1.5828,1.5587,1.88264,0.00400000000000134,1.572
10-12-2014,1.5716,1.5672,1.5722,1.5648,0.29%,0.0178,1.5828,1.5587,1.88224,-0.00150000000000006,1.5638
11-12-2014,1.5732,1.5715,1.5756,1.565,0.10%,0.0178,1.5828,1.557,1.88239,-0.000700000000001921,1.5749
12-12-2014,1.572,1.5734,1.5747,1.5694,-0.08%,0.0178,1.5828,1.5542,1.88246,-0.00239999999999796,1.5575
15-12-2014,1.5638,1.572,1.5747,1.56,-0.52%,0.0178,1.5828,1.5542,1.8827,0.00739999999999696,1.5671
16-12-2014,1.5749,1.5638,1.5787,1.561,0.71%,0.0178,1.5765,1.5542,1.88196,0.00980000000000203,1.5631
17-12-2014,1.5575,1.5749,1.5757,1.5544,-1.10%,0.0178,1.5787,1.5542,1.88098,-0.0099000000000018,1.559
18-12-2014,1.5671,1.5576,1.568,1.555,0.62%,0.0213000000000001,1.5787,1.5542,1.88197,0.0152999999999999,1.5522
19-12-2014,1.5631,1.5671,1.5684,1.5604,-0.26%,0.0213000000000001,1.5787,1.5542,1.88044,-0.00339999999999918,1.556
22-12-2014,1.559,1.562,1.5667,1.5573,-0.26%,0.0213000000000001,1.5787,1.5542,1.88078,0.00659999999999883,1.5538
23-12-2014,1.5522,1.5591,1.561,1.5486,-0.44%,0.0213000000000001,1.5787,1.5542,1.88012,0.00840000000000174,1.5556
24-12-2014,1.556,1.5522,1.5566,1.5503,0.24%,0.0213000000000001,1.5787,1.5542,1.87928,0.00659999999999883,1.5514
25-12-2014,1.5538,1.5557,1.5567,1.5528,-0.14%,0.0213000000000001,1.5787,1.5544,1.87862,0.00970000000000226,1.5559
26-12-2014,1.5556,1.554,1.557,1.5538,0.12%,0.0213000000000001,1.5787,1.5544,1.87765,0.0131999999999977,1.5575
29-12-2014,1.5514,1.5568,1.5588,1.5508,-0.27%,0.0213000000000001,1.5787,1.5486,1.87633,0.0147000000000013,1.5545
30-12-2014,1.5559,1.5515,1.5575,1.55,0.29%,0.0213000000000001,1.5787,1.5486,1.87486,0.0218999999999987,1.5328
31-12-2014,1.5575,1.5559,1.5621,1.5549,0.10%,0.0213000000000001,1.5787,1.5486,1.87267,0.0161000000000016,1.525
01-01-2015,1.5545,1.5577,1.5581,1.5545,-0.19%,0.0213000000000001,1.5787,1.5486,1.87106,0.00609999999999999,1.5151
02-01-2015,1.5328,1.5585,1.5587,1.5328,-1.40%,0.0213000000000001,1.5757,1.5486,1.87045,0.0164000000000009,1.5111
05-01-2015,1.525,1.5332,1.5337,1.52,-0.51%,0.0259,1.5684,1.5486,1.86881,0.0244,1.5088
06-01-2015,1.5151,1.5249,1.5275,1.5141,-0.65%,0.0259,1.5684,1.5486,1.86637,0.0421999999999976,1.516
07-01-2015,1.5111,1.5151,1.5157,1.5055,-0.26%,0.0259,1.5667,1.5486,1.86215,0.0469000000000008,1.5171
08-01-2015,1.5088,1.5109,1.5118,1.5034,-0.15%,0.0259,1.5621,1.5328,1.85746,0.0482000000000014,1.5159
09-01-2015,1.516,1.509,1.5177,1.5076,0.48%,0.0259,1.5621,1.52,1.85264,0.0431999999999988,1.5232
12-01-2015,1.5171,1.5184,1.5194,1.5097,0.07%,0.0259,1.5621,1.5141,1.84832,0.0373000000000019,1.5183
13-01-2015,1.5159,1.517,1.5192,1.5075,-0.08%,0.0259,1.5621,1.5055,1.84459,0.036999999999999,1.5151
14-01-2015,1.5232,1.516,1.5269,1.5143,0.48%,0.0259,1.5621,1.5034,1.84089,0.0408000000000008,1.5111
15-01-2015,1.5183,1.5236,1.5269,1.5151,-0.32%,0.0259,1.5621,1.5034,1.83681,0.0278999999999989,1.5145
16-01-2015,1.5151,1.5185,1.5237,1.5076,-0.21%,0.0259,1.5621,1.5034,1.83402,0.0374000000000017,1.5143
19-01-2015,1.5111,1.5169,1.5181,1.5105,-0.26%,0.0259,1.5587,1.5034,1.83028,0.0407999999999973,1.501
20-01-2015,1.5145,1.5112,1.5201,1.5057,0.22%,0.0259,1.5587,1.5034,1.8262,0.0472999999999999,1.499
21-01-2015,1.5143,1.5144,1.5179,1.5075,-0.01%,0.0161,1.5337,1.5034,1.82147,0.0188000000000024,1.508
22-01-2015,1.501,1.5143,1.5213,1.4971,-0.88%,0.0161,1.5275,1.5034,1.81959,0.0106000000000002,1.5197
23-01-2015,1.499,1.501,1.5038,1.495,-0.13%,0.0242,1.5269,1.5034,1.81853,0.0140999999999991,1.5135
26-01-2015,1.508,1.4987,1.5103,1.4975,0.60%,0.0242,1.5269,1.5034,1.81712,0.0122,1.5067
27-01-2015,1.5197,1.5077,1.5223,1.5059,0.78%,0.0242,1.5269,1.5057,1.8159,0.00130000000000052,1.5069
28-01-2015,1.5135,1.5198,1.5221,1.5128,-0.41%,0.0242,1.5269,1.4971,1.81577,-0.00140000000000029,1.504
29-01-2015,1.5067,1.5135,1.5164,1.5017,-0.45%,0.0242,1.5269,1.495,1.81591,0.00349999999999895,1.5166
30-01-2015,1.5069,1.5068,1.5098,1.499,0.01%,0.0242,1.5269,1.495,1.81556,0.00919999999999988,1.5183
02-02-2015,1.504,1.5086,1.5101,1.5005,-0.19%,0.0242,1.5269,1.495,1.81464,0.0150000000000006,1.5328
03-02-2015,1.5166,1.5038,1.5196,1.4987,0.84%,0.0242,1.5237,1.495,1.81314,0.0146999999999977,1.5246
04-02-2015,1.5183,1.5168,1.5252,1.5137,0.11%,0.0242,1.5223,1.495,1.81167,0.00010000000000332,1.5215
05-02-2015,1.5328,1.5181,1.5347,1.5164,0.96%,0.0242,1.5252,1.495,1.81166,-0.00690000000000168,1.5254
06-02-2015,1.5246,1.533,1.5354,1.521,-0.53%,0.0242,1.5347,1.495,1.81235,-0.0185999999999993,1.5238
09-02-2015,1.5215,1.5249,1.5272,1.5203,-0.20%,0.0242,1.5354,1.495,1.81421,-0.0106000000000002,1.5385
10-02-2015,1.5254,1.5215,1.5277,1.5197,0.26%,0.0209000000000001,1.5354,1.495,1.81527,-0.020500000000002,1.54
11-02-2015,1.5238,1.5251,1.5301,1.5218,-0.10%,0.0209000000000001,1.5354,1.4975,1.81732,-0.0263999999999989,1.5362
12-02-2015,1.5385,1.5234,1.5417,1.521,0.96%,0.0209000000000001,1.5354,1.4987,1.81996,-0.0156999999999989,1.5354
13-02-2015,1.54,1.5385,1.5425,1.5372,0.10%,0.0209000000000001,1.5417,1.4987,1.82153,-0.0186999999999991,1.5435
16-02-2015,1.5362,1.5402,1.5445,1.534,-0.25%,0.0209000000000001,1.5425,1.4987,1.8234,-0.0267000000000017,1.5413
17-02-2015,1.5354,1.5362,1.5403,1.5316,-0.05%,0.0209000000000001,1.5445,1.4987,1.82607,-0.029399999999999,1.54
18-02-2015,1.5435,1.5357,1.5483,1.5344,0.53%,0.0209000000000001,1.5445,1.4987,1.82901,-0.0271000000000008,1.5457
19-02-2015,1.5413,1.5433,1.5466,1.5402,-0.14%,0.0209000000000001,1.5483,1.4987,1.83172,-0.0395000000000003,1.5455
20-02-2015,1.54,1.5413,1.5435,1.5343,-0.08%,0.0207000000000002,1.5483,1.5137,1.83567,-0.0244999999999997,1.5528
23-02-2015,1.5457,1.5398,1.5478,1.5334,0.37%,0.0207000000000002,1.5483,1.5164,1.83812,-0.0216999999999992,1.5406
24-02-2015,1.5455,1.5456,1.5475,1.5402,-0.01%,0.0207000000000002,1.5483,1.5197,1.84029,-0.0126000000000026,1.5434
25-02-2015,1.5528,1.5452,1.5539,1.5444,0.47%,0.0207000000000002,1.5483,1.5197,1.84155,-0.0202999999999989,1.5364
26-02-2015,1.5406,1.5528,1.5553,1.5391,-0.79%,0.0207000000000002,1.5539,1.5197,1.84358,-0.0312999999999981,1.5361
27-02-2015,1.5434,1.5406,1.5461,1.5384,0.18%,0.0207000000000002,1.5553,1.521,1.84671,-0.015500000000003,1.5264
02-03-2015,1.5364,1.5437,1.5445,1.5349,-0.45%,0.0207000000000002,1.5553,1.521,1.84826,-0.0202999999999989,1.5241
03-03-2015,1.5361,1.5363,1.5399,1.5344,-0.02%,0.0162,1.5553,1.5316,1.85029,0.00220000000000198,1.5038
04-03-2015,1.5264,1.5361,1.5373,1.5249,-0.63%,0.0162,1.5553,1.5316,1.85007,0.00409999999999755,1.5128
05-03-2015,1.5241,1.5264,1.527,1.5214,-0.15%,0.0162,1.5553,1.5316,1.84966,0.00980000000000203,1.507
06-03-2015,1.5038,1.524,1.5257,1.5029,-1.33%,0.0162,1.5553,1.5334,1.84868,0.0116999999999976,1.4929
09-03-2015,1.5128,1.5038,1.5137,1.5023,0.60%,0.0228000000000002,1.5553,1.5334,1.84751,0.0395000000000003,1.4882
10-03-2015,1.507,1.5132,1.5133,1.5031,-0.38%,0.0228000000000002,1.5553,1.5249,1.84356,0.028100000000002,1.4744
11-03-2015,1.4929,1.5069,1.51,1.4896,-0.94%,0.0228000000000002,1.5553,1.5214,1.84075,0.0328999999999979,1.4829
12-03-2015,1.4882,1.4928,1.5027,1.4848,-0.31%,0.0228000000000002,1.5553,1.5029,1.83746,0.0528000000000013,1.4745
13-03-2015,1.4744,1.4883,1.4897,1.4698,-0.93%,0.0228000000000002,1.5553,1.5023,1.83218,0.0568999999999988,1.4978
16-03-2015,1.4829,1.4744,1.4855,1.4731,0.58%,0.0228000000000002,1.5553,1.5023,1.82649,0.078400000000002,1.4752
17-03-2015,1.4745,1.4827,1.4845,1.4722,-0.57%,0.0228000000000002,1.5461,1.4896,1.81865,0.0579000000000001,1.4951
18-03-2015,1.4978,1.4745,1.5149,1.4634,1.58%,0.0228000000000002,1.5445,1.4848,1.81286,0.0691999999999986,1.4952
19-03-2015,1.4752,1.4982,1.5013,1.469,-1.51%,0.0514999999999999,1.5399,1.4698,1.80594,0.0381,1.4851
20-03-2015,1.4951,1.4753,1.499,1.4722,1.35%,0.0514999999999999,1.5373,1.4698,1.80213,0.0608000000000004,1.488
23-03-2015,1.4952,1.497,1.499,1.484,0.01%,0.0514999999999999,1.527,1.4698,1.79605,0.029399999999999,1.485
24-03-2015,1.4851,1.4952,1.4985,1.484,-0.68%,0.0514999999999999,1.5257,1.4634,1.79311,0.0288000000000004,1.4878
25-03-2015,1.488,1.4851,1.4956,1.4829,0.20%,0.0514999999999999,1.5149,1.4634,1.79023,0.0186999999999991,1.481
26-03-2015,1.485,1.4881,1.4995,1.4807,-0.20%,0.0514999999999999,1.5149,1.4634,1.78836,0.0251000000000019,1.4818
27-03-2015,1.4878,1.485,1.4924,1.4796,0.19%,0.0514999999999999,1.5149,1.4634,1.78585,0.0218999999999987,1.4823
30-03-2015,1.481,1.488,1.4903,1.4754,-0.46%,0.0514999999999999,1.5149,1.4634,1.78366,0.00479999999999947,1.4829
31-03-2015,1.4818,1.4811,1.4873,1.4754,0.05%,0.0514999999999999,1.5149,1.4634,1.78318,0.00720000000000098,1.4921
01-04-2015,1.4823,1.4817,1.4873,1.4739,0.03%,0.0514999999999999,1.5149,1.4634,1.78246,-0.00730000000000075,1.488
02-04-2015,1.4829,1.4826,1.487,1.4779,0.04%,0.0514999999999999,1.5149,1.4634,1.78319,9.99999999997669E-05,1.4808
03-04-2015,1.4921,1.4827,1.4945,1.481,0.62%,0.0514999999999999,1.5149,1.4634,1.78318,-0.00819999999999865,1.4867
06-04-2015,1.488,1.4922,1.4983,1.4869,-0.27%,0.0323,1.5013,1.469,1.784,0.00600000000000023,1.4714
07-04-2015,1.4808,1.488,1.4922,1.4801,-0.48%,0.0268000000000002,1.4995,1.4722,1.7834,-0.0126999999999988,1.4632
08-04-2015,1.4867,1.4806,1.4975,1.4804,0.40%,0.0188000000000002,1.4995,1.4739,1.78467,0.0163999999999973,1.4676
09-04-2015,1.4714,1.4867,1.4888,1.4682,-1.03%,0.0188000000000002,1.4995,1.4739,1.78303,0.00850000000000151,1.478
10-04-2015,1.4632,1.4712,1.4726,1.4587,-0.56%,0.0206,1.4995,1.4739,1.78218,0.0138999999999996,1.4842
13-04-2015,1.4676,1.4638,1.4687,1.4569,0.30%,0.0206,1.4995,1.4739,1.78079,0.0243000000000002,1.4935
14-04-2015,1.478,1.4674,1.4805,1.4605,0.71%,0.0206,1.4983,1.4739,1.77836,0.0176000000000016,1.4962
15-04-2015,1.4842,1.4781,1.4857,1.4704,0.42%,0.0206,1.4983,1.4682,1.7766,0.00989999999999824,1.4906
16-04-2015,1.4935,1.484,1.4971,1.4813,0.63%,0.0206,1.4983,1.4587,1.77561,-0.00290000000000035,1.4926
17-04-2015,1.4962,1.4933,1.5055,1.4916,0.18%,0.0206,1.4983,1.4569,1.7759,-0.0115999999999978,1.5036
20-04-2015,1.4906,1.496,1.4986,1.4889,-0.37%,0.0206,1.5055,1.4569,1.77706,-0.0134000000000007,1.5059
21-04-2015,1.4926,1.4908,1.4978,1.4858,0.13%,0.0206,1.5055,1.4569,1.7784,-0.00810000000000244,1.5189
22-04-2015,1.5036,1.4926,1.5084,1.4914,0.74%,0.0206,1.5055,1.4569,1.77921,-0.000399999999999068,1.5238
23-04-2015,1.5059,1.5036,1.5071,1.496,0.15%,0.0206,1.5084,1.4569,1.77925,-0.0155999999999992,1.5338
24-04-2015,1.5189,1.5055,1.5191,1.5027,0.86%,0.0206,1.5084,1.4569,1.78081,-0.0248999999999988,1.544
27-04-2015,1.5238,1.5171,1.5265,1.5109,0.32%,0.0206,1.5191,1.4569,1.7833,-0.0304000000000002,1.5351
28-04-2015,1.5338,1.5239,1.5343,1.5176,0.66%,0.02,1.5265,1.4569,1.78634,-0.0527000000000015,1.5141
29-04-2015,1.544,1.5342,1.55,1.5329,0.67%,0.02,1.5343,1.4569,1.79161,-0.0703999999999994,1.512
30-04-2015,1.5351,1.544,1.5492,1.5303,-0.58%,0.02,1.55,1.4605,1.79865,-0.0765999999999991,1.5183
01-05-2015,1.5141,1.5351,1.5398,1.5114,-1.37%,0.0188999999999999,1.55,1.4704,1.80631,-0.0570000000000022,1.5245
04-05-2015,1.512,1.5143,1.5176,1.509,-0.14%,0.0284,1.55,1.4813,1.81201,-0.0303000000000004,1.5246
05-05-2015,1.5183,1.5122,1.5219,1.509,0.42%,0.0284,1.55,1.4858,1.81504,-0.0188999999999986,1.5457
06-05-2015,1.5245,1.5179,1.5292,1.515,0.41%,0.0284,1.55,1.4858,1.81693,-0.0218999999999987,1.5587
07-05-2015,1.5246,1.5244,1.5276,1.5164,0.01%,0.0284,1.55,1.4858,1.81912,-0.0335999999999999,1.5671
08-05-2015,1.5457,1.5246,1.5524,1.5244,1.38%,0.0284,1.55,1.4914,1.82248,-0.032,1.5745
11-05-2015,1.5587,1.5446,1.5614,1.5393,0.84%,0.0284,1.5524,1.496,1.82568,-0.0410000000000004,1.5776
12-05-2015,1.5671,1.5591,1.5717,1.5561,0.54%,0.0284,1.5614,1.5027,1.82978,-0.0535999999999994,1.5723
13-05-2015,1.5745,1.5667,1.577,1.5633,0.47%,0.0284,1.5717,1.509,1.83514,-0.0496000000000016,1.5653
14-05-2015,1.5776,1.5745,1.5817,1.5729,0.20%,0.0284,1.577,1.509,1.8401,-0.0505999999999993,1.551
15-05-2015,1.5723,1.5776,1.5809,1.5701,-0.34%,0.0284,1.5817,1.509,1.84516,-0.0434000000000019,1.5537
18-05-2015,1.5653,1.5736,1.5751,1.5639,-0.45%,0.0284,1.5817,1.509,1.8495,-0.0295999999999985,1.5662
19-05-2015,1.551,1.5649,1.5671,1.5447,-0.91%,0.0284,1.5817,1.509,1.85246,-0.0298000000000016,1.549
20-05-2015,1.5537,1.5509,1.5591,1.5473,0.17%,0.028,1.5817,1.509,1.85544,-0.0366,1.5471
21-05-2015,1.5662,1.5533,1.5701,1.5522,0.80%,0.028,1.5817,1.509,1.8591,-0.0411000000000001,1.5385
22-05-2015,1.549,1.5662,1.5691,1.5457,-1.10%,0.028,1.5817,1.515,1.86321,-0.0482999999999976,1.5355
25-05-2015,1.5471,1.5486,1.5512,1.546,-0.12%,0.028,1.5817,1.5164,1.86804,-0.0242000000000004,1.5316
26-05-2015,1.5385,1.5469,1.548,1.5356,-0.56%,0.028,1.5817,1.5244,1.87046,-0.0223000000000013,1.5291
27-05-2015,1.5355,1.5385,1.5439,1.5301,-0.19%,0.0233999999999999,1.5817,1.5393,1.87269,0.00609999999999999,1.5201
28-05-2015,1.5316,1.5356,1.5387,1.5261,-0.25%,0.0233999999999999,1.5817,1.5447,1.87208,0.0235000000000021,1.5344
29-05-2015,1.5291,1.5317,1.5345,1.5237,-0.16%,0.0233999999999999,1.5817,1.5447,1.86973,0.0350000000000001,1.5341
01-06-2015,1.5201,1.5292,1.5305,1.5169,-0.59%,0.0233999999999999,1.5817,1.5356,1.86623,0.0452999999999975,1.5366
02-06-2015,1.5344,1.5202,1.5368,1.518,0.94%,0.0233999999999999,1.5809,1.5301,1.8617,0.0574000000000012,1.5272
03-06-2015,1.5341,1.5347,1.538,1.5254,-0.02%,0.0233999999999999,1.5751,1.5261,1.85596,0.0389000000000017,1.535
04-06-2015,1.5366,1.5341,1.5442,1.5303,0.16%,0.0233999999999999,1.5701,1.5237,1.85207,0.0307999999999993,1.5386
05-06-2015,1.5272,1.5362,1.5371,1.519,-0.61%,0.0233999999999999,1.5701,1.5169,1.84899,0.0146999999999977,1.553
08-06-2015,1.535,1.5261,1.5365,1.5221,0.51%,0.0233999999999999,1.5701,1.5169,1.84752,0.0272000000000006,1.5518
09-06-2015,1.5386,1.535,1.5391,1.5258,0.23%,0.0233999999999999,1.5691,1.5169,1.8448,0.0312000000000019,1.5559
10-06-2015,1.553,1.5385,1.5553,1.5368,0.94%,0.0187999999999999,1.5512,1.5169,1.84168,0.0100999999999978,1.5601
11-06-2015,1.5518,1.5531,1.5538,1.5425,-0.08%,0.0187999999999999,1.5553,1.5169,1.84067,-0.00619999999999976,1.5648
12-06-2015,1.5559,1.5517,1.5603,1.5471,0.26%,0.0187999999999999,1.5553,1.5169,1.84129,-0.0131999999999977,1.5833
15-06-2015,1.5601,1.5563,1.5614,1.5487,0.27%,0.0187999999999999,1.5603,1.5169,1.84261,-0.0207000000000015,1.5881
16-06-2015,1.5648,1.5604,1.5657,1.5543,0.30%,0.0187999999999999,1.5614,1.5169,1.84468,-0.0287000000000006,1.5884
17-06-2015,1.5833,1.5648,1.585,1.5625,1.18%,0.0187999999999999,1.5657,1.5169,1.84755,-0.0355999999999987,1.5825
18-06-2015,1.5881,1.5833,1.593,1.5805,0.30%,0.0225,1.585,1.518,1.85111,-0.0631000000000022,1.573
19-06-2015,1.5884,1.5881,1.5897,1.5835,0.02%,0.0225,1.593,1.519,1.85742,-0.0533999999999999,1.5706
22-06-2015,1.5825,1.587,1.5912,1.5806,-0.37%,0.0225,1.593,1.519,1.86276,-0.0528999999999975,1.5747
23-06-2015,1.573,1.5821,1.5833,1.5705,-0.60%,0.0225,1.593,1.519,1.86805,-0.0458999999999996,1.5752
24-06-2015,1.5706,1.5731,1.5806,1.567,-0.15%,0.0225,1.593,1.5221,1.87264,-0.0470000000000006,1.5739
25-06-2015,1.5747,1.5705,1.5773,1.5677,0.26%,0.0225,1.593,1.5258,1.87734,-0.0355000000000025,1.5709
26-06-2015,1.5752,1.5746,1.5768,1.5708,0.03%,0.0225,1.593,1.5368,1.88089,-0.0360999999999976,1.5618
29-06-2015,1.5739,1.5694,1.5789,1.5665,-0.08%,0.0225,1.593,1.5425,1.8845,-0.0163000000000011,1.5609
30-06-2015,1.5709,1.5741,1.5778,1.5694,-0.19%,0.0225,1.593,1.5471,1.88613,-0.0224000000000011,1.557
01-07-2015,1.5618,1.5713,1.5737,1.5594,-0.58%,0.0225,1.593,1.5487,1.88837,-0.014999999999997,1.5606
02-07-2015,1.5609,1.5616,1.5641,1.5563,-0.06%,0.0225,1.593,1.5543,1.88987,-0.00120000000000076,1.5462
03-07-2015,1.557,1.561,1.5646,1.5558,-0.25%,0.0225,1.593,1.5625,1.88999,0.00379999999999825,1.5362
06-07-2015,1.5606,1.5538,1.5633,1.5535,0.23%,0.0143000000000002,1.593,1.5665,1.88961,0.0295000000000023,1.538
07-07-2015,1.5462,1.5602,1.561,1.5414,-0.92%,0.0143000000000002,1.5912,1.5594,1.88666,0.0278999999999989,1.5526
08-07-2015,1.5362,1.5463,1.5467,1.533,-0.65%,0.0195999999999998,1.5912,1.5563,1.88387,0.0406999999999975,1.5488
09-07-2015,1.538,1.5361,1.5423,1.5344,0.12%,0.0195999999999998,1.5833,1.5558,1.8798,0.0460000000000029,1.5636
10-07-2015,1.5526,1.5381,1.5551,1.5362,0.95%,0.0195999999999998,1.5806,1.5535,1.8752,0.0350000000000001,1.5637
13-07-2015,1.5488,1.5505,1.5591,1.548,-0.24%,0.0195999999999998,1.5789,1.5414,1.8717,0.0199999999999996,1.561
14-07-2015,1.5636,1.5491,1.5644,1.5455,0.96%,0.0195999999999998,1.5789,1.533,1.8697,0.0254999999999974,1.5609
15-07-2015,1.5637,1.5634,1.5676,1.5577,0.01%,0.0195999999999998,1.5789,1.533,1.86715,0.00600000000000023,1.5566
16-07-2015,1.561,1.5642,1.5654,1.5562,-0.17%,0.0195999999999998,1.5778,1.533,1.86655,0.0099000000000018,1.5558
17-07-2015,1.5609,1.561,1.5672,1.5555,-0.01%,0.0195999999999998,1.5737,1.533,1.86556,0.0103000000000009,1.5614
20-07-2015,1.5566,1.561,1.5629,1.5539,-0.28%,0.0195999999999998,1.5676,1.533,1.86453,0.000599999999998602,1.5514
21-07-2015,1.5558,1.5562,1.5591,1.5528,-0.05%,0.0195999999999998,1.5676,1.533,1.86447,0.00479999999999947,1.5514
22-07-2015,1.5614,1.5558,1.5646,1.5545,0.36%,0.0195999999999998,1.5676,1.533,1.86399,-0.00199999999999889,1.5558
23-07-2015,1.5514,1.5616,1.5673,1.5501,-0.64%,0.0195999999999998,1.5676,1.533,1.86419,-0.00140000000000029,1.5611
24-07-2015,1.5514,1.5514,1.5527,1.5467,0.00%,0.0188999999999999,1.5676,1.533,1.86433,-0.00509999999999877,1.5604
27-07-2015,1.5558,1.5511,1.5596,1.5492,0.28%,0.0188999999999999,1.5676,1.5344,1.86484,-0.0150000000000006,1.5602
28-07-2015,1.5611,1.5558,1.5629,1.5528,0.34%,0.0188999999999999,1.5676,1.5362,1.86634,-0.0177000000000014,1.5624
29-07-2015,1.5604,1.5614,1.5692,1.5589,-0.04%,0.0188999999999999,1.5676,1.5455,1.86811,-0.0108999999999995,1.5587
30-07-2015,1.5602,1.5598,1.564,1.5562,-0.01%,0.0188999999999999,1.5692,1.5455,1.8692,-0.0106999999999999,1.5564
31-07-2015,1.5624,1.5602,1.5679,1.5549,0.14%,0.0171999999999999,1.5692,1.5467,1.87027,0.00319999999999965,1.5602
03-08-2015,1.5587,1.5627,1.5648,1.5566,-0.24%,0.0171999999999999,1.5692,1.5467,1.86995,0.00150000000000006,1.5512
04-08-2015,1.5564,1.5589,1.5636,1.5557,-0.15%,0.0171999999999999,1.5692,1.5467,1.8698,0.00209999999999866,1.5497
05-08-2015,1.5602,1.5564,1.5652,1.5526,0.24%,0.0171999999999999,1.5692,1.5467,1.86959,0.00460000000000349,1.5587
06-08-2015,1.5512,1.5602,1.5638,1.5468,-0.58%,0.0171999999999999,1.5692,1.5467,1.86913,-0.00400000000000134,1.5573
07-08-2015,1.5497,1.5509,1.5545,1.5423,-0.10%,0.0171999999999999,1.5692,1.5467,1.86953,0.00489999999999924,1.5615
10-08-2015,1.5587,1.5491,1.5605,1.5456,0.58%,0.0171999999999999,1.5692,1.5467,1.86904,0.0124999999999993,1.561
11-08-2015,1.5573,1.5587,1.5613,1.5553,-0.09%,0.0170000000000001,1.5692,1.5467,1.86779,-0.0072999999999972,1.5646
12-08-2015,1.5615,1.5571,1.5662,1.5534,0.27%,0.0170000000000001,1.5692,1.5468,1.86852,-0.00600000000000023,1.5587
13-08-2015,1.561,1.561,1.564,1.5575,-0.03%,0.0170000000000001,1.5692,1.5423,1.86912,-0.00520000000000209,1.5661
14-08-2015,1.5646,1.5608,1.5661,1.5589,0.23%,0.0170000000000001,1.5692,1.5423,1.86964,0.000600000000002154,1.568
17-08-2015,1.5587,1.5645,1.5692,1.5582,-0.38%,0.0170000000000001,1.5679,1.5423,1.86958,-0.0046999999999997,1.5688
18-08-2015,1.5661,1.5591,1.5722,1.5565,0.47%,0.0170000000000001,1.5692,1.5423,1.87005,0.00109999999999744,1.5697
19-08-2015,1.568,1.5657,1.5701,1.5635,0.12%,0.0170000000000001,1.5722,1.5423,1.86994,-0.00300000000000011,1.5776
20-08-2015,1.5688,1.5678,1.5702,1.5605,0.05%,0.0170000000000001,1.5722,1.5423,1.87024,-0.00890000000000057,1.5688
21-08-2015,1.5697,1.5687,1.5725,1.5657,0.06%,0.0170000000000001,1.5722,1.5423,1.87113,-0.0122999999999998,1.5459
24-08-2015,1.5776,1.5701,1.5804,1.563,0.50%,0.0170000000000001,1.5725,1.5423,1.87236,-0.00989999999999824,1.54
25-08-2015,1.5688,1.5778,1.582,1.5679,-0.56%,0.0174000000000001,1.5804,1.5423,1.87335,-0.0269000000000013,1.5393
26-08-2015,1.5459,1.5687,1.572,1.545,-1.46%,0.0174000000000001,1.582,1.5456,1.87604,-0.0196000000000005,1.5343
27-08-2015,1.54,1.546,1.5509,1.5369,-0.38%,0.0270000000000001,1.582,1.5534,1.878,0.0127000000000024,1.5303
28-08-2015,1.5393,1.5401,1.5445,1.5335,-0.05%,0.0270000000000001,1.582,1.5534,1.87673,0.0169999999999995,1.5301
31-08-2015,1.5343,1.5394,1.5437,1.5336,-0.32%,0.0270000000000001,1.582,1.5565,1.87503,0.0215999999999994,1.5257
01-09-2015,1.5303,1.5343,1.5408,1.5298,-0.26%,0.0270000000000001,1.582,1.545,1.87287,0.0264999999999986,1.5171
02-09-2015,1.5301,1.5302,1.5327,1.5265,-0.01%,0.0270000000000001,1.582,1.5369,1.87022,0.0343000000000018,1.527
03-09-2015,1.5257,1.5299,1.5316,1.5219,-0.29%,0.0270000000000001,1.582,1.5335,1.86679,0.0291999999999995,1.5396
04-09-2015,1.5171,1.5258,1.5276,1.5163,-0.56%,0.0270000000000001,1.582,1.5335,1.86387,0.0398999999999994,1.5368
07-09-2015,1.527,1.5179,1.5289,1.5169,0.65%,0.0270000000000001,1.582,1.5298,1.85988,0.0499000000000009,1.5446
08-09-2015,1.5396,1.5275,1.5413,1.5267,0.83%,0.0270000000000001,1.582,1.5265,1.85489,0.0411999999999999,1.5429
09-09-2015,1.5368,1.54,1.5409,1.5352,-0.18%,0.0270000000000001,1.582,1.5219,1.85077,0.0301000000000009,1.5426
10-09-2015,1.5446,1.5366,1.5478,1.5339,0.51%,0.0270000000000001,1.582,1.5163,1.84776,0.0411999999999999,1.5342
11-09-2015,1.5429,1.5442,1.5465,1.54,-0.11%,0.0270000000000001,1.572,1.5163,1.84364,0.0244999999999997,1.5493
14-09-2015,1.5426,1.5422,1.5473,1.5373,-0.02%,0.0145999999999999,1.5509,1.5163,1.84119,0.00379999999999825,1.5591
15-09-2015,1.5342,1.5425,1.5457,1.5326,-0.54%,0.0145999999999999,1.5478,1.5163,1.84081,-0.00239999999999796,1.5532
16-09-2015,1.5493,1.5341,1.5529,1.5328,0.98%,0.0145999999999999,1.5478,1.5163,1.84105,0.00529999999999831,1.5507
17-09-2015,1.5591,1.5492,1.5632,1.5488,0.63%,0.0201,1.5529,1.5163,1.84052,-0.0149000000000008,1.5365
18-09-2015,1.5532,1.5589,1.5659,1.5513,-0.38%,0.0201,1.5632,1.5163,1.84201,-0.0286999999999971,1.5246
21-09-2015,1.5507,1.5535,1.5568,1.548,-0.16%,0.0201,1.5659,1.5163,1.84488,-0.0236000000000018,1.5241
22-09-2015,1.5365,1.5505,1.5531,1.5341,-0.92%,0.0201,1.5659,1.5163,1.84724,-0.0246999999999993,1.5182
23-09-2015,1.5246,1.5362,1.537,1.5221,-0.77%,0.0201,1.5659,1.5169,1.84971,-0.0183,1.5174
24-09-2015,1.5241,1.5241,1.5289,1.5199,-0.03%,0.0201,1.5659,1.5267,1.85154,0.00339999999999918,1.5151
25-09-2015,1.5182,1.5241,1.5261,1.5134,-0.39%,0.0201,1.5659,1.5326,1.8512,0.015900000000002,1.5129
28-09-2015,1.5174,1.5184,1.5243,1.5158,-0.05%,0.0201,1.5659,1.5326,1.84961,0.0182000000000002,1.5129
29-09-2015,1.5151,1.5175,1.5208,1.513,-0.15%,0.0201,1.5659,1.5221,1.84779,0.0266999999999982,1.5182
30-09-2015,1.5129,1.5149,1.5214,1.5107,-0.15%,0.0201,1.5659,1.5199,1.84512,0.0273000000000003,1.5144
01-10-2015,1.5129,1.5128,1.518,1.5107,0.00%,0.0201,1.5659,1.5134,1.84239,0.0296999999999983,1.5227
02-10-2015,1.5182,1.5127,1.5238,1.5124,0.35%,0.0201,1.5659,1.5134,1.83942,0.0214000000000034,1.5318
05-10-2015,1.5144,1.5178,1.5244,1.5135,-0.25%,0.0189999999999999,1.5659,1.513,1.83728,0.0313999999999979,1.5349
06-10-2015,1.5227,1.5149,1.5248,1.5143,0.55%,0.0189999999999999,1.5659,1.5107,1.83414,0.0440000000000005,1.5304
07-10-2015,1.5318,1.5229,1.5343,1.5223,0.60%,0.0189999999999999,1.5568,1.5107,1.82974,0.0305999999999997,1.5345
08-10-2015,1.5349,1.5319,1.5377,1.5263,0.20%,0.0189999999999999,1.5531,1.5107,1.82668,0.0185999999999993,1.5248
09-10-2015,1.5304,1.5347,1.5384,1.5298,-0.29%,0.0148999999999999,1.5377,1.5107,1.82482,0.00150000000000006,1.5477
12-10-2015,1.5345,1.5318,1.5374,1.531,0.27%,0.0126999999999999,1.5384,1.5107,1.82467,-0.00769999999999982,1.5457
13-10-2015,1.5248,1.5351,1.5391,1.5202,-0.63%,0.0126999999999999,1.5384,1.5107,1.82544,-0.0109999999999992,1.5436
14-10-2015,1.5477,1.525,1.5499,1.5249,1.50%,0.0188999999999999,1.5391,1.5107,1.82654,-0.00659999999999883,1.5465
15-10-2015,1.5457,1.5478,1.5513,1.5418,-0.13%,0.0250000000000001,1.5499,1.5107,1.8272,-0.0303000000000004,1.5441
16-10-2015,1.5436,1.5454,1.5486,1.5429,-0.14%,0.0250000000000001,1.5513,1.5107,1.83023,-0.0305,1.5419
19-10-2015,1.5465,1.5435,1.5501,1.5429,0.19%,0.0250000000000001,1.5513,1.5107,1.83328,-0.0306999999999995,1.5394
20-10-2015,1.5441,1.5464,1.5505,1.5432,-0.16%,0.0250000000000001,1.5513,1.5124,1.83635,-0.0337000000000032,1.5314
21-10-2015,1.5419,1.5444,1.548,1.5412,-0.14%,0.0250000000000001,1.5513,1.5135,1.83972,-0.0265999999999984,1.535
22-10-2015,1.5394,1.5419,1.5509,1.537,-0.16%,0.0250000000000001,1.5513,1.5143,1.84238,-0.027000000000001,1.5297
23-10-2015,1.5314,1.5393,1.542,1.5303,-0.52%,0.0250000000000001,1.5513,1.5202,1.84508,-0.0163999999999973,1.5261
26-10-2015,1.535,1.5308,1.5382,1.5302,0.24%,0.0250000000000001,1.5513,1.5202,1.84672,0.00109999999999744,1.5311
27-10-2015,1.5297,1.5353,1.536,1.5282,-0.35%,0.0250000000000001,1.5513,1.5202,1.84661,-0.000599999999998602,1.5429
28-10-2015,1.5261,1.5298,1.5347,1.5246,-0.24%,0.0250000000000001,1.5513,1.5202,1.84667,0.00199999999999889,1.5417
29-10-2015,1.5311,1.5264,1.5326,1.5244,0.33%,0.0250000000000001,1.5513,1.5202,1.84647,0.00870000000000104,1.5421
30-10-2015,1.5429,1.531,1.5468,1.5303,0.77%,0.0250000000000001,1.5513,1.5249,1.8456,-0.00600000000000023,1.5383
02-11-2015,1.5417,1.545,1.5499,1.5402,-0.08%,0.0165,1.5513,1.5282,1.8462,0.00280000000000058,1.5206
03-11-2015,1.5421,1.5417,1.5448,1.536,0.03%,0.0165,1.5509,1.5246,1.84592,0.00369999999999848,1.505
04-11-2015,1.5383,1.5419,1.5444,1.5357,-0.25%,0.0165,1.5509,1.5244,1.84555,0.00159999999999982,1.5115
05-11-2015,1.5206,1.5385,1.5402,1.5202,-1.15%,0.0165,1.5509,1.5244,1.84539,0.00789999999999935,1.5117
06-11-2015,1.505,1.5207,1.5222,1.5026,-1.03%,0.02,1.5509,1.5244,1.8446,0.0237000000000016,1.5212
09-11-2015,1.5115,1.5048,1.5128,1.5039,0.43%,0.02,1.5509,1.5244,1.84223,0.0370999999999988,1.5231
10-11-2015,1.5117,1.5113,1.5146,1.509,0.01%,0.02,1.5499,1.5244,1.83852,0.0280000000000022,1.5233
11-11-2015,1.5212,1.5122,1.5226,1.5118,0.63%,0.02,1.5499,1.5202,1.83572,0.0185999999999993,1.5199
12-11-2015,1.5231,1.5208,1.5246,1.5172,0.12%,0.02,1.5499,1.5026,1.83386,0.0144999999999982,1.5215
13-11-2015,1.5233,1.5233,1.5266,1.5188,0.01%,0.02,1.5499,1.5026,1.83241,0.00650000000000262,1.5237
16-11-2015,1.5199,1.5236,1.5229,1.518,-0.22%,0.02,1.5499,1.5026,1.83176,0.00280000000000058,1.529
17-11-2015,1.5215,1.5202,1.524,1.5156,0.11%,0.02,1.5499,1.5026,1.83148,0.0107999999999997,1.5192
18-11-2015,1.5237,1.521,1.5249,1.5186,0.14%,0.02,1.5499,1.5026,1.8304,0.0239999999999974,1.5124
19-11-2015,1.529,1.5236,1.5336,1.5223,0.35%,0.02,1.5448,1.5026,1.828,0.0181000000000005,1.5087
20-11-2015,1.5192,1.5292,1.5312,1.5183,-0.64%,0.02,1.5444,1.5026,1.82619,0.0127000000000024,1.5128
23-11-2015,1.5124,1.5189,1.5198,1.5107,-0.45%,0.02,1.5402,1.5026,1.82492,0.019599999999997,1.5102
24-11-2015,1.5087,1.5126,1.5159,1.5055,-0.24%,0.0196000000000001,1.5336,1.5026,1.82296,0.00810000000000244,1.5038
25-11-2015,1.5128,1.5078,1.5137,1.5055,0.27%,0.0128999999999999,1.5336,1.5039,1.82215,-0.00300000000000011,1.5057
26-11-2015,1.5102,1.513,1.5133,1.5065,-0.17%,0.0128999999999999,1.5336,1.509,1.82245,-0.00169999999999959,1.5081
27-11-2015,1.5038,1.5103,1.5109,1.503,-0.42%,0.0128999999999999,1.5336,1.5107,1.82262,0.00189999999999912,1.4951
30-11-2015,1.5057,1.5038,1.5071,1.4994,0.13%,0.0128999999999999,1.5336,1.5055,1.82243,0.0169999999999995,1.5145
01-12-2015,1.5081,1.5055,1.5126,1.5049,0.16%,0.0128999999999999,1.5336,1.5055,1.82073,0.0178000000000011,1.5112
02-12-2015,1.4951,1.5083,1.5087,1.4897,-0.86%,0.0128999999999999,1.5336,1.5055,1.81895,0.0152999999999999,1.5053
03-12-2015,1.5145,1.4951,1.516,1.4905,1.30%,0.0189999999999999,1.5336,1.503,1.81742,0.0250999999999983,1.5008
04-12-2015,1.5112,1.5146,1.5158,1.5079,-0.22%,0.0255000000000001,1.5336,1.4994,1.81491,0.0063999999999993,1.5181
07-12-2015,1.5053,1.5098,1.5116,1.5041,-0.39%,0.0255000000000001,1.5336,1.4994,1.81427,0.0137999999999998,1.5159
08-12-2015,1.5008,1.5056,1.5062,1.4956,-0.30%,0.0255000000000001,1.5312,1.4897,1.81289,0.0236000000000018,1.5217
09-12-2015,1.5181,1.5008,1.5191,1.5002,1.15%,0.0255000000000001,1.5198,1.4897,1.81053,0.0181000000000005,1.5142
10-12-2015,1.5159,1.5175,1.5202,1.5111,-0.14%,0.0255000000000001,1.5191,1.4897,1.80872,-0.00489999999999924,1.5035
11-12-2015,1.5217,1.5162,1.524,1.5126,0.38%,0.0255000000000001,1.5202,1.4897,1.80921,-0.00840000000000174,1.5004
14-12-2015,1.5142,1.5217,1.5232,1.5107,-0.49%,0.0255000000000001,1.524,1.4897,1.81005,-0.00870000000000104,1.4901
15-12-2015,1.5035,1.5142,1.5186,1.5026,-0.71%,0.0255000000000001,1.524,1.4897,1.81092,-0.00389999999999802,1.4895
16-12-2015,1.5004,1.5038,1.5101,1.4966,-0.21%,0.0255000000000001,1.524,1.4897,1.81131,0,1.4885
17-12-2015,1.4901,1.5,1.5004,1.4863,-0.69%,0.0255000000000001,1.524,1.4897,1.81131,0.00549999999999784,1.4825
18-12-2015,1.4895,1.4903,1.4951,1.4886,-0.04%,0.0255000000000001,1.524,1.4897,1.81076,0.0180000000000007,1.4872
21-12-2015,1.4885,1.4903,1.4935,1.4882,-0.07%,0.0255000000000001,1.524,1.4905,1.80896,0.00479999999999947,1.4917
22-12-2015,1.4825,1.4881,1.4908,1.4803,-0.40%,0.0188999999999999,1.524,1.4956,1.80848,0.0265000000000022,1.4933
23-12-2015,1.4872,1.4831,1.4904,1.4819,0.32%,0.0188999999999999,1.524,1.4863,1.80583,0.0266999999999982,1.4877
24-12-2015,1.4917,1.4871,1.4947,1.4863,0.30%,0.0188999999999999,1.524,1.4863,1.80316,0.0184999999999995,1.4812
25-12-2015,1.4933,1.4915,1.4948,1.4879,0.11%,0.0188999999999999,1.524,1.4863,1.80131,0.00929999999999964,1.4817
28-12-2015,1.4877,1.491,1.4935,1.4871,-0.38%,0.016,1.524,1.4803,1.80038,0.0265000000000022,1.4739
29-12-2015,1.4812,1.4877,1.4915,1.4784,-0.44%,0.016,1.524,1.4803,1.79773,0.0285000000000011,1.4748
30-12-2015,1.4817,1.4815,1.4852,1.4794,0.03%,0.016,1.5232,1.4803,1.79488,0.0401999999999987,1.4718
31-12-2015,1.4739,1.4813,1.4845,1.4723,-0.53%,0.016,1.5186,1.4803,1.79086,0.0328999999999979,1.4672
01-01-2016,1.4748,1.4739,1.4753,1.4739,0.06%,0.0141,1.5101,1.4803,1.78757,0.0299000000000014,1.4627
04-01-2016,1.4718,1.4748,1.4815,1.4663,-0.20%,0.0141,1.5004,1.4784,1.78458,0.0252000000000017,1.4617
05-01-2016,1.4672,1.4712,1.4726,1.4637,-0.31%,0.0152000000000001,1.4951,1.4784,1.78206,0.0190999999999981,1.452
06-01-2016,1.4627,1.4675,1.4683,1.4601,-0.31%,0.0152000000000001,1.4948,1.4723,1.78015,0.0228000000000002,1.4544
07-01-2016,1.4617,1.463,1.4642,1.4533,-0.07%,0.0152000000000001,1.4948,1.4723,1.77787,0.0250999999999983,1.4444
08-01-2016,1.452,1.4617,1.4646,1.4506,-0.66%,0.0152000000000001,1.4948,1.4663,1.77536,0.0214000000000034,1.4407
11-01-2016,1.4544,1.4526,1.4608,1.4497,0.17%,0.0152000000000001,1.4948,1.4637,1.77322,0.0344999999999978,1.4414
12-01-2016,1.4444,1.4539,1.456,1.435,-0.69%,0.0152000000000001,1.4948,1.4601,1.76977,0.0376000000000012,1.4258
13-01-2016,1.4407,1.4444,1.4476,1.4379,-0.26%,0.0209999999999999,1.4935,1.4533,1.76601,0.046599999999998,1.4244
14-01-2016,1.4414,1.4404,1.4446,1.4359,0.05%,0.0209999999999999,1.4915,1.4506,1.76135,0.0473000000000035,1.4158
15-01-2016,1.4258,1.4416,1.4431,1.4251,-1.08%,0.0209999999999999,1.4852,1.4497,1.75662,0.0398999999999994,1.4191
18-01-2016,1.4244,1.4262,1.4325,1.4236,-0.10%,0.0209999999999999,1.4845,1.435,1.75263,0.0550999999999995,1.4218
19-01-2016,1.4158,1.4242,1.4341,1.4129,-0.60%,0.0209999999999999,1.4815,1.435,1.74712,0.0497000000000014,1.4265
20-01-2016,1.4191,1.4154,1.422,1.4124,0.23%,0.0211999999999999,1.4815,1.435,1.74215,0.0594000000000001,1.4249
21-01-2016,1.4218,1.4189,1.4249,1.408,0.19%,0.0211999999999999,1.4726,1.4251,1.73621,0.0522999999999989,1.4352
22-01-2016,1.4265,1.4222,1.4364,1.4204,0.33%,0.0211999999999999,1.4683,1.4236,1.73098,0.045300000000001,1.4234
25-01-2016,1.4249,1.427,1.4311,1.4223,-0.11%,0.0211999999999999,1.4646,1.4129,1.72645,0.0359999999999978,1.4362
26-01-2016,1.4352,1.4249,1.4368,1.4173,0.72%,0.0211999999999999,1.4646,1.4124,1.72285,0.0367999999999995,1.4247
27-01-2016,1.4234,1.4352,1.4358,1.423,-0.82%,0.0211999999999999,1.4608,1.408,1.71917,0.0174000000000021,1.4433
28-01-2016,1.4362,1.4236,1.4412,1.4234,0.90%,0.0211999999999999,1.456,1.408,1.71743,0.0303000000000004,1.4411
29-01-2016,1.4247,1.4362,1.4415,1.415,-0.80%,0.0211999999999999,1.4476,1.408,1.7144,0.00819999999999865,1.4604
01-02-2016,1.4433,1.4243,1.4448,1.4228,1.31%,0.0265,1.4446,1.408,1.71358,0.0161000000000016,1.4589
02-02-2016,1.4411,1.4434,1.4447,1.4326,-0.15%,0.0265,1.4448,1.408,1.71197,-0.00180000000000291,1.4503
03-02-2016,1.4604,1.4414,1.4653,1.4386,1.34%,0.0265,1.4448,1.408,1.71215,-0.0152000000000001,1.4432
04-02-2016,1.4589,1.4602,1.467,1.4529,-0.10%,0.0266999999999999,1.4653,1.408,1.71367,-0.0359999999999978,1.4473
05-02-2016,1.4503,1.459,1.4594,1.4453,-0.59%,0.0266999999999999,1.467,1.408,1.71727,-0.0436000000000014,1.4522
08-02-2016,1.4432,1.4501,1.4547,1.4352,-0.49%,0.0266999999999999,1.467,1.408,1.72163,-0.0311999999999983,1.4477
09-02-2016,1.4473,1.443,1.4517,1.4378,0.28%,0.0266999999999999,1.467,1.415,1.72475,-0.0208000000000013,1.4507
10-02-2016,1.4522,1.4468,1.4579,1.4448,0.34%,0.0266999999999999,1.467,1.415,1.72683,-0.0198,1.4435
11-02-2016,1.4477,1.4522,1.4565,1.4384,-0.31%,0.0266999999999999,1.467,1.415,1.72881,-0.0273000000000003,1.4305
12-02-2016,1.4507,1.4479,1.4572,1.4444,0.21%,0.0266999999999999,1.467,1.415,1.73154,-0.0126999999999988,1.4297
15-02-2016,1.4435,1.4501,1.4537,1.4413,-0.50%,0.0266999999999999,1.467,1.415,1.73281,-0.0265000000000022,1.4337
16-02-2016,1.4305,1.4438,1.4518,1.4279,-0.90%,0.0266999999999999,1.467,1.415,1.73546,-0.00760000000000005,1.4406
17-02-2016,1.4297,1.4303,1.4341,1.4236,-0.06%,0.0266999999999999,1.467,1.4228,1.73622,-0.00600000000000023,1.415
18-02-2016,1.4337,1.4299,1.4398,1.4259,0.28%,0.0266999999999999,1.467,1.4326,1.73682,0.0135000000000005,1.4022
19-02-2016,1.4406,1.4333,1.4411,1.4248,0.48%,0.0266999999999999,1.467,1.4352,1.73547,0.00810000000000244,1.3927
22-02-2016,1.415,1.431,1.432,1.4058,-1.78%,0.0239,1.467,1.4279,1.73466,0.0291999999999995,1.3963
23-02-2016,1.4022,1.4149,1.4156,1.4005,-0.90%,0.0262,1.4594,1.4236,1.73174,0.0441000000000003,1.387
24-02-2016,1.3927,1.4022,1.4029,1.3877,-0.68%,0.0262,1.4579,1.4236,1.72733,0.0478999999999985,1.3916
25-02-2016,1.3963,1.3924,1.3997,1.3898,0.26%,0.0262,1.4579,1.4236,1.72254,0.0505999999999993,1.3948
26-02-2016,1.387,1.3962,1.4045,1.3855,-0.67%,0.0262,1.4579,1.4058,1.71748,0.0506000000000029,1.4078
29-02-2016,1.3916,1.3869,1.3947,1.3834,0.33%,0.0262,1.4572,1.4005,1.71242,0.065299999999997,1.4179
01-03-2016,1.3948,1.3918,1.4019,1.3904,0.23%,0.0262,1.4572,1.3877,1.70589,0.0561000000000007,1.4228
02-03-2016,1.4078,1.3948,1.4094,1.3914,0.93%,0.0262,1.4537,1.3877,1.70028,0.055299999999999,1.4265
03-03-2016,1.4179,1.4078,1.4196,1.4032,0.72%,0.0262,1.4518,1.3855,1.69475,0.0360000000000014,1.4216
04-03-2016,1.4228,1.4179,1.4249,1.4108,0.35%,0.0262,1.4411,1.3834,1.69115,0.0123999999999995,1.4217
07-03-2016,1.4265,1.4234,1.4284,1.4135,0.26%,0.0262,1.4411,1.3834,1.68991,0.00649999999999906,1.428
08-03-2016,1.4216,1.4266,1.4276,1.4173,-0.34%,0.0262,1.4411,1.3834,1.68926,0.00670000000000215,1.4387
09-03-2016,1.4217,1.4217,1.4244,1.4177,0.01%,0.0262,1.432,1.3834,1.68859,0.00929999999999964,1.4302
10-03-2016,1.428,1.422,1.4322,1.4121,0.44%,0.0190000000000001,1.4284,1.3834,1.68766,-0.00710000000000122,1.4153
11-03-2016,1.4387,1.4281,1.4438,1.4254,0.75%,0.0201,1.4322,1.3834,1.68837,-0.0259,1.4259
14-03-2016,1.4302,1.4384,1.4391,1.4291,-0.59%,0.0201,1.4438,1.3834,1.69096,-0.0459999999999994,1.4479
15-03-2016,1.4153,1.4301,1.4309,1.4139,-1.04%,0.0201,1.4438,1.3834,1.69556,-0.0338999999999992,1.448
16-03-2016,1.4259,1.415,1.4274,1.4053,0.75%,0.0201,1.4438,1.3834,1.69895,-0.0280999999999985,1.4367
17-03-2016,1.4479,1.4258,1.4503,1.422,1.54%,0.0221,1.4438,1.3904,1.70176,-0.0340000000000025,1.4208
18-03-2016,1.448,1.4482,1.4516,1.4411,0.01%,0.0283,1.4503,1.3914,1.70516,-0.0533999999999999,1.4117
21-03-2016,1.4367,1.448,1.448,1.4364,-0.78%,0.0283,1.4516,1.4032,1.7105,-0.0401999999999987,1.4154
22-03-2016,1.4208,1.4368,1.4398,1.419,-1.11%,0.0283,1.4516,1.4053,1.71452,-0.0189000000000021,1.4143
23-03-2016,1.4117,1.4207,1.4228,1.4082,-0.64%,0.0283,1.4516,1.4053,1.71641,0.00270000000000081,1.4254
24-03-2016,1.4154,1.4114,1.4184,1.4057,0.26%,0.0283,1.4516,1.4053,1.71614,0.0152000000000001,1.4385
25-03-2016,1.4143,1.4153,1.4159,1.4108,-0.08%,0.0283,1.4516,1.4053,1.71462,0.0063999999999993,1.4378
28-03-2016,1.4254,1.4129,1.4282,1.4118,0.78%,0.0283,1.4516,1.4053,1.71398,0.00910000000000011,1.4362
29-03-2016,1.4385,1.4257,1.4409,1.4197,0.92%,0.0283,1.4516,1.4053,1.71307,0.00240000000000151,1.4226
30-03-2016,1.4378,1.438,1.446,1.436,-0.05%,0.0283,1.4516,1.4053,1.71283,0.000399999999999068,1.4263
31-03-2016,1.4362,1.438,1.4428,1.4327,-0.11%,0.0283,1.4516,1.4053,1.71279,-0.00789999999999935,1.4161
01-04-2016,1.4226,1.4365,1.4379,1.4176,-0.95%,0.0283,1.4516,1.4053,1.71358,-0.0214999999999996,1.4121
04-04-2016,1.4263,1.4219,1.4322,1.4189,0.26%,0.0283,1.4516,1.4057,1.71573,0.00389999999999802,1.4057
05-04-2016,1.4161,1.4263,1.4281,1.4122,-0.72%,0.0212000000000001,1.4516,1.4057,1.71534,0.0219000000000023,1.4126
06-04-2016,1.4121,1.416,1.4171,1.4005,-0.28%,0.0212000000000001,1.448,1.4057,1.71315,0.032,1.4241
07-04-2016,1.4057,1.412,1.4159,1.4046,-0.45%,0.0212000000000001,1.446,1.4057,1.70995,0.024799999999999,1.4275
08-04-2016,1.4126,1.406,1.4144,1.4042,0.49%,0.0212000000000001,1.446,1.4057,1.70747,0.0147000000000013,1.4203
11-04-2016,1.4241,1.4124,1.4286,1.4104,0.81%,0.0212000000000001,1.446,1.4057,1.706,-0.00100000000000122,1.4154
12-04-2016,1.4275,1.424,1.4349,1.4196,0.24%,0.0212000000000001,1.446,1.4005,1.7061,-0.00870000000000104,1.4195
13-04-2016,1.4203,1.4274,1.428,1.4191,-0.50%,0.0212000000000001,1.446,1.4005,1.70697,-0.0144999999999982,1.4278
14-04-2016,1.4154,1.4203,1.4212,1.4089,-0.34%,0.0212000000000001,1.446,1.4005,1.70842,0.00539999999999807,1.4393
15-04-2016,1.4195,1.4155,1.4241,1.4131,0.29%,0.0203,1.446,1.4005,1.70788,0.0225000000000009,1.4333
18-04-2016,1.4278,1.4225,1.4294,1.4134,0.58%,0.0203,1.4428,1.4005,1.70563,0.0154999999999994,1.4323
19-04-2016,1.4393,1.4277,1.442,1.4267,0.81%,0.0203,1.4379,1.4005,1.70408,0.00880000000000081,1.4403
20-04-2016,1.4333,1.4393,1.4411,1.4327,-0.42%,0.0182,1.442,1.4005,1.7032,-0.0173999999999985,1.4482
21-04-2016,1.4323,1.4333,1.4441,1.43,-0.07%,0.0182,1.442,1.4005,1.70494,-0.00700000000000145,1.4582
22-04-2016,1.4403,1.4323,1.4451,1.4311,0.56%,0.0182,1.4441,1.4005,1.70564,-0.0163000000000011,1.4543
25-04-2016,1.4482,1.4414,1.4521,1.4402,0.55%,0.0182,1.4451,1.4042,1.70727,-0.029399999999999,1.461
26-04-2016,1.4582,1.4483,1.464,1.4476,0.69%,0.0182,1.4521,1.4042,1.71021,-0.0423000000000009,1.4613
27-04-2016,1.4543,1.4585,1.4624,1.4476,-0.27%,0.0182,1.464,1.4089,1.71444,-0.0460999999999991,1.4673
28-04-2016,1.461,1.4541,1.4623,1.4523,0.46%,0.0164,1.464,1.4089,1.71905,-0.0301000000000009,1.4534
29-04-2016,1.4613,1.4609,1.4671,1.4578,0.02%,0.0164,1.464,1.4089,1.72206,-0.0335000000000001,1.4492
02-05-2016,1.4673,1.4611,1.4697,1.4578,0.41%,0.0164,1.4671,1.4089,1.72541,-0.0407999999999973,1.4486
03-05-2016,1.4534,1.4673,1.477,1.4528,-0.95%,0.0164,1.4697,1.4131,1.72949,-0.0518000000000001,1.443
04-05-2016,1.4492,1.4536,1.4572,1.446,-0.29%,0.0242,1.477,1.4134,1.73467,-0.0311000000000021,1.4407
05-05-2016,1.4486,1.4499,1.4533,1.4446,-0.04%,0.0242,1.477,1.4267,1.73778,-0.022199999999998,1.4441
06-05-2016,1.443,1.4484,1.4544,1.4413,-0.39%,0.0242,1.477,1.43,1.74,-0.00910000000000011,1.4448
09-05-2016,1.4407,1.4429,1.4479,1.4373,-0.16%,0.0242,1.477,1.43,1.74091,-0.0096000000000025,1.445
10-05-2016,1.4441,1.4407,1.4478,1.4387,0.24%,0.0242,1.477,1.4311,1.74187,-0.00839999999999819,1.4362
11-05-2016,1.4448,1.4438,1.4488,1.4394,0.05%,0.0242,1.477,1.4402,1.74271,-0.00240000000000151,1.4401
12-05-2016,1.445,1.445,1.4534,1.4409,0.01%,0.0242,1.477,1.4413,1.74295,0.00329999999999941,1.4464
13-05-2016,1.4362,1.445,1.4458,1.4339,-0.61%,0.0242,1.477,1.4373,1.74262,0.0135000000000005,1.4596
16-05-2016,1.4401,1.4352,1.4421,1.4335,0.27%,0.0242,1.477,1.4373,1.74127,0.0189000000000021,1.4612
17-05-2016,1.4464,1.4398,1.4526,1.4393,0.44%,0.0242,1.477,1.4373,1.73938,0.021099999999997,1.4501
18-05-2016,1.4596,1.4459,1.4635,1.4401,0.91%,0.0242,1.477,1.4373,1.73727,0.0152000000000001,1.4485
19-05-2016,1.4612,1.46,1.4666,1.4564,0.11%,0.0242,1.477,1.4339,1.73575,0.00730000000000075,1.4636
20-05-2016,1.4501,1.4611,1.4615,1.4482,-0.76%,0.0234000000000001,1.4666,1.4335,1.73502,-0.00750000000000028,1.4696
23-05-2016,1.4485,1.4506,1.455,1.4443,-0.11%,0.0234000000000001,1.4666,1.4335,1.73577,-0.000699999999998369,1.467
24-05-2016,1.4636,1.4488,1.4646,1.4474,1.04%,0.0234000000000001,1.4666,1.4335,1.73584,-0.000399999999999068,1.4625
25-05-2016,1.4696,1.4636,1.473,1.4601,0.41%,0.0234000000000001,1.4666,1.4335,1.73588,-0.0207000000000015,1.4639
26-05-2016,1.467,1.47,1.4744,1.4644,-0.18%,0.0234000000000001,1.473,1.4335,1.73795,-0.0292999999999992,1.4478
27-05-2016,1.4625,1.4671,1.4693,1.4605,-0.31%,0.0234000000000001,1.4744,1.4335,1.74088,-0.023299999999999,1.4416
30-05-2016,1.4639,1.4624,1.4641,1.4586,0.10%,0.0234000000000001,1.4744,1.4335,1.74321,-0.0174000000000021,1.4425
31-05-2016,1.4478,1.4639,1.4724,1.4462,-1.10%,0.0234000000000001,1.4744,1.4335,1.74495,-0.0188999999999986,1.452
01-06-2016,1.4416,1.4479,1.4508,1.4386,-0.43%,0.0262,1.4744,1.4335,1.74684,-0.0127000000000024,1.4442
02-06-2016,1.4425,1.4417,1.4474,1.4405,0.06%,0.0262,1.4744,1.4393,1.74811,-0.00189999999999912,1.4544
03-06-2016,1.452,1.4419,1.4582,1.4398,0.66%,0.0262,1.4744,1.4401,1.7483,0.00400000000000134,1.4502
06-06-2016,1.4442,1.4519,1.4526,1.4356,-0.54%,0.0262,1.4744,1.4443,1.7479,0.00809999999999889,1.4459
07-06-2016,1.4544,1.4441,1.4645,1.4435,0.71%,0.0262,1.4744,1.4386,1.74709,0.0169999999999995,1.4258
08-06-2016,1.4502,1.4541,1.46,1.4497,-0.29%,0.0262,1.4744,1.4386,1.74539,-0.00349999999999895,1.4272
09-06-2016,1.4459,1.4501,1.4528,1.4447,-0.30%,0.0262,1.4744,1.4386,1.74574,-0.00130000000000052,1.4117
10-06-2016,1.4258,1.446,1.4474,1.4179,-1.39%,0.0262,1.4744,1.4356,1.74587,0.0176000000000016,1.4205
13-06-2016,1.4272,1.4257,1.4327,1.4113,0.10%,0.0295000000000001,1.4744,1.4356,1.74411,0.0442999999999998,1.4203
14-06-2016,1.4117,1.4273,1.4273,1.4091,-1.09%,0.0295000000000001,1.4724,1.4356,1.73968,0.0397999999999996,1.4358
15-06-2016,1.4205,1.4116,1.4222,1.4092,0.62%,0.0295000000000001,1.4724,1.4356,1.7357,0.0507999999999988,1.4699
16-06-2016,1.4203,1.4204,1.4253,1.4011,-0.01%,0.0295000000000001,1.4724,1.4179,1.73062,0.0435000000000017,1.4647
17-06-2016,1.4358,1.4204,1.4388,1.4196,1.09%,0.0295000000000001,1.4645,1.4113,1.72627,0.0274999999999999,1.4708
20-06-2016,1.4699,1.4354,1.4722,1.4354,2.37%,0.0295000000000001,1.4645,1.4091,1.72352,0.00629999999999953,1.4879
21-06-2016,1.4647,1.47,1.4783,1.4614,-0.35%,0.0367999999999999,1.4722,1.4091,1.72289,-0.028100000000002,1.368
22-06-2016,1.4708,1.4648,1.4777,1.4644,0.42%,0.0367999999999999,1.4783,1.4011,1.7257,-0.0128999999999984,1.3219
23-06-2016,1.4879,1.4706,1.4947,1.47,1.16%,0.0367999999999999,1.4783,1.4011,1.72699,-0.0264999999999986,1.3342
24-06-2016,1.368,1.4872,1.502,1.3226,-8.06%,0.0367999999999999,1.4947,1.4011,1.72964,-0.033100000000001,1.3426
27-06-2016,1.3219,1.3564,1.3564,1.3119,-3.37%,0.1794,1.502,1.4011,1.73295,0.0936999999999983,1.3311
28-06-2016,1.3342,1.3225,1.342,1.3198,0.93%,0.1794,1.502,1.4011,1.72358,0.1235,1.3262
29-06-2016,1.3426,1.3342,1.3535,1.3285,0.63%,0.1794,1.502,1.4011,1.71123,0.0914999999999999,1.329
30-06-2016,1.3311,1.3433,1.35,1.3207,-0.86%,0.1794,1.502,1.3226,1.70208,0.0839999999999996,1.3023
01-07-2016,1.3262,1.3307,1.335,1.3244,-0.37%,0.1794,1.502,1.3119,1.69368,0.0808999999999998,1.2931
04-07-2016,1.329,1.3247,1.334,1.3228,0.21%,0.1794,1.502,1.3119,1.68559,0.0957000000000008,1.291
05-07-2016,1.3023,1.3289,1.3296,1.2999,-2.01%,0.1794,1.502,1.3119,1.67602,0.0914999999999999,1.2956
06-07-2016,1.2931,1.302,1.303,1.2798,-0.71%,0.1794,1.502,1.3119,1.66687,0.133400000000002,1.2994
07-07-2016,1.291,1.2932,1.305,1.2874,-0.16%,0.1794,1.502,1.3119,1.65353,0.1768,1.3243
08-07-2016,1.2956,1.2909,1.3018,1.2878,0.36%,0.1794,1.502,1.3119,1.63585,0.1739,1.3147
11-07-2016,1.2994,1.295,1.3018,1.285,0.29%,0.1794,1.502,1.2999,1.61846,0.175599999999999,1.3342
12-07-2016,1.3243,1.299,1.3296,1.2969,1.92%,0.1794,1.502,1.2798,1.6009,0.1882,1.3193
13-07-2016,1.3147,1.3248,1.3338,1.3132,-0.72%,0.0445,1.3564,1.2798,1.58208,0.031600000000001,1.3256
14-07-2016,1.3342,1.3146,1.3475,1.3106,1.48%,0.0327,1.3535,1.2798,1.57892,0.00789999999999935,1.3111
15-07-2016,1.3193,1.3342,1.3481,1.3132,-1.12%,0.0368999999999999,1.3535,1.2798,1.57813,0,1.321
18-07-2016,1.3256,1.3169,1.3313,1.3163,0.48%,0.0368999999999999,1.35,1.2798,1.57813,0.0264000000000006,1.3234
19-07-2016,1.3111,1.3255,1.3276,1.3072,-1.09%,0.0368999999999999,1.3481,1.2798,1.57549,0.00520000000000032,1.3111
20-07-2016,1.321,1.3111,1.3227,1.3063,0.76%,0.0368999999999999,1.3481,1.2798,1.57497,0.0135999999999985,1.3141
21-07-2016,1.3234,1.3208,1.3276,1.3157,0.18%,0.0368999999999999,1.3481,1.2798,1.57361,0.00810000000000066,1.3132
22-07-2016,1.3111,1.3236,1.3294,1.3081,-0.93%,0.0368999999999999,1.3481,1.2798,1.5728,-0.0215999999999994,1.3221
25-07-2016,1.3141,1.3112,1.3165,1.3094,0.23%,0.0368999999999999,1.3481,1.285,1.57496,-0.0180000000000007,1.3165
26-07-2016,1.3132,1.3139,1.3179,1.3059,-0.07%,0.0368999999999999,1.3481,1.285,1.57676,-0.0229999999999997,1.3231
27-07-2016,1.3221,1.3132,1.3235,1.3071,0.68%,0.0368999999999999,1.3481,1.285,1.57906,-0.0182000000000002,1.3178
28-07-2016,1.3165,1.322,1.3249,1.3117,-0.42%,0.0368999999999999,1.3481,1.2969,1.58088,-0.0229999999999997,1.3357
29-07-2016,1.3231,1.3169,1.3305,1.315,0.50%,0.0368999999999999,1.3481,1.3063,1.58318,0.00789999999999935,1.3328
01-08-2016,1.3178,1.3234,1.3276,1.3165,-0.40%,0.0368999999999999,1.3481,1.3059,1.58239,-0.00879999999999903,1.3108
02-08-2016,1.3357,1.3181,1.3366,1.3172,1.36%,0.0349000000000002,1.3481,1.3059,1.58327,0.0160999999999998,1.3073
03-08-2016,1.3328,1.3357,1.3373,1.328,-0.22%,0.0212999999999999,1.3366,1.3059,1.58166,-0.0188000000000006,1.3039
04-08-2016,1.3108,1.3329,1.3349,1.3103,-1.65%,0.0212999999999999,1.3373,1.3059,1.58354,-0.00740000000000052,1.3002
05-08-2016,1.3073,1.311,1.3178,1.3023,-0.27%,0.0246,1.3373,1.3059,1.58428,9.99999999997669E-05,1.3011
08-08-2016,1.3039,1.3056,1.3097,1.3027,-0.26%,0.0246,1.3373,1.3059,1.58427,0.0152000000000001,1.2955
09-08-2016,1.3002,1.304,1.3053,1.2956,-0.28%,0.0246,1.3373,1.3059,1.58275,0.0196000000000005,1.2923
10-08-2016,1.3011,1.3005,1.3096,1.299,0.07%,0.0246,1.3373,1.3059,1.58079,0.0106999999999999,1.288
11-08-2016,1.2955,1.3006,1.3028,1.2935,-0.43%,0.0246,1.3373,1.3023,1.57972,0.013300000000001,1.3045
12-08-2016,1.2923,1.296,1.3039,1.2905,-0.25%,0.0246,1.3373,1.3023,1.57839,0.017199999999999,1.3042
15-08-2016,1.288,1.292,1.2945,1.2864,-0.33%,0.0246,1.3373,1.2956,1.57667,0.0299999999999994,1.3168
16-08-2016,1.3045,1.2878,1.3052,1.2873,1.28%,0.0246,1.3373,1.2956,1.57367,0.0291000000000015,1.3075
17-08-2016,1.3042,1.3047,1.3089,1.2979,-0.02%,0.0246,1.3373,1.2935,1.57076,0.0186999999999991,1.3139
18-08-2016,1.3168,1.3043,1.3174,1.3033,0.97%,0.0246,1.3373,1.2905,1.56889,0.0137999999999998,1.3196
19-08-2016,1.3075,1.3173,1.3186,1.3021,-0.71%,0.0246,1.3373,1.2864,1.56751,0.0183999999999998,1.3233
22-08-2016,1.3139,1.306,1.3158,1.3028,0.49%,0.0246,1.3349,1.2864,1.56567,0.0269000000000013,1.3191
23-08-2016,1.3196,1.3137,1.3215,1.3131,0.43%,0.0178999999999998,1.3186,1.2864,1.56298,-0.00270000000000081,1.3139
24-08-2016,1.3233,1.3193,1.3274,1.316,0.28%,0.0178999999999998,1.3215,1.2864,1.56325,-0.0137,1.3103
25-08-2016,1.3191,1.3233,1.3264,1.3166,-0.32%,0.0178999999999998,1.3274,1.2864,1.56462,-0.0192999999999994,1.3083
26-08-2016,1.3139,1.3191,1.3281,1.312,-0.39%,0.0178999999999998,1.3274,1.2864,1.56655,-0.0186000000000011,1.3138
29-08-2016,1.3103,1.3133,1.314,1.3057,-0.27%,0.0178999999999998,1.3281,1.2864,1.56841,-0.0126999999999988,1.3268
30-08-2016,1.3083,1.311,1.3121,1.306,-0.15%,0.0178999999999998,1.3281,1.2864,1.56968,-0.0150000000000006,1.3293
31-08-2016,1.3138,1.3077,1.3158,1.3065,0.42%,0.0178999999999998,1.3281,1.2864,1.57118,-0.0156999999999989,1.3304
01-09-2016,1.3268,1.3139,1.3318,1.3125,0.99%,0.0178999999999998,1.3281,1.2873,1.57275,-0.0261000000000013,1.3439
02-09-2016,1.3293,1.3272,1.3356,1.3255,0.19%,0.0193000000000001,1.3318,1.2979,1.57536,-0.0224999999999991,1.3338
05-09-2016,1.3304,1.3299,1.3379,1.3291,0.08%,0.0193000000000001,1.3356,1.3021,1.57761,-0.0256000000000007,1.3296
06-09-2016,1.3439,1.3303,1.3447,1.3295,1.01%,0.0193000000000001,1.3379,1.3021,1.58017,-0.0129999999999999,1.3267
07-09-2016,1.3338,1.3438,1.3441,1.3317,-0.75%,0.0193000000000001,1.3447,1.3028,1.58147,-0.0377999999999989,1.3338
08-09-2016,1.3296,1.3339,1.3377,1.3281,-0.31%,0.0193000000000001,1.3447,1.3057,1.58525,-0.0202000000000009,1.3195
09-09-2016,1.3267,1.3299,1.3341,1.3242,-0.22%,0.0193000000000001,1.3447,1.3057,1.58727,-0.0106000000000002,1.3235
12-09-2016,1.3338,1.3273,1.3351,1.3239,0.54%,0.0193000000000001,1.3447,1.3057,1.58833,-0.00399999999999956,1.3238
13-09-2016,1.3195,1.3337,1.3344,1.3167,-1.07%,0.0193000000000001,1.3447,1.3057,1.58873,-0.0146000000000015,1.3001
14-09-2016,1.3235,1.3191,1.3242,1.3138,0.30%,0.0193000000000001,1.3447,1.3057,1.59019,-0.00579999999999892,1.3027
15-09-2016,1.3238,1.3232,1.3279,1.3179,0.02%,0.0193000000000001,1.3447,1.306,1.59077,-0.0122,1.2989
16-09-2016,1.3001,1.3241,1.3255,1.2998,-1.79%,0.0193000000000001,1.3447,1.3065,1.59199,-0.0164000000000009,1.3027
19-09-2016,1.3027,1.2995,1.3093,1.2992,0.20%,0.0256999999999998,1.3447,1.3125,1.59363,0.0144000000000002,1.3078
20-09-2016,1.2989,1.3029,1.3064,1.2946,-0.29%,0.0256999999999998,1.3447,1.3138,1.59219,0.0243000000000002,1.2974
21-09-2016,1.3027,1.2989,1.3048,1.2945,0.29%,0.0256999999999998,1.3447,1.3138,1.58976,0.0310000000000006,1.2975
22-09-2016,1.3078,1.3036,1.3125,1.3028,0.39%,0.0256999999999998,1.3447,1.2998,1.58666,0.0266999999999999,1.3022
23-09-2016,1.2974,1.3071,1.309,1.2913,-0.80%,0.0256999999999998,1.3441,1.2992,1.58399,0.0366999999999997,1.3019
26-09-2016,1.2975,1.2952,1.2988,1.2914,0.01%,0.0256999999999998,1.3377,1.2946,1.58032,0.0387000000000004,1.297
27-09-2016,1.3022,1.2975,1.3027,1.2936,0.36%,0.0256999999999998,1.3351,1.2945,1.57645,0.0324000000000009,1.2976
28-09-2016,1.3019,1.3023,1.3033,1.2979,-0.02%,0.0256999999999998,1.3351,1.2945,1.57321,0.0249999999999986,1.2843
29-09-2016,1.297,1.3016,1.306,1.2953,-0.38%,0.0256999999999998,1.3344,1.2913,1.57071,0.0320999999999998,1.2728
30-09-2016,1.2976,1.2969,1.3023,1.2936,0.05%,0.0256999999999998,1.3279,1.2913,1.5675,0.0222000000000016,1.2749
03-10-2016,1.2843,1.294,1.2948,1.2817,-1.02%,0.0256999999999998,1.3279,1.2913,1.56528,0.0291999999999995,1.2616
04-10-2016,1.2728,1.2842,1.2862,1.2717,-0.90%,0.0256999999999998,1.3255,1.2913,1.56236,0.0398999999999994,1.2434
05-10-2016,1.2749,1.2728,1.2772,1.2684,0.16%,0.0177000000000001,1.3125,1.2913,1.55837,0.0266999999999999,1.2363
06-10-2016,1.2616,1.2746,1.2761,1.2601,-1.04%,0.0177000000000001,1.3125,1.2913,1.5557,0.0282999999999998,1.2123
07-10-2016,1.2434,1.2616,1.2626,1.1452,-1.44%,0.0177000000000001,1.3125,1.2817,1.55287,0.0373000000000001,1.2208
10-10-2016,1.2363,1.2435,1.2453,1.2347,-0.57%,0.1174,1.3125,1.2717,1.54914,0.0601000000000003,1.2255
11-10-2016,1.2123,1.2367,1.2377,1.2091,-1.94%,0.1174,1.309,1.2684,1.54313,0.0703999999999994,1.2187
12-10-2016,1.2208,1.2123,1.2328,1.2105,0.70%,0.1174,1.306,1.2601,1.53609,0.0829000000000004,1.2184
13-10-2016,1.2255,1.221,1.2275,1.2134,0.38%,0.1174,1.306,1.1452,1.5278,0.0765000000000011,1.2297
14-10-2016,1.2187,1.2259,1.2263,1.2168,-0.55%,0.1174,1.306,1.1452,1.52015,0.0763999999999996,1.2286
17-10-2016,1.2184,1.2188,1.2204,1.2136,-0.02%,0.1174,1.306,1.1452,1.51251,0.0827999999999989,1.2252
18-10-2016,1.2297,1.2181,1.2327,1.2174,0.93%,0.1174,1.3023,1.1452,1.50423,0.0788000000000011,1.2235
19-10-2016,1.2286,1.2297,1.2334,1.2257,-0.09%,0.1174,1.2948,1.1452,1.49635,0.0642999999999994,1.2239
20-10-2016,1.2252,1.2285,1.23,1.221,-0.28%,0.1174,1.2862,1.1452,1.48992,0.0556999999999999,1.2188
21-10-2016,1.2235,1.2254,1.2263,1.2171,-0.14%,0.1174,1.2772,1.1452,1.48435,0.0474000000000014,1.2248
24-10-2016,1.2239,1.2224,1.2253,1.2186,0.03%,0.1174,1.2761,1.1452,1.47961,0.0521999999999991,1.2163
25-10-2016,1.2188,1.2237,1.2245,1.2083,-0.42%,0.1174,1.2626,1.1452,1.47439,0.0379000000000005,1.2185
26-10-2016,1.2248,1.2189,1.2251,1.2154,0.49%,0.0286,1.2453,1.2091,1.4706,0.0245999999999995,1.2244
27-10-2016,1.2163,1.2248,1.2271,1.2148,-0.69%,0.0286,1.2377,1.2091,1.46814,0.0119000000000007,1.2243
28-10-2016,1.2185,1.2164,1.2217,1.2117,0.18%,0.0223,1.2334,1.2105,1.46695,-0.0041000000000011,1.2303
31-10-2016,1.2244,1.2179,1.2251,1.2143,0.48%,0.0162,1.2334,1.2083,1.46736,0.00309999999999988,1.2462
01-11-2016,1.2243,1.2237,1.2282,1.2206,-0.01%,0.0162,1.2334,1.2083,1.46705,0.0022000000000002,1.2519
02-11-2016,1.2303,1.2243,1.236,1.2224,0.49%,0.0162,1.2334,1.2083,1.46683,-0.00549999999999962,1.2398
03-11-2016,1.2462,1.2302,1.2496,1.2295,1.29%,0.0162,1.236,1.2083,1.46738,-0.0121000000000002,1.2381
04-11-2016,1.2519,1.2462,1.2559,1.2448,0.46%,0.0201,1.2496,1.2083,1.46859,-0.0165000000000006,1.2406
07-11-2016,1.2398,1.2513,1.2527,1.2379,-0.97%,0.0201,1.2559,1.2083,1.47024,-0.0228000000000002,1.2555
08-11-2016,1.2381,1.2393,1.2444,1.2362,-0.14%,0.0201,1.2559,1.2083,1.47252,-0.0138999999999996,1.2602
09-11-2016,1.2406,1.2373,1.2549,1.2351,0.20%,0.0201,1.2559,1.2083,1.47391,-0.014899999999999,1.2487
10-11-2016,1.2555,1.2405,1.2585,1.2374,1.20%,0.0201,1.2559,1.2083,1.4754,-0.0167999999999999,1.2456
11-11-2016,1.2602,1.2554,1.2675,1.2524,0.37%,0.0210999999999999,1.2585,1.2117,1.47708,-0.0365000000000002,1.2443
14-11-2016,1.2487,1.2593,1.2614,1.2441,-0.91%,0.0210999999999999,1.2675,1.2117,1.48073,-0.0344999999999995,1.2416
15-11-2016,1.2456,1.2489,1.2531,1.2382,-0.25%,0.0210999999999999,1.2675,1.2117,1.48418,-0.0325000000000006,1.2346
16-11-2016,1.2443,1.2456,1.2504,1.241,-0.10%,0.0210999999999999,1.2675,1.2143,1.48743,-0.0277000000000012,1.2493
17-11-2016,1.2416,1.2443,1.2507,1.2407,-0.22%,0.0210999999999999,1.2675,1.2206,1.4902,-0.0205999999999982,1.2424
18-11-2016,1.2346,1.2418,1.2438,1.23,-0.56%,0.0210999999999999,1.2675,1.2224,1.49226,-0.0175000000000018,1.244
21-11-2016,1.2493,1.2348,1.2514,1.2311,1.19%,0.0210999999999999,1.2675,1.2295,1.49401,-0.00459999999999994,1.2452
22-11-2016,1.2424,1.2497,1.2514,1.2383,-0.55%,0.0210999999999999,1.2675,1.2351,1.49447,-0.00349999999999895,1.2476
23-11-2016,1.244,1.2425,1.247,1.2359,0.13%,0.0210999999999999,1.2675,1.2351,1.49482,0.00880000000000081,1.2415
24-11-2016,1.2452,1.2442,1.2499,1.2402,0.10%,0.0210999999999999,1.2675,1.23,1.49394,-0.00490000000000102,1.249
25-11-2016,1.2476,1.245,1.2491,1.2415,0.19%,0.0210999999999999,1.2675,1.23,1.49443,-0.00769999999999982,1.2505
28-11-2016,1.2415,1.247,1.2533,1.2385,-0.49%,0.0210999999999999,1.2675,1.23,1.4952,-0.00650000000000084,1.2593
29-11-2016,1.249,1.2414,1.2527,1.2386,0.60%,0.0203,1.2675,1.23,1.49585,0.0140000000000011,1.2729
30-11-2016,1.2505,1.249,1.2524,1.2416,0.12%,0.0203,1.2614,1.23,1.49445,0.0102999999999991,1.2733
01-12-2016,1.2593,1.2506,1.2697,1.25,0.70%,0.0203,1.2533,1.23,1.49342,-0.00169999999999959,1.2677
02-12-2016,1.2729,1.2599,1.2747,1.2574,1.08%,0.0203,1.2697,1.23,1.49359,-0.0143000000000004,1.2622
05-12-2016,1.2733,1.2727,1.2746,1.2625,0.03%,0.0203,1.2747,1.23,1.49502,-0.0283999999999995,1.2586
06-12-2016,1.2677,1.2729,1.2776,1.2655,-0.44%,0.0203,1.2747,1.23,1.49786,-0.0311000000000004,1.2576
07-12-2016,1.2622,1.2678,1.2685,1.2569,-0.43%,0.0203,1.2776,1.2311,1.50097,-0.0329999999999995,1.268
08-12-2016,1.2586,1.2626,1.2706,1.2547,-0.29%,0.0197000000000001,1.2776,1.2359,1.50427,-0.0129000000000001,1.2658
09-12-2016,1.2576,1.2589,1.2623,1.255,-0.08%,0.0197000000000001,1.2776,1.2359,1.50556,-0.0163999999999991,1.2565
12-12-2016,1.268,1.2575,1.2704,1.2556,0.83%,0.0197000000000001,1.2776,1.2385,1.5072,-0.013300000000001,1.2419
13-12-2016,1.2658,1.2675,1.2729,1.2651,-0.17%,0.0197000000000001,1.2776,1.2385,1.50853,-0.0225000000000009,1.2497
14-12-2016,1.2565,1.2659,1.2721,1.2529,-0.73%,0.0197000000000001,1.2776,1.2385,1.51078,-0.0188999999999986,1.24
15-12-2016,1.2419,1.256,1.2572,1.2376,-1.16%,0.0197000000000001,1.2776,1.2386,1.51267,-0.0145999999999997,1.2367
16-12-2016,1.2497,1.2427,1.2519,1.2389,0.63%,0.0197000000000001,1.2776,1.2416,1.51413,0.00629999999999953,1.2354
19-12-2016,1.24,1.2493,1.2504,1.2355,-0.78%,0.0197000000000001,1.2776,1.25,1.5135,0.00130000000000052,1.2283
20-12-2016,1.2367,1.2401,1.2414,1.2313,-0.27%,0.0196000000000001,1.2776,1.2529,1.51337,0.0198,1.2292
21-12-2016,1.2354,1.2364,1.2393,1.2323,-0.11%,0.0196000000000001,1.2776,1.2376,1.51139,0.0362999999999989,1.2288
22-12-2016,1.2283,1.235,1.2379,1.2274,-0.57%,0.0196000000000001,1.2776,1.2376,1.50776,0.0379000000000005,1.2271
23-12-2016,1.2292,1.2283,1.2301,1.2228,0.07%,0.0196000000000001,1.2729,1.2355,1.50397,0.0395000000000003,1.2226
26-12-2016,1.2288,1.2269,1.2314,1.2264,-0.03%,0.0196000000000001,1.2729,1.2313,1.50002,0.0356999999999985,1.2263
27-12-2016,1.2271,1.2284,1.229,1.2237,-0.14%,0.0196000000000001,1.2729,1.2313,1.49645,0.0305,1.2338
28-12-2016,1.2226,1.2269,1.2298,1.2199,-0.37%,0.0196000000000001,1.2729,1.2274,1.4934,0.0306000000000015,1.2275
29-12-2016,1.2263,1.2228,1.228,1.2212,0.30%,0.0196000000000001,1.2729,1.2228,1.49034,0.0446999999999989,1.2239
30-12-2016,1.2338,1.2263,1.2389,1.2245,0.61%,0.0196000000000001,1.2721,1.2228,1.48587,0.0396000000000001,1.2322
02-01-2017,1.2275,1.2345,1.2354,1.2268,-0.51%,0.0196000000000001,1.2572,1.2228,1.48191,0.0215000000000014,1.2418
03-01-2017,1.2239,1.2274,1.2308,1.22,-0.29%,0.0148999999999999,1.2519,1.2199,1.47976,0.0152999999999999,1.2287
04-01-2017,1.2322,1.2237,1.2356,1.2222,0.68%,0.0148999999999999,1.2504,1.2199,1.47823,0.025599999999999,1.2162
05-01-2017,1.2418,1.2326,1.2436,1.2272,0.78%,0.0144,1.2414,1.2199,1.47567,0.00750000000000028,1.2177
06-01-2017,1.2287,1.2424,1.2437,1.2264,-1.05%,0.0164,1.2436,1.2199,1.47492,-0.00600000000000023,1.2212
09-01-2017,1.2162,1.2268,1.2273,1.2124,-1.02%,0.0173000000000001,1.2437,1.2199,1.47552,0.00820000000000043,1.2163
10-01-2017,1.2177,1.2162,1.2191,1.2105,0.12%,0.0173000000000001,1.2437,1.2199,1.4747,0.0121000000000002,1.2179
11-01-2017,1.2212,1.2176,1.227,1.2037,0.29%,0.0173000000000001,1.2437,1.2199,1.47349,0.00929999999999964,1.2048
12-01-2017,1.2163,1.2208,1.2318,1.215,-0.40%,0.0233000000000001,1.2437,1.2199,1.47256,0.00760000000000005,1.2413
13-01-2017,1.2179,1.2158,1.2234,1.2122,0.13%,0.0233000000000001,1.2437,1.2124,1.4718,0.0111000000000008,1.2259
16-01-2017,1.2048,1.2064,1.209,1.1985,-1.08%,0.0233000000000001,1.2437,1.2105,1.47069,0.0163999999999991,1.2342
17-01-2017,1.2413,1.2044,1.2415,1.2014,3.03%,0.0233000000000001,1.2437,1.2037,1.46905,0.0219000000000005,1.2375
18-01-2017,1.2259,1.2414,1.2417,1.2252,-1.24%,0.0401,1.2437,1.2037,1.46686,-0.00689999999999991,1.2535
19-01-2017,1.2342,1.2257,1.2343,1.2251,0.68%,0.0401,1.2437,1.2037,1.46755,0.00169999999999959,1.2521
20-01-2017,1.2375,1.2342,1.2381,1.226,0.27%,0.0401,1.2437,1.1985,1.46738,-0.0105000000000004,1.2634
23-01-2017,1.2535,1.2363,1.2546,1.2356,1.29%,0.0401,1.2437,1.1985,1.46843,-0.00369999999999848,1.2593
24-01-2017,1.2521,1.2534,1.2546,1.2415,-0.11%,0.0401,1.2546,1.1985,1.4688,-0.011000000000001,1.2555
25-01-2017,1.2634,1.2525,1.2643,1.2492,0.90%,0.0401,1.2546,1.1985,1.4699,-0.0257000000000005,1.2486
26-01-2017,1.2593,1.2638,1.268,1.2562,-0.32%,0.0401,1.2643,1.1985,1.47247,-0.0475999999999992,1.2579
27-01-2017,1.2555,1.2599,1.2614,1.2523,-0.30%,0.0401,1.268,1.1985,1.47723,-0.0423000000000009,1.2658
30-01-2017,1.2486,1.2552,1.2604,1.2466,-0.55%,0.0401,1.268,1.1985,1.48146,-0.0343999999999998,1.2528
31-01-2017,1.2579,1.2485,1.2598,1.2412,0.74%,0.0401,1.268,1.1985,1.4849,-0.0327000000000002,1.2488
01-02-2017,1.2658,1.2587,1.2686,1.2549,0.63%,0.0401,1.268,1.1985,1.48817,-0.0522999999999989,1.247
02-02-2017,1.2528,1.2664,1.2715,1.2522,-1.03%,0.0401,1.2686,1.2014,1.4934,-0.0620000000000012,1.2511
03-02-2017,1.2488,1.2525,1.2539,1.2458,-0.32%,0.0193000000000001,1.2715,1.2251,1.4996,-0.011099999999999,1.2539
06-02-2017,1.247,1.2491,1.251,1.2424,-0.14%,0.0193000000000001,1.2715,1.2251,1.50071,-0.0234000000000005,1.2496
07-02-2017,1.2511,1.2465,1.2547,1.2346,0.33%,0.0193000000000001,1.2715,1.226,1.50305,-0.0122999999999998,1.2491
08-02-2017,1.2539,1.2508,1.2551,1.2474,0.22%,0.0201,1.2715,1.2356,1.50428,-0.0145,1.2528
09-02-2017,1.2496,1.2542,1.2585,1.249,-0.34%,0.0201,1.2715,1.2412,1.50573,-0.000799999999999912,1.247
10-02-2017,1.2491,1.2498,1.2524,1.2438,-0.04%,0.0201,1.2715,1.2412,1.50581,0.00269999999999904,1.2459
13-02-2017,1.2528,1.2474,1.2541,1.247,0.30%,0.0201,1.2715,1.2346,1.50554,0.0164000000000009,1.249
14-02-2017,1.247,1.2526,1.255,1.2443,-0.46%,0.0201,1.2715,1.2346,1.5039,0.00729999999999897,1.2414
15-02-2017,1.2459,1.2471,1.2482,1.2381,-0.09%,0.0201,1.2715,1.2346,1.50317,0.00810000000000066,1.2461
16-02-2017,1.249,1.2462,1.2527,1.2454,0.25%,0.0201,1.2715,1.2346,1.50236,0.00229999999999997,1.2473
17-02-2017,1.2414,1.249,1.2513,1.2388,-0.61%,0.0201,1.2715,1.2346,1.50213,0.00970000000000049,1.2451
20-02-2017,1.2461,1.241,1.2483,1.2401,0.38%,0.0201,1.2715,1.2346,1.50116,0.0253999999999994,1.2555
21-02-2017,1.2473,1.2458,1.2482,1.2398,0.10%,0.0201,1.2585,1.2346,1.49862,0.00670000000000037,1.2468
22-02-2017,1.2451,1.2471,1.2509,1.2423,-0.18%,0.0201,1.2585,1.2346,1.49795,0.00199999999999889,1.2444
23-02-2017,1.2555,1.2443,1.2562,1.2428,0.84%,0.0201,1.2585,1.2346,1.49775,0.0022000000000002,1.2381
24-02-2017,1.2468,1.2554,1.2572,1.2447,-0.69%,0.0134000000000001,1.2585,1.2381,1.49753,-0.00459999999999994,1.2295
27-02-2017,1.2444,1.2467,1.2486,1.2384,-0.19%,0.0134000000000001,1.2585,1.2381,1.49799,0.00750000000000028,1.2267
28-02-2017,1.2381,1.2443,1.247,1.2369,-0.51%,0.0134000000000001,1.2572,1.2381,1.49724,0.00549999999999962,1.2295
01-03-2017,1.2295,1.2382,1.2406,1.2279,-0.69%,0.0134000000000001,1.2572,1.2381,1.49669,0.00919999999999988,1.2236
02-03-2017,1.2267,1.2289,1.2308,1.2242,-0.23%,0.0134000000000001,1.2572,1.2381,1.49577,0.0236999999999998,1.22
03-03-2017,1.2295,1.227,1.2304,1.2217,0.23%,0.0134000000000001,1.2572,1.2381,1.4934,0.0201000000000011,1.217
06-03-2017,1.2236,1.2294,1.2302,1.2223,-0.48%,0.0134000000000001,1.2572,1.2369,1.49139,0.0167999999999999,1.2167
07-03-2017,1.22,1.2235,1.2253,1.2168,-0.29%,0.0134000000000001,1.2572,1.2279,1.48971,0.0254999999999992,1.2171
08-03-2017,1.217,1.2199,1.2216,1.214,-0.25%,0.0134000000000001,1.2572,1.2242,1.48716,0.0211000000000006,1.2219
09-03-2017,1.2167,1.2166,1.2195,1.2134,-0.02%,0.0134000000000001,1.2572,1.2217,1.48505,0.0291999999999995,1.2154
10-03-2017,1.2171,1.2168,1.219,1.214,0.03%,0.0134000000000001,1.2572,1.2217,1.48213,0.0303000000000004,1.2292
13-03-2017,1.2219,1.2162,1.2252,1.2149,0.39%,0.0134000000000001,1.2572,1.2168,1.4791,0.0281000000000002,1.236
14-03-2017,1.2154,1.2219,1.2228,1.2108,-0.53%,0.0126999999999999,1.2572,1.214,1.47629,0.0335000000000001,1.2394
15-03-2017,1.2292,1.2153,1.2309,1.2139,1.14%,0.0126999999999999,1.2486,1.2134,1.47294,0.0313999999999997,1.2358
16-03-2017,1.236,1.2289,1.2378,1.2241,0.55%,0.0170000000000001,1.247,1.2134,1.4698,0.0153999999999996,1.2479
17-03-2017,1.2394,1.2359,1.2406,1.2323,0.28%,0.0170000000000001,1.2406,1.2134,1.46826,0.00229999999999997,1.2484
20-03-2017,1.2358,1.24,1.2437,1.2335,-0.29%,0.0170000000000001,1.2406,1.2108,1.46803,-0.011099999999999,1.2521
21-03-2017,1.2479,1.2358,1.2496,1.234,0.98%,0.0170000000000001,1.2437,1.2108,1.46914,-0.00880000000000081,1.247
22-03-2017,1.2484,1.2477,1.2507,1.2423,0.04%,0.0170000000000001,1.2496,1.2108,1.47002,-0.0183,1.2556
23-03-2017,1.2521,1.2484,1.2532,1.2461,0.30%,0.0170000000000001,1.2507,1.2108,1.47185,-0.0248999999999988,1.245
24-03-2017,1.247,1.2521,1.2524,1.2468,-0.41%,0.0170000000000001,1.2532,1.2108,1.47434,-0.0322000000000013,1.2434
27-03-2017,1.2556,1.2487,1.2618,1.2476,0.69%,0.0170000000000001,1.2532,1.2108,1.47756,-0.0320999999999998,1.2469
28-03-2017,1.245,1.2559,1.2598,1.2439,-0.84%,0.0170000000000001,1.2618,1.2108,1.48077,-0.0390999999999995,1.255
29-03-2017,1.2434,1.2447,1.2476,1.2377,-0.13%,0.0170000000000001,1.2618,1.2108,1.48468,-0.0284999999999993,1.2487
30-03-2017,1.2469,1.2433,1.2529,1.2405,0.28%,0.0170000000000001,1.2618,1.2108,1.48753,-0.0213999999999999,1.2441
31-03-2017,1.255,1.2472,1.2562,1.2436,0.65%,0.0170000000000001,1.2618,1.2139,1.48967,-0.0319000000000003,1.2483
03-04-2017,1.2487,1.254,1.2556,1.2464,-0.50%,0.0159,1.2618,1.2241,1.49286,-0.0251000000000001,1.247
04-04-2017,1.2441,1.2488,1.2496,1.2418,-0.37%,0.0159,1.2618,1.2323,1.49537,-0.0129000000000001,1.2373
05-04-2017,1.2483,1.244,1.2501,1.2423,0.34%,0.0159,1.2618,1.2335,1.49666,-0.00399999999999956,1.2414
06-04-2017,1.247,1.2486,1.2508,1.2451,-0.10%,0.0159,1.2618,1.234,1.49706,-0.0128000000000004,1.2491
07-04-2017,1.2373,1.2468,1.2478,1.2363,-0.78%,0.0159,1.2618,1.2377,1.49834,0.000899999999999679,1.254
10-04-2017,1.2414,1.2384,1.2432,1.2367,0.33%,0.0159,1.2618,1.2377,1.49825,0.00999999999999979,1.2506
11-04-2017,1.2491,1.2412,1.2497,1.2404,0.62%,0.0159,1.2618,1.2377,1.49725,0.0108999999999995,1.2524
12-04-2017,1.254,1.2491,1.255,1.2479,0.39%,0.0159,1.2618,1.2377,1.49616,-0.000399999999999068,1.2565
13-04-2017,1.2506,1.2537,1.2575,1.2497,-0.27%,0.0159,1.2598,1.2363,1.4962,0.0022000000000002,1.2841
14-04-2017,1.2524,1.2503,1.2537,1.25,0.14%,0.0125999999999999,1.2575,1.2363,1.49598,-0.00560000000000116,1.2779
17-04-2017,1.2565,1.2531,1.2599,1.2526,0.33%,0.0125999999999999,1.2575,1.2363,1.49654,-0.00980000000000025,1.2813
18-04-2017,1.2841,1.2569,1.2909,1.2518,2.20%,0.0125999999999999,1.2599,1.2363,1.49752,-0.00969999999999871,1.2813
19-04-2017,1.2779,1.2839,1.2862,1.2768,-0.48%,0.0390999999999999,1.2909,1.2363,1.49849,-0.0298999999999996,1.2794
20-04-2017,1.2813,1.2782,1.2851,1.2775,0.27%,0.0390999999999999,1.2909,1.2363,1.50148,-0.0294000000000008,1.2841
21-04-2017,1.2813,1.2813,1.2835,1.2759,0.00%,0.0390999999999999,1.2909,1.2363,1.50442,-0.0373000000000001,1.2847
24-04-2017,1.2794,1.2842,1.2871,1.277,-0.15%,0.0390999999999999,1.2909,1.2363,1.50815,-0.0356000000000005,1.2904
25-04-2017,1.2841,1.2795,1.2846,1.2772,0.37%,0.0390999999999999,1.2909,1.2363,1.51171,-0.0327000000000002,1.2951
26-04-2017,1.2847,1.284,1.2864,1.2804,0.05%,0.0390999999999999,1.2909,1.2367,1.51498,-0.0456000000000003,1.2886
27-04-2017,1.2904,1.2846,1.2916,1.2836,0.44%,0.0390999999999999,1.2909,1.2404,1.51954,-0.0434000000000001,1.2938
28-04-2017,1.2951,1.2908,1.297,1.2889,0.36%,0.0390999999999999,1.2916,1.2479,1.52388,-0.0416999999999987,1.2867
01-05-2017,1.2886,1.2951,1.2955,1.2879,-0.50%,0.0390999999999999,1.297,1.2497,1.52805,-0.0413999999999994,1.2921
02-05-2017,1.2938,1.2888,1.2943,1.2865,0.40%,0.0390999999999999,1.297,1.25,1.53219,-0.0385000000000009,1.2981
03-05-2017,1.2867,1.294,1.2953,1.2865,-0.55%,0.0390999999999999,1.297,1.2518,1.53604,-0.0408999999999988,1.294
04-05-2017,1.2921,1.2864,1.2931,1.283,0.42%,0.0390999999999999,1.297,1.2518,1.54013,-0.0295000000000005,1.2935
05-05-2017,1.2981,1.292,1.2985,1.29,0.46%,0.0101,1.297,1.2759,1.54308,-0.00810000000000066,1.2938
08-05-2017,1.294,1.2981,1.2992,1.2929,-0.32%,0.0101,1.2985,1.2759,1.54389,-0.0198999999999998,1.2886
09-05-2017,1.2935,1.2944,1.2961,1.2902,-0.04%,0.0101,1.2992,1.2759,1.54588,-0.0130999999999997,1.2891
10-05-2017,1.2938,1.2933,1.2989,1.2926,0.02%,0.0101,1.2992,1.277,1.54719,-0.00910000000000011,1.2893
11-05-2017,1.2886,1.2942,1.2953,1.2852,-0.40%,0.0101,1.2992,1.2772,1.5481,-0.0146999999999995,1.2917
12-05-2017,1.2891,1.2886,1.29,1.2843,0.04%,0.0101,1.2992,1.2804,1.54957,-0.00459999999999994,1.2973
15-05-2017,1.2893,1.2888,1.294,1.2873,0.02%,0.0101,1.2992,1.283,1.55003,-0.00420000000000087,1.2939
16-05-2017,1.2917,1.2896,1.2958,1.2866,0.19%,0.0101,1.2992,1.283,1.55045,0.00120000000000076,1.3035
17-05-2017,1.2973,1.2918,1.2994,1.2907,0.43%,0.0101,1.2992,1.283,1.55033,0.00329999999999941,1.3
18-05-2017,1.2939,1.2969,1.3051,1.2893,-0.26%,0.0101,1.2994,1.283,1.55,-0.00810000000000066,1.2962
19-05-2017,1.3035,1.2936,1.304,1.2927,0.74%,0.0158,1.3051,1.283,1.55081,0.000400000000000844,1.2974
22-05-2017,1.3,1.3007,1.3044,1.2965,-0.27%,0.0158,1.3051,1.283,1.55077,-0.0143000000000004,1.294
23-05-2017,1.2962,1.3,1.3036,1.2954,-0.29%,0.0158,1.3051,1.2843,1.5522,-0.00799999999999912,1.2804
24-05-2017,1.2974,1.2961,1.3,1.2925,0.09%,0.0158,1.3051,1.2843,1.553,0.00199999999999889,1.2841
25-05-2017,1.294,1.2969,1.3013,1.2929,-0.26%,0.0158,1.3051,1.2843,1.5528,-0.0024999999999995,1.2858
26-05-2017,1.2804,1.2942,1.2949,1.2773,-1.05%,0.0158,1.3051,1.2843,1.55305,-0.000899999999999679,1.289
29-05-2017,1.2841,1.2807,1.2853,1.2791,0.29%,0.0175999999999998,1.3051,1.2843,1.55314,0.0134999999999987,1.2881
30-05-2017,1.2858,1.2837,1.289,1.2792,0.13%,0.0175999999999998,1.3051,1.2843,1.55179,0.00490000000000102,1.2887
31-05-2017,1.289,1.2859,1.2921,1.2769,0.25%,0.0175999999999998,1.3051,1.2866,1.5513,0.00290000000000035,1.2903
01-06-2017,1.2881,1.2889,1.2916,1.283,-0.07%,0.0175999999999998,1.3051,1.2773,1.55101,0.000700000000000145,1.2911
02-06-2017,1.2887,1.2881,1.2908,1.2849,0.05%,0.0175999999999998,1.3051,1.2773,1.55094,0.00369999999999848,1.2961
05-06-2017,1.2903,1.285,1.2942,1.2847,0.12%,0.0175999999999998,1.3051,1.2773,1.55057,0.0119000000000007,1.2953
06-06-2017,1.2911,1.2905,1.2953,1.2874,0.06%,0.0175999999999998,1.3044,1.2769,1.54938,0.00309999999999988,1.2745
07-06-2017,1.2961,1.2912,1.2969,1.2887,0.39%,0.0175999999999998,1.3044,1.2769,1.54907,0.00950000000000095,1.2656
08-06-2017,1.2953,1.2961,1.2979,1.2907,-0.06%,0.0175999999999998,1.3036,1.2769,1.54812,0.00389999999999979,1.2753
09-06-2017,1.2745,1.2958,1.2964,1.2637,-1.61%,0.0175999999999998,1.3013,1.2769,1.54773,0.000299999999999301,1.2752
12-06-2017,1.2656,1.2731,1.2771,1.2637,-0.70%,0.0327,1.3013,1.2769,1.5477,0.0238000000000014,1.2755
13-06-2017,1.2753,1.266,1.2759,1.2642,0.77%,0.0327,1.2979,1.2769,1.54532,0.0281999999999982,1.2776
14-06-2017,1.2752,1.2755,1.2818,1.2722,-0.01%,0.0327,1.2979,1.2769,1.5425,0.00520000000000032,1.2736
15-06-2017,1.2755,1.275,1.2796,1.2689,0.02%,0.0327,1.2979,1.2637,1.54198,0.00870000000000104,1.2631
16-06-2017,1.2776,1.2754,1.2806,1.2748,0.16%,0.0327,1.2979,1.2637,1.54111,0.0104999999999986,1.2671
19-06-2017,1.2736,1.2787,1.2817,1.2724,-0.31%,0.0327,1.2979,1.2637,1.54006,0.0102000000000011,1.2682
20-06-2017,1.2631,1.2732,1.2758,1.2603,-0.82%,0.0327,1.2979,1.2637,1.53904,0.014899999999999,1.2718
21-06-2017,1.2671,1.2631,1.2712,1.2591,0.32%,0.0327,1.2979,1.2637,1.53755,0.0219000000000005,1.2721
22-06-2017,1.2682,1.267,1.2692,1.2652,0.09%,0.0327,1.2979,1.2637,1.53536,0.0235000000000003,1.2816
23-06-2017,1.2718,1.2681,1.2745,1.2673,0.28%,0.0327,1.2979,1.2637,1.53301,0.0230999999999995,1.2926
26-06-2017,1.2721,1.2729,1.276,1.2704,0.02%,0.0327,1.2979,1.2603,1.5307,0.023200000000001,1.3006
27-06-2017,1.2816,1.2723,1.286,1.2716,0.75%,0.0327,1.2964,1.2591,1.52838,0.0235000000000003,1.3027
28-06-2017,1.2926,1.2817,1.2974,1.2792,0.86%,0.0155000000000001,1.286,1.2591,1.52603,-0.00860000000000127,1.2937
29-06-2017,1.3006,1.2923,1.3013,1.2919,0.62%,0.0182000000000002,1.2974,1.2591,1.52689,-0.0262999999999991,1.292
30-06-2017,1.3027,1.3005,1.3032,1.2948,0.16%,0.0182000000000002,1.3013,1.2591,1.52952,-0.0250000000000004,1.2935
03-07-2017,1.2937,1.3011,1.3024,1.293,-0.69%,0.0182000000000002,1.3032,1.2591,1.53202,-0.0260999999999996,1.2971
04-07-2017,1.292,1.294,1.2962,1.2913,-0.13%,0.0182000000000002,1.3032,1.2591,1.53463,-0.0186000000000011,1.2892
05-07-2017,1.2935,1.2917,1.295,1.2892,0.12%,0.0182000000000002,1.3032,1.2591,1.53649,-0.0129999999999999,1.2879
06-07-2017,1.2971,1.2936,1.2984,1.2919,0.28%,0.0182000000000002,1.3032,1.2591,1.53779,-0.0203999999999986,1.2849
07-07-2017,1.2892,1.2969,1.2977,1.2867,-0.61%,0.0182000000000002,1.3032,1.2591,1.53983,-0.0338000000000012,1.2885
10-07-2017,1.2879,1.2886,1.2912,1.2857,-0.10%,0.0182000000000002,1.3032,1.2652,1.54321,-0.0215999999999994,1.2939
11-07-2017,1.2849,1.2885,1.2932,1.2833,-0.23%,0.0182000000000002,1.3032,1.2673,1.54537,-0.0204000000000004,1.3096
12-07-2017,1.2885,1.2848,1.2908,1.2811,0.28%,0.0182000000000002,1.3032,1.2704,1.54741,-0.0119000000000007,1.3055
13-07-2017,1.2939,1.2887,1.2958,1.2879,0.42%,0.0182000000000002,1.3032,1.2716,1.5486,-0.0163999999999991,1.304
14-07-2017,1.3096,1.2935,1.3115,1.2933,1.21%,0.0182000000000002,1.3032,1.2792,1.55024,-0.0118000000000009,1.3018
17-07-2017,1.3055,1.31,1.3113,1.3045,-0.31%,0.0182000000000002,1.3115,1.2833,1.55142,-0.0176999999999996,1.2974
18-07-2017,1.304,1.3057,1.3127,1.3004,-0.11%,0.0182000000000002,1.3115,1.2811,1.55319,-0.00520000000000032,1.2995
19-07-2017,1.3018,1.3037,1.3053,1.3009,-0.17%,0.0182000000000002,1.3127,1.2811,1.55371,-0.00259999999999927,1.3029
20-07-2017,1.2974,1.3024,1.3038,1.2934,-0.34%,0.0182000000000002,1.3127,1.2811,1.55397,-0.00839999999999996,1.3026
21-07-2017,1.2995,1.2975,1.3023,1.2954,0.16%,0.0182000000000002,1.3127,1.2811,1.55481,-0.00580000000000069,1.3121
24-07-2017,1.3029,1.2986,1.3058,1.2986,0.26%,0.0182000000000002,1.3127,1.2811,1.55539,-0.00499999999999901,1.3067
25-07-2017,1.3026,1.303,1.3086,1.3007,-0.02%,0.0182000000000002,1.3127,1.2811,1.55589,-0.00609999999999999,1.3135
26-07-2017,1.3121,1.3021,1.3125,1.3001,0.73%,0.0182000000000002,1.3127,1.2811,1.5565,-0.0135000000000005,1.3214
27-07-2017,1.3067,1.3119,1.3157,1.3052,-0.41%,0.0182000000000002,1.3127,1.2811,1.55785,-0.0234000000000005,1.3203
28-07-2017,1.3135,1.3067,1.3155,1.306,0.52%,0.0182000000000002,1.3157,1.2811,1.56019,-0.0219000000000005,1.3223
31-07-2017,1.3214,1.3131,1.3225,1.3096,0.60%,0.0182000000000002,1.3157,1.2879,1.56238,-0.0244,1.3139
01-08-2017,1.3203,1.3216,1.3249,1.3193,-0.08%,0.0182000000000002,1.3225,1.2933,1.56482,-0.0281000000000002,1.3036
02-08-2017,1.3223,1.3203,1.3252,1.3189,0.15%,0.0128999999999999,1.3249,1.2934,1.56763,-0.0102999999999991,1.3035
03-08-2017,1.3139,1.3221,1.3266,1.3112,-0.64%,0.0128999999999999,1.3252,1.2934,1.56866,-0.0163999999999991,1.2991
04-08-2017,1.3036,1.3135,1.3166,1.3022,-0.78%,0.0154000000000001,1.3266,1.2934,1.5703,-0.00980000000000025,1.3005
07-08-2017,1.3035,1.3028,1.3063,1.3014,-0.01%,0.0154000000000001,1.3266,1.2934,1.57128,-0.000400000000000844,1.2975
08-08-2017,1.2991,1.3035,1.3055,1.2952,-0.34%,0.0154000000000001,1.3266,1.2954,1.57132,-0.00600000000000023,1.3012
09-08-2017,1.3005,1.2989,1.3029,1.2966,0.11%,0.0154000000000001,1.3266,1.2986,1.57192,-0.000299999999999301,1.2965
10-08-2017,1.2975,1.3,1.3017,1.2951,-0.23%,0.0154000000000001,1.3266,1.3001,1.57195,0.00300000000000011,1.287
11-08-2017,1.3012,1.2976,1.3031,1.2938,0.29%,0.0154000000000001,1.3266,1.3001,1.57165,0.00450000000000017,1.289
14-08-2017,1.2965,1.2994,1.3024,1.2957,-0.36%,0.0154000000000001,1.3266,1.2952,1.5712,0.0124999999999993,1.2869
15-08-2017,1.287,1.2964,1.2971,1.2845,-0.73%,0.0154000000000001,1.3266,1.2952,1.56995,0.0103000000000009,1.2876
16-08-2017,1.289,1.287,1.2905,1.2842,0.16%,0.0154000000000001,1.3266,1.2951,1.56892,0.0260999999999996,1.2901
17-08-2017,1.2869,1.2894,1.2914,1.2855,-0.16%,0.0154000000000001,1.3266,1.2938,1.56631,0.0321999999999996,1.2824
18-08-2017,1.2876,1.2869,1.292,1.2834,0.05%,0.0154000000000001,1.3266,1.2938,1.56309,0.0334000000000003,1.28
21-08-2017,1.2901,1.287,1.2918,1.2849,0.19%,0.0154000000000001,1.3266,1.2845,1.55975,0.0350999999999999,1.28
22-08-2017,1.2824,1.2897,1.291,1.2809,-0.60%,0.0144,1.3166,1.2842,1.55624,0.0237999999999996,1.2887
23-08-2017,1.28,1.2824,1.2835,1.2779,-0.19%,0.0125999999999999,1.3063,1.2842,1.55386,0.0204000000000004,1.2933
24-08-2017,1.28,1.2796,1.2837,1.2771,0.00%,0.0125999999999999,1.3055,1.2834,1.55182,0.0238999999999994,1.292
25-08-2017,1.2887,1.2799,1.2891,1.2793,0.68%,0.0125999999999999,1.3031,1.2834,1.54943,0.0190000000000001,1.2926
28-08-2017,1.2933,1.2902,1.2948,1.2873,0.36%,0.0125999999999999,1.3031,1.2809,1.54753,0.00980000000000025,1.2931
29-08-2017,1.292,1.2931,1.2979,1.2914,-0.10%,0.0125999999999999,1.3031,1.2779,1.54655,0.00450000000000017,1.2951
30-08-2017,1.2926,1.2918,1.2939,1.2877,0.05%,0.0125999999999999,1.3024,1.2771,1.5461,0.00760000000000005,1.2932
31-08-2017,1.2931,1.2928,1.2935,1.2851,0.04%,0.0125999999999999,1.2979,1.2771,1.54534,0.00360000000000049,1.3033
01-09-2017,1.2951,1.2931,1.2996,1.2904,0.15%,0.0101,1.2979,1.2771,1.54498,-0.00609999999999999,1.3043
04-09-2017,1.2932,1.2958,1.2967,1.2911,-0.15%,0.0101,1.2996,1.2771,1.54559,-0.0063999999999993,1.3101
05-09-2017,1.3033,1.2927,1.3044,1.2909,0.78%,0.0101,1.2996,1.2771,1.54623,-0.00580000000000069,1.3198
06-09-2017,1.3043,1.3032,1.3084,1.3018,0.08%,0.0135000000000001,1.3044,1.2771,1.54681,-0.0161999999999995,1.3163
07-09-2017,1.3101,1.3043,1.3117,1.3032,0.44%,0.0135000000000001,1.3084,1.2771,1.54843,-0.0145999999999997,1.3284
08-09-2017,1.3198,1.31,1.3225,1.3093,0.74%,0.0135000000000001,1.3117,1.2771,1.54989,-0.0276000000000014,1.3211
11-09-2017,1.3163,1.3203,1.3223,1.3159,-0.27%,0.0135000000000001,1.3225,1.2771,1.55265,-0.0406999999999993,1.3397
12-09-2017,1.3284,1.3163,1.33,1.316,0.92%,0.0135000000000001,1.3225,1.2793,1.55672,-0.0364000000000004,1.3593
13-09-2017,1.3211,1.3284,1.333,1.3185,-0.55%,0.014,1.33,1.2851,1.56036,-0.0381999999999998,1.3494
14-09-2017,1.3397,1.3211,1.3407,1.3162,1.41%,0.0145,1.333,1.2851,1.56418,-0.0280000000000005,1.3509
15-09-2017,1.3593,1.3398,1.3617,1.3381,1.46%,0.0245,1.3407,1.2851,1.56698,-0.048,1.3494
18-09-2017,1.3494,1.3576,1.362,1.3465,-0.73%,0.0245,1.3617,1.2851,1.57178,-0.0648,1.3579
19-09-2017,1.3509,1.3495,1.3553,1.3469,0.11%,0.0245,1.362,1.2904,1.57826,-0.0564,1.3493
20-09-2017,1.3494,1.351,1.3658,1.3452,-0.11%,0.0245,1.362,1.2909,1.5839,-0.0551999999999993,1.3467
21-09-2017,1.3579,1.3493,1.3587,1.347,0.63%,0.0245,1.3658,1.2909,1.58942,-0.0565999999999995,1.3458
22-09-2017,1.3493,1.3581,1.3597,1.345,-0.63%,0.0245,1.3658,1.3018,1.59508,-0.0549000000000017,1.3387
25-09-2017,1.3467,1.3493,1.3572,1.3431,-0.19%,0.0245,1.3658,1.3032,1.60057,-0.0449999999999982,1.3442
26-09-2017,1.3458,1.3467,1.3517,1.341,-0.07%,0.0245,1.3658,1.3093,1.60507,-0.0366999999999997,1.3397
27-09-2017,1.3387,1.3459,1.3464,1.3364,-0.53%,0.0245,1.3658,1.3159,1.60874,-0.0256000000000007,1.3277
28-09-2017,1.3442,1.3386,1.3458,1.3343,0.41%,0.0245,1.3658,1.316,1.6113,-0.0223000000000013,1.3236
29-09-2017,1.3397,1.3441,1.3446,1.3349,-0.33%,0.0245,1.3658,1.3162,1.61353,-0.0156999999999989,1.3245
02-10-2017,1.3277,1.3389,1.3404,1.3255,-0.90%,0.0245,1.3658,1.3162,1.6151,-0.0178000000000011,1.3119
03-10-2017,1.3236,1.3276,1.3289,1.3222,-0.31%,0.0235999999999998,1.3658,1.3364,1.61688,0.0122,1.3066
04-10-2017,1.3245,1.3236,1.3293,1.3235,0.07%,0.0206,1.3658,1.3343,1.61566,0.0340000000000025,1.3142
05-10-2017,1.3119,1.3247,1.3251,1.3107,-0.95%,0.0206,1.3658,1.3343,1.61226,0.024799999999999,1.3204
06-10-2017,1.3066,1.3119,1.3127,1.3027,-0.40%,0.0206,1.3658,1.3255,1.60978,0.0390999999999977,1.3223
09-10-2017,1.3142,1.3069,1.3185,1.3056,0.58%,0.0149000000000001,1.3597,1.3222,1.60587,0.0424000000000007,1.3262
10-10-2017,1.3204,1.3141,1.3227,1.3131,0.47%,0.0149000000000001,1.3597,1.3222,1.60163,0.0440000000000005,1.3287
11-10-2017,1.3223,1.3205,1.3236,1.3175,0.14%,0.0149000000000001,1.3572,1.3107,1.59723,0.0288000000000004,1.325
12-10-2017,1.3262,1.3224,1.3292,1.3121,0.29%,0.0149000000000001,1.3517,1.3027,1.59435,0.0243000000000002,1.3191
13-10-2017,1.3287,1.3262,1.3338,1.3249,0.19%,0.0170999999999999,1.3464,1.3027,1.59192,0.0197000000000003,1.3205
16-10-2017,1.325,1.3309,1.3313,1.3225,-0.28%,0.0170999999999999,1.3458,1.3027,1.58995,0.00769999999999982,1.3159
17-10-2017,1.3191,1.325,1.3289,1.3154,-0.45%,0.0170999999999999,1.3446,1.3027,1.58918,0.0190999999999999,1.319
18-10-2017,1.3205,1.3191,1.3212,1.314,0.11%,0.0170999999999999,1.3404,1.3027,1.58727,0.0198,1.3197
19-10-2017,1.3159,1.3206,1.323,1.3132,-0.35%,0.0170999999999999,1.3338,1.3027,1.58529,0.00699999999999967,1.3136
20-10-2017,1.319,1.3159,1.3202,1.3087,0.24%,0.0170999999999999,1.3338,1.3027,1.58459,0.00769999999999982,1.3264
23-10-2017,1.3197,1.3187,1.3228,1.3156,0.05%,0.0170999999999999,1.3338,1.3027,1.58382,0.00600000000000023,1.316
24-10-2017,1.3136,1.3199,1.3229,1.3112,-0.46%,0.0170999999999999,1.3338,1.3027,1.58322,-0.00799999999999912,1.3129
25-10-2017,1.3264,1.3132,1.3272,1.311,0.97%,0.0170999999999999,1.3338,1.3056,1.58402,-0.0063000000000013,1.3208
26-10-2017,1.316,1.3264,1.3281,1.3147,-0.78%,0.0170999999999999,1.3338,1.3087,1.58465,-0.0122999999999998,1.3283
27-10-2017,1.3129,1.3161,1.3164,1.307,-0.24%,0.0170999999999999,1.3338,1.3087,1.58588,0.0044000000000004,1.3246
30-10-2017,1.3208,1.3112,1.3216,1.3105,0.60%,0.0170999999999999,1.3338,1.3087,1.58544,0.0112000000000005,1.3059
31-10-2017,1.3283,1.3207,1.3289,1.319,0.57%,0.0162,1.3338,1.3087,1.58432,0.00549999999999962,1.3076
01-11-2017,1.3246,1.3282,1.3321,1.324,-0.28%,0.0162,1.3313,1.3087,1.58377,0.00269999999999904,1.3172
02-11-2017,1.3059,1.3245,1.33,1.3043,-1.41%,0.0162,1.3321,1.307,1.5835,0.000500000000000611,1.3167
03-11-2017,1.3076,1.3059,1.3132,1.3039,0.13%,0.0257000000000001,1.3321,1.307,1.58345,0.0131999999999994,1.3116
06-11-2017,1.3172,1.3085,1.3177,1.3058,0.73%,0.0257000000000001,1.3321,1.307,1.58213,0.0121000000000002,1.3151
07-11-2017,1.3167,1.317,1.3179,1.3109,-0.04%,0.0257000000000001,1.3321,1.307,1.58092,-0.00109999999999921,1.3191
08-11-2017,1.3116,1.3167,1.3178,1.3087,-0.39%,0.0257000000000001,1.3321,1.3043,1.58103,0.00200000000000067,1.3116
09-11-2017,1.3151,1.3115,1.3167,1.3086,0.27%,0.0257000000000001,1.3321,1.3039,1.58083,0.00839999999999819,1.3165
10-11-2017,1.3191,1.3148,1.3232,1.3113,0.30%,0.0257000000000001,1.3321,1.3039,1.57999,-0.00159999999999982,1.3171
13-11-2017,1.3116,1.3183,1.3198,1.3062,-0.57%,0.0257000000000001,1.3321,1.3039,1.58015,0.00810000000000066,1.3195
14-11-2017,1.3165,1.3116,1.3188,1.3075,0.37%,0.0257000000000001,1.3321,1.3039,1.57934,0.00450000000000017,1.3214
15-11-2017,1.3171,1.3167,1.3216,1.3131,0.05%,0.0257000000000001,1.3321,1.3039,1.57889,-0.00549999999999962,1.3235
16-11-2017,1.3195,1.3171,1.3209,1.3135,0.18%,0.0257000000000001,1.3321,1.3039,1.57944,0.00359999999999872,1.3239
17-11-2017,1.3214,1.3196,1.3261,1.317,0.14%,0.0257000000000001,1.3321,1.3039,1.57908,0.00860000000000127,1.3326
20-11-2017,1.3235,1.3217,1.328,1.3184,0.16%,0.0257000000000001,1.33,1.3039,1.57822,0.0027999999999988,1.331
21-11-2017,1.3239,1.3236,1.327,1.3211,0.03%,0.0136000000000001,1.328,1.3039,1.57794,-0.0176999999999996,1.3337
22-11-2017,1.3326,1.3239,1.3332,1.3214,0.66%,0.0136000000000001,1.328,1.3058,1.57971,-0.0153999999999996,1.3318
23-11-2017,1.331,1.3325,1.3338,1.3284,-0.12%,0.0136000000000001,1.3332,1.3062,1.58125,-0.0155000000000012,1.3338
24-11-2017,1.3337,1.3309,1.3361,1.3279,0.20%,0.0136000000000001,1.3338,1.3062,1.5828,-0.0141999999999989,1.3409
27-11-2017,1.3318,1.3337,1.3384,1.331,-0.14%,0.0136000000000001,1.3361,1.3062,1.58422,-0.0221999999999998,1.3526
28-11-2017,1.3338,1.3312,1.3388,1.3221,0.15%,0.0136000000000001,1.3384,1.3062,1.58644,-0.0164000000000009,1.3473
29-11-2017,1.3409,1.334,1.345,1.3339,0.53%,0.0166999999999999,1.3388,1.3062,1.58808,-0.0156999999999989,1.3479
30-11-2017,1.3526,1.341,1.355,1.3405,0.87%,0.0166999999999999,1.345,1.3075,1.58965,-0.0294000000000008,1.3443
01-12-2017,1.3473,1.3525,1.3552,1.3445,-0.39%,0.0166999999999999,1.355,1.3131,1.59259,-0.0358000000000001,1.3394
04-12-2017,1.3479,1.3479,1.3539,1.3417,0.04%,0.0166999999999999,1.3552,1.3135,1.59617,-0.0307999999999993,1.3474
05-12-2017,1.3443,1.3479,1.3483,1.337,-0.27%,0.0166999999999999,1.3552,1.317,1.59925,-0.0283000000000015,1.3392
06-12-2017,1.3394,1.3442,1.3449,1.3357,-0.36%,0.0166999999999999,1.3552,1.3184,1.60208,-0.0225000000000009,1.3339
07-12-2017,1.3474,1.3391,1.3485,1.3319,0.60%,0.0166999999999999,1.3552,1.3211,1.60433,-0.0154999999999994,1.3317
08-12-2017,1.3392,1.3477,1.3521,1.3355,-0.61%,0.0166999999999999,1.3552,1.3214,1.60588,-0.0237999999999978,1.342
11-12-2017,1.3339,1.3392,1.3432,1.3331,-0.40%,0.0166999999999999,1.3552,1.3221,1.60826,-0.00670000000000215,1.3432
12-12-2017,1.3317,1.3339,1.3381,1.3304,-0.16%,0.0166999999999999,1.3552,1.3221,1.60893,-0.00300000000000011,1.3321
13-12-2017,1.342,1.3317,1.3422,1.3311,0.77%,0.0166999999999999,1.3552,1.3221,1.60923,0.00200000000000244,1.3382
14-12-2017,1.3432,1.3418,1.3463,1.339,0.09%,0.0166999999999999,1.3552,1.3221,1.60903,-0.0106000000000002,1.3385
15-12-2017,1.3321,1.3431,1.345,1.3302,-0.83%,0.0166000000000002,1.3552,1.3319,1.61009,-0.00910000000000011,1.3376
18-12-2017,1.3382,1.3328,1.342,1.331,0.46%,0.0166000000000002,1.3552,1.3304,1.611,0.00819999999999865,1.3385
19-12-2017,1.3385,1.3382,1.3403,1.3332,0.02%,0.0166000000000002,1.3552,1.3304,1.61018,0.0143000000000022,1.3362
20-12-2017,1.3376,1.3386,1.3422,1.3372,-0.07%,0.0166000000000002,1.3539,1.3304,1.60875,0.00929999999999964,1.3369
21-12-2017,1.3385,1.3376,1.3389,1.3331,0.07%,0.0166000000000002,1.3521,1.3302,1.60782,0.0102999999999973,1.3374
22-12-2017,1.3362,1.3386,1.3399,1.3349,-0.17%,0.0166000000000002,1.3521,1.3302,1.60679,0.00560000000000116,1.3397
25-12-2017,1.3369,1.3357,1.3396,1.3355,0.05%,0.0166000000000002,1.3521,1.3302,1.60623,0.00339999999999918,1.3443
26-12-2017,1.3374,1.3371,1.3391,1.3347,0.04%,0.0166000000000002,1.3521,1.3302,1.60589,0.0106000000000002,1.3515
27-12-2017,1.3397,1.3375,1.3431,1.3368,0.17%,0.0147999999999999,1.3463,1.3302,1.60483,0.00169999999999959,1.3503
28-12-2017,1.3443,1.3397,1.3458,1.3392,0.34%,0.0147999999999999,1.3463,1.3302,1.60466,-0.00579999999999714,1.3588
29-12-2017,1.3515,1.3444,1.3545,1.3428,0.54%,0.0147999999999999,1.3463,1.3302,1.60524,-0.0127000000000024,1.3516
01-01-2018,1.3503,1.3515,1.3522,1.3494,-0.09%,0.0147999999999999,1.3545,1.3302,1.60651,-0.00969999999999871,1.3553
02-01-2018,1.3588,1.3507,1.3602,1.35,0.63%,0.0147999999999999,1.3545,1.3302,1.60748,-0.00760000000000005,1.3571
03-01-2018,1.3516,1.3588,1.3614,1.3497,-0.53%,0.0117,1.3602,1.331,1.60824,-0.0259999999999998,1.3568
04-01-2018,1.3553,1.3515,1.3562,1.3505,0.27%,0.0117,1.3614,1.3331,1.61084,-0.013300000000001,1.354
05-01-2018,1.3571,1.3552,1.3583,1.3523,0.13%,0.0117,1.3614,1.3331,1.61217,-0.0166000000000004,1.3507
08-01-2018,1.3568,1.3572,1.3587,1.3523,-0.02%,0.0117,1.3614,1.3331,1.61383,-0.019599999999997,1.3538
09-01-2018,1.354,1.357,1.3583,1.3506,-0.21%,0.0117,1.3614,1.3347,1.61579,-0.0184000000000033,1.3729
10-01-2018,1.3507,1.3541,1.3564,1.3482,-0.24%,0.0117,1.3614,1.3347,1.61763,-0.0183999999999998,1.3792
11-01-2018,1.3538,1.3506,1.3556,1.3457,0.23%,0.0117,1.3614,1.3347,1.61947,-0.013499999999997,1.3793
12-01-2018,1.3729,1.3538,1.3743,1.3535,1.41%,0.0117,1.3614,1.3368,1.62082,-0.0163000000000011,1.3827
15-01-2018,1.3792,1.3731,1.3822,1.3723,0.46%,0.0208000000000002,1.3743,1.3392,1.62245,-0.0334000000000003,1.3893
16-01-2018,1.3793,1.3791,1.3806,1.374,0.01%,0.0208000000000002,1.3822,1.3428,1.62579,-0.0347000000000008,1.3852
17-01-2018,1.3827,1.3791,1.3944,1.3757,0.25%,0.0208000000000002,1.3822,1.3457,1.62926,-0.0275999999999996,1.3987
18-01-2018,1.3893,1.3831,1.3914,1.3805,0.48%,0.0208000000000002,1.3944,1.3457,1.63202,-0.0323999999999991,1.4001
19-01-2018,1.3852,1.3897,1.3947,1.384,-0.30%,0.0208000000000002,1.3944,1.3457,1.63526,-0.030899999999999,1.4243
22-01-2018,1.3987,1.3881,1.3993,1.3858,0.97%,0.0208000000000002,1.3947,1.3457,1.63835,-0.0366,1.4146
23-01-2018,1.4001,1.3989,1.4028,1.3916,0.10%,0.0208000000000002,1.3993,1.3457,1.64201,-0.0437000000000012,1.417
24-01-2018,1.4243,1.3999,1.4263,1.3997,1.73%,0.0208000000000002,1.4028,1.3457,1.64638,-0.0427,1.4075
25-01-2018,1.4146,1.4244,1.4345,1.4083,-0.68%,0.0266,1.4263,1.3457,1.65065,-0.0673999999999992,1.4146
26-01-2018,1.417,1.4147,1.4287,1.4109,0.17%,0.0266,1.4345,1.3457,1.65739,-0.0606000000000009,1.4192
29-01-2018,1.4075,1.4163,1.4163,1.4026,-0.67%,0.0266,1.4345,1.3457,1.66345,-0.0656999999999997,1.4265
30-01-2018,1.4146,1.4074,1.4166,1.3979,0.50%,0.0266,1.4345,1.3535,1.67002,-0.0535999999999994,1.4123
31-01-2018,1.4192,1.4148,1.4234,1.4121,0.33%,0.0266,1.4345,1.3723,1.67538,-0.0417000000000023,1.3959
01-02-2018,1.4265,1.4191,1.4278,1.4158,0.51%,0.0266,1.4345,1.374,1.67955,-0.0399999999999992,1.3948
02-02-2018,1.4123,1.4264,1.428,1.4102,-1.00%,0.0266,1.4345,1.3757,1.68355,-0.0472999999999999,1.3882
05-02-2018,1.3959,1.413,1.4151,1.3955,-1.16%,0.0266,1.4345,1.3805,1.68828,-0.0299000000000014,1.3914
06-02-2018,1.3948,1.396,1.4001,1.3836,-0.08%,0.0266,1.4345,1.384,1.69127,-0.00629999999999953,1.3838
07-02-2018,1.3882,1.3949,1.3994,1.3848,-0.47%,0.0266,1.4345,1.3858,1.6919,-0.00679999999999836,1.3838
08-02-2018,1.3914,1.3879,1.4067,1.3846,0.23%,0.0266,1.4345,1.3916,1.69258,0.0109999999999992,1.3892
09-02-2018,1.3838,1.3914,1.3989,1.3765,-0.55%,0.0266,1.4345,1.3955,1.69148,0.00849999999999795,1.3998
12-02-2018,1.3838,1.3827,1.3878,1.3797,0.00%,0.0262,1.4345,1.3836,1.69063,0.0417000000000023,1.4099
13-02-2018,1.3892,1.3837,1.3925,1.3832,0.39%,0.0224,1.4287,1.3836,1.68646,0.0309999999999988,1.4042
14-02-2018,1.3998,1.3894,1.4018,1.3799,0.76%,0.0224,1.428,1.3836,1.68336,0.0269000000000013,1.4005
15-02-2018,1.4099,1.4002,1.4105,1.399,0.72%,0.0224,1.428,1.3765,1.68067,0.00720000000000098,1.3996
16-02-2018,1.4042,1.41,1.4146,1.3998,-0.40%,0.0224,1.428,1.3765,1.67995,0.00479999999999947,1.3918
19-02-2018,1.4005,1.4034,1.4051,1.3958,-0.26%,0.0224,1.428,1.3765,1.67947,0.0156999999999989,1.3956
20-02-2018,1.3996,1.4005,1.4026,1.3931,-0.06%,0.0224,1.428,1.3765,1.6779,0.0259,1.3967
21-02-2018,1.3918,1.3996,1.4009,1.3905,-0.56%,0.0224,1.4151,1.3765,1.67531,0.0134000000000007,1.3967
22-02-2018,1.3956,1.3919,1.3988,1.3857,0.27%,0.0224,1.4146,1.3765,1.67397,0.0041000000000011,1.3909
23-02-2018,1.3967,1.3962,1.4007,1.3905,0.08%,0.0224,1.4146,1.3765,1.67356,-0.00130000000000052,1.376
26-02-2018,1.3967,1.3974,1.4071,1.3928,0.00%,0.0224,1.4146,1.3765,1.67369,-0.00950000000000273,1.3776
27-02-2018,1.3909,1.3967,1.3999,1.3858,-0.42%,0.0224,1.4146,1.3765,1.67464,-0.00529999999999831,1.3805
28-02-2018,1.376,1.3907,1.3916,1.3756,-1.07%,0.0219,1.4146,1.3797,1.67517,-0.00799999999999912,1.3849
01-03-2018,1.3776,1.3762,1.3786,1.3712,0.12%,0.0219,1.4146,1.3799,1.67597,0.00750000000000028,1.3887
02-03-2018,1.3805,1.3777,1.3819,1.3757,0.21%,0.0219,1.4146,1.3799,1.67522,0.0116999999999976,1.3901
05-03-2018,1.3849,1.3797,1.3877,1.3766,0.32%,0.016,1.4146,1.3857,1.67405,0.020500000000002,1.3812
06-03-2018,1.3887,1.385,1.3932,1.3817,0.27%,0.016,1.4146,1.3756,1.672,0.0249999999999986,1.3849
07-03-2018,1.3901,1.3887,1.3915,1.3846,0.10%,0.016,1.4071,1.3712,1.6695,0.0147000000000013,1.3905
08-03-2018,1.3812,1.39,1.3911,1.3782,-0.64%,0.016,1.4071,1.3712,1.66803,0.0105000000000004,1.3962
09-03-2018,1.3849,1.3811,1.389,1.3788,0.27%,0.016,1.4071,1.3712,1.66698,0.0184999999999995,1.3961
12-03-2018,1.3905,1.3852,1.3918,1.3839,0.40%,0.016,1.4071,1.3712,1.66513,0.0066999999999986,1.3938
13-03-2018,1.3962,1.3906,1.3997,1.3876,0.41%,0.016,1.4071,1.3712,1.66446,0.00560000000000116,1.3941
14-03-2018,1.3961,1.3961,1.3998,1.3926,-0.01%,0.016,1.4071,1.3712,1.6639,0.00130000000000052,1.4024
15-03-2018,1.3938,1.3962,1.3989,1.3921,-0.16%,0.016,1.3999,1.3712,1.66377,0.000499999999998835,1.3998
16-03-2018,1.3941,1.3936,1.3981,1.3886,0.02%,0.016,1.3998,1.3712,1.66372,-0.00290000000000035,1.4142
19-03-2018,1.4024,1.3931,1.4088,1.3911,0.60%,0.0128999999999999,1.3998,1.3712,1.66401,-0.0168999999999997,1.4096
20-03-2018,1.3998,1.4024,1.4067,1.3981,-0.19%,0.0177000000000001,1.4088,1.3757,1.6657,-0.0246999999999993,1.4134
21-03-2018,1.4142,1.3998,1.4152,1.3997,1.03%,0.0177000000000001,1.4088,1.3766,1.66817,-0.0200999999999993,1.4228
22-03-2018,1.4096,1.4141,1.4218,1.4076,-0.33%,0.0177000000000001,1.4152,1.3782,1.67018,-0.0290999999999997,1.4157
23-03-2018,1.4134,1.4096,1.4172,1.4084,0.27%,0.0177000000000001,1.4218,1.3782,1.67309,-0.020900000000001,1.4078
26-03-2018,1.4228,1.4142,1.4246,1.4132,0.67%,0.0177000000000001,1.4218,1.3782,1.67518,-0.0242000000000004,1.4017
27-03-2018,1.4157,1.4231,1.4246,1.4067,-0.50%,0.0177000000000001,1.4246,1.3788,1.6776,-0.0420000000000016,1.4018
28-03-2018,1.4078,1.4154,1.4202,1.4069,-0.56%,0.0179,1.4246,1.3839,1.6818,-0.0301999999999971,1.4045
29-03-2018,1.4017,1.4077,1.4098,1.401,-0.43%,0.0179,1.4246,1.3876,1.68482,-0.0171000000000028,1.4059
30-03-2018,1.4018,1.4018,1.4062,1.4009,0.01%,0.0179,1.4246,1.3886,1.68653,-0.00569999999999737,1.4082
02-04-2018,1.4045,1.4026,1.408,1.402,0.19%,0.0179,1.4246,1.3886,1.6871,-0.00640000000000285,1.4003
03-04-2018,1.4059,1.4045,1.4091,1.4021,0.10%,0.0179,1.4246,1.3886,1.68774,-0.0108999999999995,1.4092
04-04-2018,1.4082,1.4059,1.4098,1.4014,0.16%,0.0179,1.4246,1.3911,1.68883,-0.0127999999999986,1.4131
05-04-2018,1.4003,1.4079,1.41,1.3965,-0.56%,0.0179,1.4246,1.3981,1.69011,-0.00550000000000139,1.4175
06-04-2018,1.4092,1.4003,1.4106,1.3982,0.64%,0.0179,1.4246,1.3997,1.69066,-0.000499999999998835,1.4179
09-04-2018,1.4131,1.4098,1.4166,1.4077,0.28%,0.0179,1.4246,1.4009,1.69071,0.00430000000000064,1.4227
10-04-2018,1.4175,1.4131,1.4191,1.4121,0.31%,0.0179,1.4246,1.4009,1.69028,-0.0035000000000025,1.4241
11-04-2018,1.4179,1.4177,1.4224,1.4161,0.03%,0.0179,1.4246,1.3965,1.69063,-0.00349999999999895,1.4338
12-04-2018,1.4227,1.4178,1.4248,1.4145,0.34%,0.0179,1.4246,1.3965,1.69098,0.00530000000000186,1.4288
13-04-2018,1.4241,1.4226,1.4298,1.422,0.10%,0.0134999999999998,1.4248,1.3965,1.69045,-0.00720000000000098,1.4203
16-04-2018,1.4338,1.4254,1.4347,1.4227,0.68%,0.0134999999999998,1.4298,1.3965,1.69117,-0.0177000000000014,1.4091
17-04-2018,1.4288,1.4336,1.4378,1.4282,-0.35%,0.0134999999999998,1.4347,1.3965,1.69294,-0.0318000000000005,1.4004
18-04-2018,1.4203,1.4288,1.4316,1.4173,-0.59%,0.0134999999999998,1.4378,1.3965,1.69612,-0.0261999999999993,1.3941
19-04-2018,1.4091,1.4202,1.4246,1.4068,-0.79%,0.0143,1.4378,1.3965,1.69874,-0.0156999999999989,1.3977
20-04-2018,1.4004,1.4086,1.4092,1.3994,-0.62%,0.0178,1.4378,1.3965,1.70031,-0.00270000000000081,1.3931
23-04-2018,1.3941,1.402,1.4033,1.3926,-0.45%,0.0178,1.4378,1.3965,1.70058,0.00590000000000046,1.3916
24-04-2018,1.3977,1.394,1.3989,1.3918,0.26%,0.0178,1.4378,1.3982,1.69999,0.00629999999999953,1.378
25-04-2018,1.3931,1.3979,1.3998,1.3923,-0.33%,0.0178,1.4378,1.4068,1.69936,0.0119000000000007,1.3772
26-04-2018,1.3916,1.3933,1.3999,1.3895,-0.11%,0.0178,1.4378,1.3994,1.69817,0.0198,1.3614
27-04-2018,1.378,1.392,1.3937,1.3747,-0.98%,0.0178,1.4378,1.3926,1.69619,0.0257000000000005,1.3578
30-04-2018,1.3772,1.3787,1.3795,1.3714,-0.06%,0.0189999999999999,1.4378,1.3918,1.69362,0.0391000000000012,1.3576
01-05-2018,1.3614,1.3762,1.3776,1.3589,-1.15%,0.0189999999999999,1.4378,1.3918,1.68971,0.0463999999999984,1.3533
02-05-2018,1.3578,1.3614,1.3668,1.3554,-0.26%,0.0189999999999999,1.4378,1.3895,1.68507,0.0640000000000001,1.3557
03-05-2018,1.3576,1.358,1.3631,1.3537,-0.01%,0.0189999999999999,1.4378,1.3747,1.67867,0.0756000000000014,1.3546
04-05-2018,1.3533,1.3577,1.3588,1.3487,-0.32%,0.0189999999999999,1.4316,1.3714,1.67111,0.0710999999999977,1.3546
07-05-2018,1.3557,1.3536,1.3577,1.3515,0.18%,0.0189999999999999,1.4246,1.3589,1.664,0.0666000000000011,1.3517
08-05-2018,1.3546,1.3557,1.3593,1.3484,-0.08%,0.0189999999999999,1.4092,1.3554,1.65734,0.0529000000000011,1.3543
09-05-2018,1.3546,1.3546,1.3608,1.3498,0.00%,0.0189999999999999,1.4033,1.3537,1.65205,0.0473999999999997,1.3556
10-05-2018,1.3517,1.3544,1.3618,1.3458,-0.21%,0.0189999999999999,1.3999,1.3487,1.64731,0.0396000000000001,1.3506
11-05-2018,1.3543,1.352,1.3598,1.3502,0.19%,0.0189999999999999,1.3999,1.3487,1.64335,0.0458999999999996,1.3488
14-05-2018,1.3556,1.3547,1.361,1.3538,0.10%,0.0189999999999999,1.3999,1.3484,1.63876,0.0385999999999989,1.3517
15-05-2018,1.3506,1.3558,1.3575,1.3452,-0.37%,0.0189999999999999,1.3937,1.3484,1.6349,0.0362000000000009,1.3474
16-05-2018,1.3488,1.3506,1.3523,1.3456,-0.13%,0.0186999999999999,1.3795,1.3458,1.63128,0.0280999999999985,1.3431
17-05-2018,1.3517,1.3489,1.3571,1.3473,0.22%,0.0186999999999999,1.3776,1.3458,1.62847,0.0273000000000003,1.3436
18-05-2018,1.3474,1.3518,1.3531,1.3455,-0.32%,0.0159999999999998,1.3668,1.3458,1.62574,0.0096000000000025,1.3349
21-05-2018,1.3431,1.3473,1.3485,1.3392,-0.32%,0.0159999999999998,1.3631,1.3452,1.62478,0.0106999999999999,1.3381
22-05-2018,1.3436,1.3431,1.3493,1.3412,0.04%,0.0159999999999998,1.3618,1.3452,1.62371,0.0145999999999979,1.3309
23-05-2018,1.3349,1.3437,1.3444,1.3305,-0.65%,0.0159999999999998,1.3618,1.3452,1.62225,0.0099000000000018,1.3314
24-05-2018,1.3381,1.3346,1.3423,1.3339,0.24%,0.0159999999999998,1.3618,1.3452,1.62126,0.021099999999997,1.3254
25-05-2018,1.3309,1.338,1.3393,1.3294,-0.54%,0.0159999999999998,1.3618,1.3392,1.61915,0.0166000000000004,1.3292
28-05-2018,1.3314,1.3308,1.3342,1.3296,0.04%,0.0159999999999998,1.3618,1.3392,1.61749,0.0236000000000018,1.33
29-05-2018,1.3254,1.3312,1.3328,1.3205,-0.45%,0.0139,1.361,1.3305,1.61513,0.0208000000000013,1.3348
30-05-2018,1.3292,1.3251,1.331,1.3242,0.29%,0.0139,1.361,1.3305,1.61305,0.0295999999999985,1.3313
31-05-2018,1.33,1.329,1.335,1.3277,0.06%,0.0139,1.3575,1.3294,1.61009,0.0267999999999979,1.3397
01-06-2018,1.3348,1.3299,1.3363,1.3252,0.36%,0.0139,1.3571,1.3294,1.60741,0.0207000000000015,1.3413
04-06-2018,1.3313,1.3337,1.34,1.3294,-0.26%,0.0139,1.3571,1.3205,1.60534,0.0152000000000001,1.3422
05-06-2018,1.3397,1.3314,1.3412,1.3302,0.63%,0.0139,1.3531,1.3205,1.60382,0.0203999999999986,1.3412
06-06-2018,1.3413,1.3396,1.3445,1.3383,0.12%,0.0139,1.3493,1.3205,1.60178,0.00769999999999982,1.3375
07-06-2018,1.3422,1.3413,1.3474,1.3374,0.07%,0.0139,1.3493,1.3205,1.60101,0.00180000000000291,1.3372
08-06-2018,1.3412,1.3421,1.3439,1.3354,-0.07%,0.0139,1.3474,1.3205,1.60083,0.00159999999999982,1.3376
11-06-2018,1.3375,1.3404,1.3443,1.3345,-0.28%,0.0123,1.3474,1.3205,1.60067,-0.00580000000000069,1.3262
12-06-2018,1.3372,1.3382,1.3426,1.3342,-0.02%,0.0123,1.3474,1.3205,1.60125,-0.000199999999999534,1.3285
13-06-2018,1.3376,1.3373,1.3392,1.3308,0.03%,0.0123,1.3474,1.3205,1.60127,-0.00650000000000262,1.3244
14-06-2018,1.3262,1.3375,1.3447,1.3256,-0.85%,0.0123,1.3474,1.3205,1.60192,-0.00629999999999953,1.318
15-06-2018,1.3285,1.3262,1.3299,1.3212,0.17%,0.0191000000000001,1.3474,1.3242,1.60255,-0.00109999999999744,1.3173
18-06-2018,1.3244,1.3262,1.3287,1.3225,-0.31%,0.0191000000000001,1.3474,1.3252,1.60266,0.00279999999999703,1.3252
19-06-2018,1.318,1.3244,1.3275,1.315,-0.48%,0.0191000000000001,1.3474,1.3252,1.60238,0.00550000000000139,1.327
20-06-2018,1.3173,1.3174,1.3217,1.3148,-0.05%,0.0191000000000001,1.3474,1.3256,1.60183,0.0163000000000011,1.3277
21-06-2018,1.3252,1.3176,1.3271,1.3101,0.60%,0.0191000000000001,1.3474,1.3212,1.6002,0.0137999999999998,1.3228
22-06-2018,1.327,1.3252,1.3316,1.3236,0.14%,0.0191000000000001,1.3474,1.3212,1.59882,0.0143999999999984,1.3113
25-06-2018,1.3277,1.3276,1.3292,1.3222,0.05%,0.0191000000000001,1.3474,1.315,1.59738,0.0137,1.3078
26-06-2018,1.3228,1.3284,1.3294,1.3192,-0.37%,0.0191000000000001,1.3447,1.3148,1.59601,0.0137,1.3209
27-06-2018,1.3113,1.3229,1.3245,1.3107,-0.87%,0.0191000000000001,1.3447,1.3101,1.59464,0.0175000000000001,1.3143
28-06-2018,1.3078,1.3114,1.3123,1.305,-0.27%,0.0191000000000001,1.3447,1.3101,1.59289,0.0268000000000015,1.3193
29-06-2018,1.3209,1.3077,1.3215,1.3068,1.00%,0.0191000000000001,1.3447,1.3101,1.59021,0.0295999999999985,1.3233
02-07-2018,1.3143,1.3182,1.3211,1.3094,-0.50%,0.0191000000000001,1.3447,1.3101,1.58725,0.0193000000000012,1.3227
03-07-2018,1.3193,1.3143,1.3208,1.3115,0.38%,0.0169999999999999,1.3316,1.3101,1.58532,0.0118999999999989,1.3285
04-07-2018,1.3233,1.3196,1.3252,1.3171,0.30%,0.0169999999999999,1.3316,1.305,1.58413,0.00660000000000061,1.3259
05-07-2018,1.3227,1.323,1.3276,1.3203,-0.05%,0.0169999999999999,1.3316,1.305,1.58347,0.00140000000000029,1.3276
06-07-2018,1.3285,1.3228,1.3293,1.3203,0.44%,0.0169999999999999,1.3316,1.305,1.58333,-0.00539999999999985,1.3205
09-07-2018,1.3259,1.3304,1.3364,1.319,-0.20%,0.0169999999999999,1.3316,1.305,1.58387,-0.0128000000000004,1.3206
10-07-2018,1.3276,1.326,1.3302,1.3224,0.13%,0.0174000000000001,1.3364,1.305,1.58515,-0.000799999999999912,1.3235
11-07-2018,1.3205,1.3278,1.3288,1.3199,-0.53%,0.0174000000000001,1.3364,1.305,1.58523,-0.00020000000000131,1.3236
12-07-2018,1.3206,1.3205,1.3246,1.318,0.01%,0.0174000000000001,1.3364,1.305,1.58525,0.00790000000000113,1.3115
13-07-2018,1.3235,1.3207,1.3241,1.3103,0.22%,0.0174000000000001,1.3364,1.305,1.58446,0.0022000000000002,1.3069
16-07-2018,1.3236,1.323,1.3295,1.3216,0.01%,0.0174000000000001,1.3364,1.305,1.58424,-0.0116000000000014,1.3014
17-07-2018,1.3115,1.3236,1.3271,1.3072,-0.91%,0.0174000000000001,1.3364,1.3068,1.5854,-0.0159000000000002,1.3134
18-07-2018,1.3069,1.3114,1.3124,1.3009,-0.35%,0.0199,1.3364,1.3094,1.58699,0.00680000000000192,1.3102
19-07-2018,1.3014,1.3069,1.3085,1.2957,-0.42%,0.0199,1.3364,1.3103,1.58631,0.00739999999999874,1.3145
20-07-2018,1.3134,1.3014,1.3141,1.2994,0.92%,0.0199,1.3364,1.3103,1.58557,0.0182000000000002,1.3189
23-07-2018,1.3102,1.3122,1.3159,1.3081,-0.24%,0.0199,1.3364,1.3072,1.58375,0.0107999999999997,1.3109
24-07-2018,1.3145,1.3101,1.3161,1.3071,0.33%,0.0199,1.3364,1.3009,1.58267,0.0127000000000006,1.3104
25-07-2018,1.3189,1.3144,1.3202,1.3132,0.33%,0.0199,1.3364,1.2957,1.5814,0.016,1.3133
26-07-2018,1.3109,1.3191,1.3215,1.3105,-0.61%,0.0199,1.3302,1.2957,1.5798,0.00689999999999991,1.3127
27-07-2018,1.3104,1.3109,1.3133,1.3081,-0.04%,0.0199,1.3295,1.2957,1.57911,0.0168999999999997,1.3126
30-07-2018,1.3133,1.3095,1.3154,1.3093,0.22%,0.0199,1.3295,1.2957,1.57742,0.011000000000001,1.3018
31-07-2018,1.3127,1.3134,1.3175,1.3091,-0.05%,0.0199,1.3295,1.2957,1.57632,0.00729999999999897,1.3008
01-08-2018,1.3126,1.3127,1.3146,1.3095,-0.01%,0.0199,1.3295,1.2957,1.57559,0.0103000000000009,1.2943
02-08-2018,1.3018,1.3124,1.3131,1.3014,-0.82%,0.0199,1.3271,1.2957,1.57456,0.0112000000000005,1.2939
03-08-2018,1.3008,1.3019,1.3045,1.2975,-0.08%,0.0146999999999999,1.3215,1.2957,1.57344,0.00949999999999918,1.2881
06-08-2018,1.2943,1.3012,1.3019,1.2919,-0.50%,0.0146999999999999,1.3215,1.2957,1.57249,0.00569999999999915,1.2824
07-08-2018,1.2939,1.2943,1.2975,1.2925,-0.03%,0.0146999999999999,1.3215,1.2994,1.57192,0.00710000000000122,1.2769
08-08-2018,1.2881,1.2938,1.2963,1.2853,-0.45%,0.0117,1.3215,1.3014,1.57121,0.0183999999999998,1.2768
09-08-2018,1.2824,1.2881,1.2913,1.282,-0.44%,0.0117,1.3215,1.2975,1.56937,0.0220000000000002,1.2725
10-08-2018,1.2769,1.2824,1.2838,1.2723,-0.43%,0.0117,1.3215,1.2919,1.56717,0.032,1.2698
13-08-2018,1.2768,1.2768,1.2793,1.2729,-0.01%,0.0117,1.3215,1.2919,1.56397,0.0422999999999991,1.2719
14-08-2018,1.2725,1.2771,1.2827,1.2704,-0.34%,0.0117,1.3175,1.2853,1.55974,0.0338000000000012,1.2752
15-08-2018,1.2698,1.2727,1.2742,1.2662,-0.21%,0.0123,1.3175,1.282,1.55636,0.0367999999999995,1.2798
16-08-2018,1.2719,1.2696,1.2756,1.2687,0.17%,0.0123,1.3175,1.2723,1.55268,0.0437999999999992,1.2901
17-08-2018,1.2752,1.2716,1.2755,1.2698,0.26%,0.0123,1.3146,1.2723,1.5483,0.0411000000000001,1.2911
20-08-2018,1.2798,1.274,1.2801,1.273,0.36%,0.0123,1.3131,1.2704,1.54419,0.0384000000000011,1.2812
21-08-2018,1.2901,1.2796,1.2928,1.2793,0.80%,0.0123,1.3045,1.2662,1.54035,0.0222999999999995,1.2845
22-08-2018,1.2911,1.2905,1.2938,1.2868,0.08%,0.0134999999999998,1.3019,1.2662,1.53812,0.0106999999999999,1.2893
23-08-2018,1.2812,1.2912,1.292,1.2804,-0.77%,0.0134999999999998,1.2975,1.2662,1.53705,0.00309999999999988,1.2877
24-08-2018,1.2845,1.2815,1.2883,1.2799,0.26%,0.0134999999999998,1.2963,1.2662,1.53674,0.0122999999999998,1.3027
27-08-2018,1.2893,1.284,1.2903,1.2829,0.37%,0.0134999999999998,1.2938,1.2662,1.53551,0.0041000000000011,1.301
28-08-2018,1.2877,1.2893,1.2933,1.2861,-0.12%,0.0134999999999998,1.2938,1.2662,1.5351,-0.00690000000000168,1.2963
29-08-2018,1.3027,1.2876,1.3034,1.2846,1.16%,0.0134999999999998,1.2938,1.2662,1.53579,-0.0107999999999997,1.2872
30-08-2018,1.301,1.3027,1.3045,1.2985,-0.13%,0.0187999999999999,1.3034,1.2662,1.53687,-0.025599999999999,1.2856
31-08-2018,1.2963,1.3014,1.3031,1.2947,-0.36%,0.0187999999999999,1.3045,1.2662,1.53943,-0.0287000000000006,1.2904
03-09-2018,1.2872,1.2971,1.2971,1.2854,-0.70%,0.0187999999999999,1.3045,1.2687,1.5423,-0.0274999999999999,1.2932
04-09-2018,1.2856,1.2867,1.2884,1.2811,-0.12%,0.0187999999999999,1.3045,1.2698,1.54505,-0.0151000000000003,1.2924
05-09-2018,1.2904,1.2854,1.2984,1.2785,0.37%,0.0187999999999999,1.3045,1.273,1.54656,-0.0114000000000001,1.3027
06-09-2018,1.2932,1.2905,1.2963,1.2895,0.22%,0.0199,1.3045,1.2793,1.5477,-0.0108999999999995,1.3035
07-09-2018,1.2924,1.2933,1.3031,1.291,-0.06%,0.0199,1.3045,1.2799,1.54879,-0.00280000000000058,1.3048
10-09-2018,1.3027,1.2935,1.3053,1.2896,0.80%,0.0199,1.3045,1.2799,1.54907,-0.00229999999999997,1.3107
11-09-2018,1.3035,1.3027,1.3089,1.297,0.06%,0.0199,1.3053,1.2785,1.5493,-0.0211999999999986,1.3068
12-09-2018,1.3048,1.3033,1.3081,1.298,0.10%,0.0199,1.3089,1.2785,1.55142,-0.0193000000000012,1.3158
13-09-2018,1.3107,1.3047,1.3123,1.3026,0.45%,0.0199,1.3089,1.2785,1.55335,-0.0153999999999996,1.3149
14-09-2018,1.3068,1.3107,1.3143,1.3055,-0.30%,0.0199,1.3123,1.2785,1.55489,-0.0230999999999995,1.3144
17-09-2018,1.3158,1.3069,1.3168,1.3069,0.69%,0.0199,1.3143,1.2785,1.5572,-0.00420000000000087,1.3267
18-09-2018,1.3149,1.3158,1.3174,1.3118,-0.07%,0.0199,1.3168,1.2785,1.55762,-0.0144000000000002,1.3077
19-09-2018,1.3144,1.315,1.3216,1.3095,-0.04%,0.0199,1.3174,1.2785,1.55906,-0.0178999999999991,1.3121
20-09-2018,1.3267,1.3144,1.3299,1.3135,0.94%,0.0199,1.3216,1.2785,1.56085,-0.0277000000000012,1.3183
21-09-2018,1.3077,1.3268,1.3278,1.3054,-1.43%,0.0199,1.3299,1.2785,1.56362,-0.0413999999999994,1.317
24-09-2018,1.3121,1.3069,1.3169,1.3055,0.34%,0.0224000000000002,1.3299,1.2895,1.56776,-0.0163999999999991,1.3082
25-09-2018,1.3183,1.3121,1.3195,1.3094,0.47%,0.0224000000000002,1.3299,1.2896,1.5694,-0.0188000000000006,1.3031
26-09-2018,1.317,1.3185,1.3219,1.3138,-0.10%,0.0224000000000002,1.3299,1.2896,1.57128,-0.0250000000000004,1.3043
27-09-2018,1.3082,1.3168,1.3188,1.3075,-0.67%,0.0224000000000002,1.3299,1.297,1.57378,-0.0140999999999991,1.2979
28-09-2018,1.3031,1.3081,1.3093,1.3,-0.39%,0.0224000000000002,1.3299,1.298,1.57519,-0.00480000000000125,1.294
01-10-2018,1.3043,1.3031,1.3112,1.3011,0.09%,0.0224000000000002,1.3299,1.3026,1.57567,0.00159999999999982,1.302
02-10-2018,1.2979,1.3044,1.3057,1.294,-0.49%,0.0224000000000002,1.3299,1.3054,1.57551,0.0063000000000013,1.3123
03-10-2018,1.294,1.2979,1.3024,1.2924,-0.30%,0.0224000000000002,1.3299,1.3054,1.57488,0.00899999999999857,1.309
04-10-2018,1.302,1.2941,1.3042,1.2921,0.62%,0.0224000000000002,1.3299,1.3,1.57398,0.0217000000000009,1.3144
05-10-2018,1.3123,1.3019,1.3126,1.3002,0.79%,0.0224000000000002,1.3299,1.3,1.57181,0.0130999999999997,1.3196
08-10-2018,1.309,1.3108,1.3136,1.3028,-0.25%,0.0224000000000002,1.3299,1.294,1.5705,0.00360000000000049,1.3236
09-10-2018,1.3144,1.3091,1.3152,1.3032,0.41%,0.0224000000000002,1.3278,1.2924,1.57014,0.0176999999999996,1.3155
10-10-2018,1.3196,1.3143,1.3217,1.3134,0.40%,0.0124,1.3219,1.2921,1.56837,-0.00740000000000052,1.3153
11-10-2018,1.3236,1.3196,1.3249,1.3182,0.30%,0.0124,1.3219,1.2921,1.56911,-0.00750000000000028,1.3187
12-10-2018,1.3155,1.3225,1.3259,1.3149,-0.61%,0.0124,1.3249,1.2921,1.56986,-0.00399999999999956,1.3115
15-10-2018,1.3153,1.314,1.3183,1.3079,-0.02%,0.0124,1.3259,1.2921,1.57026,0.00280000000000058,1.3018
16-10-2018,1.3187,1.3153,1.3237,1.3141,0.26%,0.0124,1.3259,1.2921,1.56998,-0.00720000000000098,1.307
17-10-2018,1.3115,1.3183,1.3194,1.31,-0.55%,0.0124,1.3259,1.2921,1.5707,-0.0152000000000001,1.2961
18-10-2018,1.3018,1.3113,1.3132,1.3015,-0.74%,0.0124,1.3259,1.2921,1.57222,-0.00689999999999991,1.2982
19-10-2018,1.307,1.3018,1.3105,1.301,0.40%,0.0124,1.3259,1.2921,1.57291,-0.00389999999999979,1.288
22-10-2018,1.2961,1.3068,1.3092,1.2955,-0.83%,0.0124,1.3259,1.2921,1.5733,-0.0126999999999988,1.2815
23-10-2018,1.2982,1.2966,1.3045,1.2937,0.16%,0.0136999999999998,1.3259,1.3002,1.57457,0.00530000000000008,1.2831
24-10-2018,1.288,1.2983,1.2995,1.2866,-0.79%,0.0136999999999998,1.3259,1.3015,1.57404,0.0124999999999993,1.2791
25-10-2018,1.2815,1.2883,1.2921,1.2797,-0.50%,0.0136999999999998,1.3259,1.301,1.57279,0.0207999999999995,1.2704
26-10-2018,1.2831,1.2817,1.2843,1.2776,0.12%,0.0136999999999998,1.3259,1.2955,1.57071,0.0326000000000004,1.2765
29-10-2018,1.2791,1.2828,1.2854,1.2791,-0.31%,0.0136999999999998,1.3259,1.2937,1.56745,0.0367999999999995,1.3009
30-10-2018,1.2704,1.2793,1.2814,1.2695,-0.68%,0.0136999999999998,1.3259,1.2866,1.56377,0.0432000000000006,1.297
31-10-2018,1.2765,1.2707,1.2832,1.2698,0.48%,0.0136999999999998,1.3237,1.2797,1.55945,0.0433000000000003,1.304
01-11-2018,1.3009,1.2769,1.3037,1.276,1.91%,0.0136999999999998,1.3237,1.2776,1.55512,0.0383999999999993,1.3097
02-11-2018,1.297,1.3011,1.3042,1.295,-0.30%,0.0277000000000001,1.3194,1.2776,1.55128,0.0172000000000008,1.3124
05-11-2018,1.304,1.3025,1.3064,1.2965,0.54%,0.0277000000000001,1.3132,1.2695,1.54956,0.00879999999999903,1.3061
06-11-2018,1.3097,1.3041,1.3109,1.302,0.44%,0.0277000000000001,1.3105,1.2695,1.54868,-0.00229999999999997,1.2974
07-11-2018,1.3124,1.3102,1.3176,1.3073,0.21%,0.0277000000000001,1.3109,1.2695,1.54891,-0.00339999999999918,1.2847
08-11-2018,1.3061,1.3127,1.3151,1.3045,-0.48%,0.0277000000000001,1.3176,1.2695,1.54925,-0.0160999999999998,1.2971
09-11-2018,1.2974,1.3062,1.3082,1.2958,-0.67%,0.0277000000000001,1.3176,1.2695,1.55086,-0.00790000000000113,1.2994
12-11-2018,1.2847,1.296,1.2967,1.2826,-0.98%,0.0277000000000001,1.3176,1.2695,1.55165,-0.00769999999999982,1.2774
13-11-2018,1.2971,1.2849,1.3048,1.284,0.97%,0.0277000000000001,1.3176,1.2695,1.55242,-0.00319999999999965,1.2837
14-11-2018,1.2994,1.2979,1.3073,1.2885,0.18%,0.0277000000000001,1.3176,1.2695,1.55274,-0.0151000000000003,1.2849
15-11-2018,1.2774,1.2991,1.3031,1.2724,-1.69%,0.0277000000000001,1.3176,1.2695,1.55425,-0.0198,1.2786
16-11-2018,1.2837,1.2773,1.2879,1.2759,0.49%,0.0307,1.3176,1.2698,1.55623,-0.00659999999999883,1.2775
19-11-2018,1.2849,1.2829,1.2885,1.2795,0.09%,0.0307,1.3176,1.276,1.55689,-0.00600000000000023,1.2876
20-11-2018,1.2786,1.2852,1.2884,1.2775,-0.49%,0.0307,1.3176,1.2826,1.55749,0.0159000000000002,1.2812
21-11-2018,1.2775,1.2788,1.2821,1.2763,-0.09%,0.0307,1.3176,1.2724,1.5559,0.0236999999999998,1.2833
22-11-2018,1.2876,1.2776,1.2929,1.2768,0.79%,0.0307,1.3176,1.2724,1.55353,0.0264999999999986,1.2747
23-11-2018,1.2812,1.2879,1.2884,1.2799,-0.50%,0.0307,1.3176,1.2724,1.55088,0.0223000000000013,1.2824
26-11-2018,1.2833,1.2853,1.2865,1.2795,0.16%,0.0307,1.3151,1.2724,1.54865,0.0274000000000001,1.2792
27-11-2018,1.2747,1.2835,1.2836,1.2724,-0.67%,0.0307,1.3082,1.2724,1.54591,0.0226999999999986,1.2751
28-11-2018,1.2824,1.2746,1.2849,1.2731,0.60%,0.0307,1.3073,1.2724,1.54364,0.0214000000000016,1.2722
29-11-2018,1.2792,1.2824,1.2852,1.2754,-0.25%,0.0307,1.3073,1.2724,1.5415,0.0024999999999995,1.2718
30-11-2018,1.2751,1.2792,1.281,1.2735,-0.32%,0.0307,1.3073,1.2724,1.54125,0.0186999999999991,1.2731
03-12-2018,1.2722,1.2768,1.2826,1.2699,-0.23%,0.0307,1.3031,1.2724,1.53938,0.0223000000000013,1.2782
04-12-2018,1.2718,1.2724,1.2841,1.2659,-0.03%,0.0161,1.2929,1.2724,1.53715,0.00489999999999924,1.2726
05-12-2018,1.2731,1.2724,1.2799,1.2671,0.10%,0.0182,1.2929,1.2724,1.53666,0.0105000000000004,1.2559
06-12-2018,1.2782,1.2733,1.2813,1.2699,0.40%,0.0182,1.2929,1.2724,1.53561,0.0118999999999989,1.2484
07-12-2018,1.2726,1.2785,1.2813,1.271,-0.44%,0.0182,1.2929,1.2699,1.53442,0.000300000000001077,1.2629
10-12-2018,1.2559,1.2729,1.276,1.2507,-1.31%,0.0182,1.2929,1.2659,1.53439,0.0046999999999997,1.2655
11-12-2018,1.2484,1.2564,1.2639,1.2479,-0.60%,0.0253000000000001,1.2884,1.2659,1.53392,0.0314999999999994,1.2583
12-12-2018,1.2629,1.2488,1.2673,1.2477,1.16%,0.0253000000000001,1.2865,1.2659,1.53077,0.0365000000000002,1.2625
13-12-2018,1.2655,1.2635,1.2687,1.2609,0.21%,0.0253000000000001,1.2852,1.2659,1.52712,0.0200000000000014,1.2644
14-12-2018,1.2583,1.2656,1.2676,1.2529,-0.57%,0.0253000000000001,1.2852,1.2507,1.52512,0.00899999999999857,1.2607
17-12-2018,1.2625,1.2591,1.2648,1.2569,0.33%,0.0253000000000001,1.2852,1.2479,1.52422,0.0233000000000008,1.2655
18-12-2018,1.2644,1.2624,1.2707,1.2609,0.15%,0.0253000000000001,1.2841,1.2477,1.52189,0.0167999999999999,1.263
19-12-2018,1.2607,1.264,1.268,1.2607,-0.29%,0.0253000000000001,1.2841,1.2477,1.52021,0.0128000000000004,1.2722
20-12-2018,1.2655,1.261,1.2708,1.2608,0.38%,0.0253000000000001,1.2841,1.2477,1.51893,0.0114000000000001,1.2684
21-12-2018,1.263,1.2658,1.2699,1.2617,-0.20%,0.0253000000000001,1.2813,1.2477,1.51779,0.00659999999999883,1.2632
24-12-2018,1.2722,1.2652,1.2744,1.2629,0.73%,0.0253000000000001,1.2813,1.2477,1.51713,0.00810000000000066,1.2642
25-12-2018,1.2684,1.2724,1.2728,1.2665,-0.30%,0.0253000000000001,1.2813,1.2477,1.51632,0.00609999999999999,1.2705
26-12-2018,1.2632,1.2674,1.2721,1.263,-0.41%,0.0253000000000001,1.276,1.2477,1.51571,0.00549999999999962,1.2757
27-12-2018,1.2642,1.2632,1.2676,1.2615,0.08%,0.0196000000000001,1.2744,1.2477,1.51516,-0.00680000000000014,1.2751
28-12-2018,1.2705,1.2644,1.2711,1.2634,0.50%,0.0196000000000001,1.2744,1.2477,1.51584,-0.0155999999999992,1.2607
31-12-2018,1.2757,1.2682,1.2816,1.268,0.41%,0.0147000000000002,1.2744,1.2529,1.5174,-0.00470000000000148,1.2631
01-01-2019,1.2751,1.2761,1.2765,1.2725,-0.05%,0.0147000000000002,1.2816,1.2529,1.51787,-0.0104999999999986,1.2726
02-01-2019,1.2607,1.2742,1.2776,1.2581,-1.13%,0.0136000000000001,1.2816,1.2569,1.51892,-0.0151000000000003,1.2778
03-01-2019,1.2631,1.2605,1.2649,1.2438,0.19%,0.0195000000000001,1.2816,1.2607,1.52043,0.00189999999999912,1.2717
04-01-2019,1.2726,1.2629,1.2745,1.2615,0.75%,0.0210999999999999,1.2816,1.2607,1.52024,0.00110000000000099,1.2788
07-01-2019,1.2778,1.273,1.2788,1.2717,0.41%,0.0210999999999999,1.2816,1.2608,1.52013,-0.0120000000000005,1.2747
08-01-2019,1.2717,1.278,1.2798,1.2706,-0.48%,0.0210999999999999,1.2816,1.2581,1.52133,-0.0122,1.2841
09-01-2019,1.2788,1.2717,1.2806,1.2711,0.56%,0.0210999999999999,1.2816,1.2438,1.52255,-0.00649999999999906,1.2863
10-01-2019,1.2747,1.2789,1.2802,1.2728,-0.32%,0.0210999999999999,1.2816,1.2438,1.5232,-0.00650000000000084,1.2858
11-01-2019,1.2841,1.2758,1.2867,1.2709,0.74%,0.0210999999999999,1.2816,1.2438,1.52385,-0.00839999999999996,1.2881
14-01-2019,1.2863,1.2848,1.2931,1.2817,0.17%,0.0210999999999999,1.2867,1.2438,1.52469,-0.0215999999999994,1.2984
15-01-2019,1.2858,1.2862,1.2917,1.267,-0.04%,0.0210999999999999,1.2931,1.2438,1.52685,-0.0218000000000007,1.2873
16-01-2019,1.2881,1.286,1.2898,1.2824,0.18%,0.0247000000000002,1.2931,1.2438,1.52903,-0.0177999999999994,1.289
17-01-2019,1.2984,1.2886,1.3002,1.2832,0.80%,0.0247000000000002,1.2931,1.2438,1.53081,-0.0124999999999993,1.2957
18-01-2019,1.2873,1.2986,1.2995,1.2856,-0.85%,0.0247000000000002,1.3002,1.2438,1.53206,-0.0244,1.3067
21-01-2019,1.289,1.2883,1.2912,1.283,0.13%,0.0247000000000002,1.3002,1.2438,1.5345,-0.0278000000000009,1.3064
22-01-2019,1.2957,1.289,1.2976,1.2855,0.52%,0.0247000000000002,1.3002,1.2615,1.53728,-0.0260999999999996,1.3201
23-01-2019,1.3067,1.2959,1.3082,1.2943,0.85%,0.0247000000000002,1.3002,1.267,1.53989,-0.0228999999999999,1.3162
24-01-2019,1.3064,1.3068,1.3096,1.3011,-0.02%,0.0247000000000002,1.3082,1.267,1.54218,-0.0288000000000004,1.3066
25-01-2019,1.3201,1.3065,1.3218,1.3055,1.05%,0.0247000000000002,1.3096,1.267,1.54506,-0.0348000000000006,1.3116
28-01-2019,1.3162,1.3194,1.3214,1.3137,-0.30%,0.0247000000000002,1.3218,1.267,1.54854,-0.0404999999999998,1.31
29-01-2019,1.3066,1.3168,1.32,1.3056,-0.73%,0.0247000000000002,1.3218,1.267,1.55259,-0.0410000000000004,1.3083
30-01-2019,1.3116,1.3066,1.3147,1.3053,0.38%,0.0247000000000002,1.3218,1.267,1.55669,-0.0217999999999989,1.3035
31-01-2019,1.31,1.3116,1.3161,1.3097,-0.12%,0.0247000000000002,1.3218,1.267,1.55887,-0.0254000000000012,1.2942
01-02-2019,1.3083,1.3107,1.3116,1.3043,-0.13%,0.0170000000000001,1.3218,1.2824,1.56141,-0.0246999999999993,1.2932
04-02-2019,1.3035,1.3085,1.3104,1.3029,-0.37%,0.0170000000000001,1.3218,1.283,1.56388,-0.0198999999999998,1.2953
05-02-2019,1.2942,1.3039,1.3056,1.2924,-0.71%,0.0163,1.3218,1.283,1.56587,-0.00530000000000008,1.2947
06-02-2019,1.2932,1.295,1.2981,1.2925,-0.08%,0.0163,1.3218,1.283,1.5664,-0.00670000000000037,1.2849
07-02-2019,1.2953,1.2933,1.2997,1.2853,0.16%,0.0163,1.3218,1.2855,1.56707,-0.00430000000000064,1.289
08-02-2019,1.2947,1.2954,1.2977,1.2921,-0.05%,0.0163,1.3218,1.2943,1.5675,0.000500000000000611,1.2844
11-02-2019,1.2849,1.2949,1.2957,1.2845,-0.76%,0.0163,1.3218,1.2924,1.56745,0.0119000000000007,1.2811
12-02-2019,1.289,1.2859,1.291,1.2832,0.32%,0.0163,1.3218,1.2924,1.56626,0.0206,1.2889
13-02-2019,1.2844,1.2893,1.296,1.2845,-0.36%,0.0144,1.3214,1.2853,1.5642,0.0300999999999991,1.2921
14-02-2019,1.2811,1.2845,1.2879,1.2772,-0.26%,0.0144,1.32,1.2853,1.56119,0.0323000000000011,1.3062
15-02-2019,1.2889,1.2808,1.2899,1.2784,0.61%,0.0144,1.3161,1.2845,1.55796,0.0258000000000003,1.3049
18-02-2019,1.2921,1.2891,1.2939,1.2891,0.25%,0.0144,1.3161,1.2832,1.55538,0.0224999999999991,1.3049
19-02-2019,1.3062,1.2923,1.3075,1.2895,1.09%,0.0144,1.3116,1.2832,1.55313,0.0183999999999998,1.3052
20-02-2019,1.3049,1.3062,1.311,1.3011,-0.10%,0.018,1.3104,1.2772,1.55129,0.00229999999999997,1.3095
21-02-2019,1.3049,1.3051,1.3096,1.3025,0.00%,0.018,1.311,1.2772,1.55106,-0.00119999999999898,1.325
22-02-2019,1.3052,1.3045,1.3082,1.2967,0.02%,0.018,1.311,1.2772,1.55118,-0.00950000000000095,1.3308
25-02-2019,1.3095,1.3074,1.3115,1.304,0.33%,0.018,1.311,1.2772,1.55213,-0.0140999999999991,1.3261
26-02-2019,1.325,1.3089,1.329,1.3089,1.18%,0.018,1.3115,1.2772,1.55354,-0.0135000000000005,1.3202
27-02-2019,1.3308,1.325,1.335,1.3233,0.44%,0.0201,1.329,1.2772,1.55489,-0.0300999999999991,1.3186
28-02-2019,1.3261,1.3309,1.3326,1.3253,-0.35%,0.0201,1.335,1.2772,1.5579,-0.0449999999999999,1.3175
01-03-2019,1.3202,1.3262,1.3288,1.3171,-0.44%,0.0201,1.335,1.2772,1.5624,-0.036900000000001,1.3169
04-03-2019,1.3186,1.3238,1.3275,1.3166,-0.12%,0.0201,1.335,1.2772,1.56609,-0.039299999999999,1.3084
05-03-2019,1.3175,1.3177,1.3199,1.3097,-0.08%,0.0201,1.335,1.2784,1.57002,-0.036900000000001,1.3015
06-03-2019,1.3169,1.318,1.3182,1.3124,-0.05%,0.0201,1.335,1.2891,1.57371,-0.0289000000000001,1.3151
07-03-2019,1.3084,1.317,1.3187,1.3068,-0.65%,0.0201,1.335,1.2895,1.5766,-0.0246999999999993,1.3073
08-03-2019,1.3015,1.3085,1.311,1.2989,-0.53%,0.0201,1.335,1.2967,1.57907,-0.00229999999999997,1.3337
11-03-2019,1.3151,1.3018,1.3172,1.2948,1.04%,0.0201,1.335,1.2967,1.5793,0.00329999999999941,1.3239
12-03-2019,1.3073,1.3151,1.329,1.3004,-0.59%,0.0224,1.335,1.2967,1.57897,-0.0106000000000002,1.3289
13-03-2019,1.3337,1.3076,1.3384,1.3059,2.02%,0.0286,1.335,1.304,1.58003,-0.000199999999999534,1.3255
14-03-2019,1.3239,1.3341,1.3342,1.3207,-0.73%,0.0325,1.3384,1.2989,1.58005,-0.0252000000000017,1.3267
15-03-2019,1.3289,1.324,1.3302,1.3202,0.38%,0.0325,1.3384,1.2948,1.58257,0.00100000000000122,1.3196
18-03-2019,1.3255,1.3288,1.3302,1.3183,-0.26%,0.0325,1.3384,1.2948,1.58247,0.00209999999999866,1.3107
19-03-2019,1.3267,1.3256,1.3312,1.324,0.09%,0.0325,1.3384,1.2948,1.58226,0.000600000000000378,1.3209
20-03-2019,1.3196,1.3269,1.3283,1.3145,-0.54%,0.0325,1.3384,1.2948,1.5822,-0.00309999999999988,1.3202
21-03-2019,1.3107,1.3196,1.323,1.3004,-0.67%,0.0325,1.3384,1.2948,1.58251,-0.00189999999999912,1.3207
22-03-2019,1.3209,1.3109,1.3225,1.3081,0.78%,0.0325,1.3384,1.2948,1.5827,0.00709999999999944,1.3189
25-03-2019,1.3202,1.3207,1.3247,1.316,-0.05%,0.0325,1.3384,1.2948,1.58199,-0.00370000000000026,1.3043
26-03-2019,1.3207,1.3194,1.3263,1.3158,0.04%,0.0325,1.3384,1.2948,1.58236,-0.0108999999999995,1.3031
27-03-2019,1.3189,1.3208,1.327,1.3166,-0.14%,0.0325,1.3384,1.2948,1.58345,-0.0190000000000001,1.3099
28-03-2019,1.3043,1.3189,1.3217,1.3034,-1.11%,0.0325,1.3384,1.3004,1.58535,-0.00380000000000003,1.3127
29-03-2019,1.3031,1.3046,1.3137,1.2978,-0.09%,0.0325,1.3384,1.3004,1.58573,0.00300000000000011,1.3159
01-04-2019,1.3099,1.3038,1.3151,1.3009,0.52%,0.0226,1.3342,1.3004,1.58543,0.0303000000000004,1.3077
02-04-2019,1.3127,1.3102,1.3151,1.3013,0.21%,0.0226,1.3312,1.3004,1.5824,0.0137999999999998,1.3036
03-04-2019,1.3159,1.3127,1.3197,1.3121,0.24%,0.0226,1.3312,1.3004,1.58102,0.0160999999999998,1.3062
04-04-2019,1.3077,1.3161,1.3192,1.306,-0.62%,0.0226,1.3312,1.2978,1.57941,0.00950000000000095,1.306
05-04-2019,1.3036,1.3079,1.3124,1.2987,-0.31%,0.0226,1.3283,1.2978,1.57846,0.0190000000000001,1.3089
08-04-2019,1.3062,1.3036,1.3076,1.3021,0.20%,0.0226,1.327,1.2978,1.57656,0.0159999999999982,1.3054
09-04-2019,1.306,1.3065,1.3123,1.303,-0.02%,0.0183000000000002,1.327,1.2978,1.57496,0.0044000000000004,1.3081
10-04-2019,1.3089,1.3058,1.3122,1.3043,0.22%,0.0183000000000002,1.327,1.2978,1.57452,0.0149000000000008,1.3097
11-04-2019,1.3054,1.3092,1.311,1.305,-0.27%,0.0183000000000002,1.327,1.2978,1.57303,0.0101999999999993,1.3048
12-04-2019,1.3081,1.3061,1.3133,1.3049,0.21%,0.0183000000000002,1.327,1.2978,1.57201,0.0146999999999995,1.3043
15-04-2019,1.3097,1.3076,1.312,1.3065,0.12%,0.0183000000000002,1.3217,1.2978,1.57054,0.0113000000000003,1.2996
16-04-2019,1.3048,1.3102,1.3113,1.3042,-0.37%,0.0159,1.3197,1.2978,1.56941,-0.00559999999999938,1.2988
17-04-2019,1.3043,1.3049,1.3069,1.3029,-0.04%,0.0142,1.3197,1.2987,1.56997,-0.00110000000000099,1.2982
18-04-2019,1.2996,1.3042,1.3054,1.2979,-0.36%,0.0138,1.3197,1.2987,1.57008,0.00600000000000023,1.2937
19-04-2019,1.2988,1.2998,1.3015,1.2982,-0.06%,0.0137,1.3197,1.2987,1.56948,0.0129000000000001,1.29
22-04-2019,1.2982,1.2995,1.3002,1.2974,-0.05%,0.0137,1.3192,1.2987,1.56819,0.0166000000000004,1.2897
23-04-2019,1.2937,1.2981,1.302,1.2928,-0.35%,0.0137,1.3133,1.2987,1.56653,0.00980000000000025,1.2917
24-04-2019,1.29,1.2938,1.2965,1.2888,-0.29%,0.00930000000000009,1.3133,1.2979,1.56555,0.00980000000000025,1.2936
25-04-2019,1.2897,1.2902,1.2918,1.2865,-0.02%,0.00930000000000009,1.3133,1.2979,1.56457,0.0162999999999993,1.3031
26-04-2019,1.2917,1.2899,1.2945,1.2876,0.16%,0.0092000000000001,1.3133,1.2974,1.56294,0.0159000000000002,1.3049
29-04-2019,1.2936,1.2926,1.2947,1.2904,0.15%,0.0092000000000001,1.3133,1.2928,1.56135,0.0166000000000004,1.3034
30-04-2019,1.3031,1.2939,1.305,1.2924,0.73%,0.0092000000000001,1.3133,1.2888,1.55969,0.0122,1.3171
01-05-2019,1.3049,1.3033,1.3103,1.3029,0.14%,0.0125999999999999,1.312,1.2865,1.55847,0.00429999999999886,1.3095
02-05-2019,1.3034,1.305,1.3082,1.3017,-0.11%,0.0125999999999999,1.3113,1.2865,1.55804,0.00520000000000032,1.3074
03-05-2019,1.3171,1.3033,1.3178,1.2989,1.05%,0.0125999999999999,1.3103,1.2865,1.55752,0.00159999999999982,1.3006
06-05-2019,1.3095,1.3114,1.3171,1.3081,-0.58%,0.0189000000000001,1.3178,1.2865,1.55736,-0.00719999999999921,1.3013
07-05-2019,1.3074,1.3097,1.3133,1.3039,-0.16%,0.0189000000000001,1.3178,1.2865,1.55808,-0.00990000000000002,1.2999
08-05-2019,1.3006,1.3077,1.3082,1.2987,-0.52%,0.0189000000000001,1.3178,1.2865,1.55907,-0.00820000000000043,1.2955
09-05-2019,1.3013,1.3007,1.3037,1.2967,0.05%,0.0189000000000001,1.3178,1.2865,1.55989,-0.00259999999999927,1.2904
10-05-2019,1.2999,1.3008,1.3048,1.299,-0.11%,0.0189000000000001,1.3178,1.2865,1.56015,-0.00699999999999967,1.2848
13-05-2019,1.2955,1.2998,1.3042,1.294,-0.34%,0.0189000000000001,1.3178,1.2865,1.56085,-0.00960000000000072,1.2795
14-05-2019,1.2904,1.2958,1.2973,1.2902,-0.39%,0.0189000000000001,1.3178,1.2876,1.56181,-0.00590000000000046,1.2718
15-05-2019,1.2848,1.2908,1.2924,1.2825,-0.43%,0.0189000000000001,1.3178,1.2904,1.5624,0.00180000000000113,1.2726
16-05-2019,1.2795,1.2843,1.2864,1.2787,-0.41%,0.0189000000000001,1.3178,1.2924,1.56222,0.00959999999999894,1.2705
17-05-2019,1.2718,1.2797,1.2809,1.2713,-0.60%,0.0189000000000001,1.3178,1.294,1.56126,0.0236000000000001,1.2661
20-05-2019,1.2726,1.2721,1.2759,1.2714,0.06%,0.0189000000000001,1.3178,1.2902,1.5589,0.0328999999999997,1.2654
21-05-2019,1.2705,1.273,1.2815,1.2685,-0.17%,0.0189000000000001,1.3178,1.2825,1.55561,0.0303000000000004,1.2712
22-05-2019,1.2661,1.2706,1.2722,1.2623,-0.35%,0.0130000000000001,1.3171,1.2787,1.55258,0.0408000000000008,1.2677
23-05-2019,1.2654,1.2663,1.2685,1.2605,-0.06%,0.0130000000000001,1.3133,1.2713,1.5485,0.0434000000000001,1.2652
24-05-2019,1.2712,1.2657,1.2734,1.2646,0.46%,0.0130000000000001,1.3082,1.2713,1.54416,0.0419999999999998,1.2625
27-05-2019,1.2677,1.2727,1.2756,1.2666,-0.28%,0.0130000000000001,1.3048,1.2685,1.53996,0.0279999999999987,1.2606
28-05-2019,1.2652,1.2679,1.2702,1.265,-0.20%,0.0130000000000001,1.3048,1.2623,1.53716,0.0329000000000015,1.2631
29-05-2019,1.2625,1.2654,1.2672,1.2611,-0.21%,0.0130000000000001,1.3042,1.2605,1.53387,0.0343999999999998,1.2663
30-05-2019,1.2606,1.2627,1.2641,1.2579,-0.15%,0.0130000000000001,1.2973,1.2605,1.53043,0.0330999999999992,1.2696
31-05-2019,1.2631,1.2608,1.2645,1.2558,0.20%,0.0130000000000001,1.2924,1.2605,1.52712,0.0300000000000011,1.2684
03-06-2019,1.2663,1.2627,1.2675,1.2609,0.25%,0.0130000000000001,1.2864,1.2605,1.52412,0.0215999999999994,1.2699
04-06-2019,1.2696,1.2665,1.2716,1.2642,0.26%,0.0130000000000001,1.2815,1.2605,1.52196,0.0131999999999994,1.2734
05-06-2019,1.2684,1.2697,1.2744,1.2679,-0.09%,0.0130000000000001,1.2815,1.2579,1.52064,0.00239999999999974,1.2683
06-06-2019,1.2699,1.2684,1.2743,1.2667,0.12%,0.0130000000000001,1.2815,1.2558,1.5204,0.00459999999999994,1.2722
07-06-2019,1.2734,1.2702,1.2764,1.2687,0.28%,0.00990000000000002,1.2756,1.2558,1.51994,0.000400000000000844,1.2686
10-06-2019,1.2683,1.2731,1.2748,1.2653,-0.40%,0.00900000000000012,1.2764,1.2558,1.5199,-0.00680000000000014,1.2672
11-06-2019,1.2722,1.2686,1.2734,1.2669,0.31%,0.00949999999999984,1.2764,1.2558,1.52058,-0.00290000000000035,1.259
12-06-2019,1.2686,1.2724,1.2759,1.268,-0.28%,0.00949999999999984,1.2764,1.2558,1.52087,0.000300000000001077,1.2532
13-06-2019,1.2672,1.269,1.2709,1.2661,-0.11%,0.00949999999999984,1.2764,1.2558,1.52084,-0.00110000000000099,1.2556
14-06-2019,1.259,1.2676,1.2684,1.2579,-0.65%,0.00949999999999984,1.2764,1.2558,1.52095,-0.0022000000000002,1.2639
17-06-2019,1.2532,1.26,1.2607,1.2531,-0.46%,0.0105,1.2764,1.2558,1.52117,0.00270000000000081,1.2699
18-06-2019,1.2556,1.2534,1.2566,1.2506,0.19%,0.0105,1.2764,1.2558,1.5209,0.00740000000000052,1.274
19-06-2019,1.2639,1.2558,1.2674,1.2542,0.66%,0.0105,1.2764,1.2609,1.52016,0.00689999999999991,1.2739
20-06-2019,1.2699,1.2642,1.2729,1.2632,0.47%,0.0132000000000001,1.2764,1.2579,1.51947,0.00229999999999997,1.2697
21-06-2019,1.274,1.2701,1.275,1.2642,0.32%,0.0132000000000001,1.2764,1.2531,1.51924,-0.000400000000000844,1.2688
24-06-2019,1.2739,1.2722,1.2767,1.2708,-0.01%,0.0132000000000001,1.2764,1.2506,1.51928,-0.00380000000000003,1.2675
25-06-2019,1.2697,1.2742,1.2785,1.2671,-0.33%,0.0132000000000001,1.2767,1.2506,1.51966,-0.00399999999999956,1.2693
26-06-2019,1.2688,1.27,1.2708,1.2663,-0.07%,0.0132000000000001,1.2785,1.2506,1.52006,0.00309999999999988,1.2638
27-06-2019,1.2675,1.2687,1.2725,1.2661,-0.10%,0.0132000000000001,1.2785,1.2506,1.51975,-9.99999999997669E-05,1.2591
28-06-2019,1.2693,1.2677,1.2736,1.2663,0.14%,0.0132000000000001,1.2785,1.2506,1.51976,0.0046999999999997,1.2571
01-07-2019,1.2638,1.2695,1.2708,1.2631,-0.43%,0.0132000000000001,1.2785,1.2506,1.51929,-0.000500000000000611,1.2576
02-07-2019,1.2591,1.2641,1.2654,1.2583,-0.37%,0.0132000000000001,1.2785,1.2506,1.51934,0.00350000000000072,1.2523
03-07-2019,1.2571,1.2592,1.2603,1.2557,-0.16%,0.0132000000000001,1.2785,1.2506,1.51899,0.000799999999999912,1.251
04-07-2019,1.2576,1.2573,1.2593,1.2567,0.04%,0.0132000000000001,1.2785,1.2506,1.51891,-0.00389999999999979,1.2465
05-07-2019,1.2523,1.2581,1.2588,1.248,-0.42%,0.0132000000000001,1.2785,1.2542,1.5193,-0.00229999999999997,1.2499
08-07-2019,1.251,1.2517,1.2541,1.2499,-0.10%,0.0114000000000001,1.2785,1.2583,1.51953,0.0124999999999993,1.2519
09-07-2019,1.2465,1.2514,1.2524,1.244,-0.36%,0.0114000000000001,1.2785,1.2557,1.51828,0.0186999999999991,1.2573
10-07-2019,1.2499,1.2468,1.2522,1.2443,0.27%,0.0114000000000001,1.2785,1.2557,1.51641,0.0254000000000012,1.2514
11-07-2019,1.2519,1.2499,1.2572,1.2498,0.16%,0.0114000000000001,1.2785,1.248,1.51387,0.0243000000000002,1.2403
12-07-2019,1.2573,1.252,1.258,1.2517,0.43%,0.0107999999999999,1.2736,1.248,1.51144,0.0179999999999989,1.2431
15-07-2019,1.2514,1.2573,1.2581,1.2509,-0.47%,0.0107999999999999,1.2736,1.244,1.50964,0.0114000000000001,1.2546
16-07-2019,1.2403,1.2515,1.2522,1.2395,-0.89%,0.0107999999999999,1.2736,1.244,1.5085,0.0162000000000013,1.25
17-07-2019,1.2431,1.2407,1.2457,1.2382,0.23%,0.0126999999999999,1.2708,1.244,1.50688,0.0287999999999986,1.2474
18-07-2019,1.2546,1.2433,1.2559,1.2426,0.93%,0.0126999999999999,1.2654,1.244,1.504,0.0208000000000013,1.2436
19-07-2019,1.25,1.2551,1.2557,1.2477,-0.37%,0.0133000000000001,1.2603,1.244,1.50192,0.00409999999999933,1.2481
22-07-2019,1.2474,1.2508,1.2522,1.2455,-0.21%,0.0133000000000001,1.2593,1.2395,1.50151,0.00650000000000084,1.2454
23-07-2019,1.2436,1.2473,1.2483,1.2418,-0.30%,0.0133000000000001,1.2588,1.2382,1.50086,0.0107999999999997,1.238
24-07-2019,1.2481,1.2438,1.2523,1.2426,0.36%,0.0133000000000001,1.2581,1.2382,1.49978,0.00789999999999935,1.2217
25-07-2019,1.2454,1.2484,1.2519,1.2436,-0.22%,0.0133000000000001,1.2581,1.2382,1.49899,0.00300000000000011,1.2149
26-07-2019,1.238,1.2464,1.2464,1.2376,-0.59%,0.0133000000000001,1.2581,1.2382,1.49869,0.000400000000000844,1.2157
29-07-2019,1.2217,1.2386,1.2389,1.2212,-1.32%,0.0133000000000001,1.2581,1.2382,1.49865,0.0112999999999985,1.2131
30-07-2019,1.2149,1.222,1.2228,1.2119,-0.56%,0.0176999999999998,1.2581,1.2382,1.49752,0.0300000000000011,1.2154
31-07-2019,1.2157,1.2154,1.225,1.2134,0.07%,0.0176999999999998,1.2581,1.2382,1.49452,0.0419000000000001,1.2141
01-08-2019,1.2131,1.2155,1.2171,1.2078,-0.21%,0.0176999999999998,1.2559,1.2376,1.49033,0.0359999999999996,1.2166
02-08-2019,1.2154,1.2135,1.217,1.209,0.19%,0.0176999999999998,1.2559,1.2212,1.48673,0.0272000000000006,1.214
05-08-2019,1.2141,1.2143,1.219,1.2101,-0.11%,0.0176999999999998,1.2559,1.2119,1.48401,0.0289999999999999,1.2131
06-08-2019,1.2166,1.2145,1.2211,1.2133,0.21%,0.0176999999999998,1.2557,1.2119,1.48111,0.0405999999999995,1.2034
07-08-2019,1.214,1.217,1.2192,1.212,-0.21%,0.0176999999999998,1.2523,1.2078,1.47705,0.0338000000000012,1.2073
08-08-2019,1.2131,1.2141,1.2184,1.2095,-0.07%,0.0176999999999998,1.2523,1.2078,1.47367,0.033199999999999,1.2058
09-08-2019,1.2034,1.2126,1.2155,1.2024,-0.80%,0.0176999999999998,1.2523,1.2078,1.47035,0.0312000000000001,1.2059
12-08-2019,1.2073,1.2048,1.2107,1.2014,0.32%,0.0176999999999998,1.2519,1.2078,1.46723,0.0435999999999996,1.2084
13-08-2019,1.2058,1.2076,1.2098,1.2041,-0.12%,0.0176999999999998,1.2464,1.2078,1.46287,0.0388000000000002,1.2149
14-08-2019,1.2059,1.2058,1.2102,1.2045,0.01%,0.0176999999999998,1.2389,1.2078,1.45899,0.0327999999999999,1.2125
15-08-2019,1.2084,1.2062,1.2151,1.2049,0.21%,0.0131000000000001,1.225,1.2024,1.45571,0.0158000000000005,1.2168
16-08-2019,1.2149,1.2086,1.2177,1.2076,0.54%,0.0131000000000001,1.225,1.2014,1.45413,0.00680000000000014,1.2126
19-08-2019,1.2125,1.2148,1.2174,1.2104,-0.20%,0.0131000000000001,1.2211,1.2014,1.45345,0.000700000000000145,1.225
20-08-2019,1.2168,1.2127,1.2183,1.2064,0.35%,0.0131000000000001,1.2211,1.2014,1.45338,0.000799999999999912,1.2277
21-08-2019,1.2126,1.217,1.2177,1.2112,-0.35%,0.0131000000000001,1.2211,1.2014,1.4533,-0.00270000000000081,1.2215
22-08-2019,1.225,1.2128,1.2273,1.2107,1.02%,0.0131000000000001,1.2211,1.2014,1.45357,0.00169999999999959,1.2287
23-08-2019,1.2277,1.2251,1.2294,1.2194,0.22%,0.0165999999999999,1.2273,1.2014,1.4534,-0.00809999999999889,1.2209
26-08-2019,1.2215,1.2264,1.2287,1.2207,-0.51%,0.0165999999999999,1.2294,1.2014,1.45421,-0.0122999999999998,1.2188
27-08-2019,1.2287,1.2219,1.231,1.2208,0.59%,0.0165999999999999,1.2294,1.2014,1.45544,-0.00930000000000142,1.2156
28-08-2019,1.2209,1.229,1.2293,1.2156,-0.63%,0.0165999999999999,1.231,1.2014,1.45637,-0.0241999999999987,1.2066
29-08-2019,1.2188,1.2211,1.2234,1.2171,-0.17%,0.0165999999999999,1.231,1.2041,1.45879,-0.0135000000000005,1.2084
30-08-2019,1.2156,1.218,1.2226,1.2139,-0.26%,0.0165999999999999,1.231,1.2045,1.46014,-0.0122,1.225
02-09-2019,1.2066,1.2149,1.2176,1.2034,-0.74%,0.0165999999999999,1.231,1.2049,1.46136,-0.00870000000000104,1.2329
03-09-2019,1.2084,1.2067,1.2106,1.1958,0.15%,0.0165999999999999,1.231,1.2064,1.46223,0.0019000000000009,1.2281
04-09-2019,1.225,1.2078,1.2259,1.2076,1.37%,0.0165999999999999,1.231,1.2064,1.46204,0.00699999999999967,1.2345
05-09-2019,1.2329,1.2253,1.2355,1.221,0.64%,0.0183,1.231,1.2064,1.46134,-0.0126000000000008,1.2346
06-09-2019,1.2281,1.2331,1.2345,1.2278,-0.39%,0.0183,1.2355,1.2034,1.4626,-0.0160999999999998,1.2326
09-09-2019,1.2345,1.2273,1.2385,1.2233,0.52%,0.0183,1.2355,1.1958,1.46421,-0.0145,1.2332
10-09-2019,1.2346,1.2347,1.2377,1.2306,0.01%,0.0183,1.2385,1.1958,1.46566,-0.00959999999999894,1.25
11-09-2019,1.2326,1.2349,1.2372,1.2312,-0.16%,0.0183,1.2385,1.1958,1.46662,-0.00850000000000151,1.2428
12-09-2019,1.2332,1.2325,1.2368,1.2283,0.05%,0.0183,1.2385,1.1958,1.46747,-0.0105999999999984,1.25
13-09-2019,1.25,1.2335,1.2507,1.2327,1.36%,0.0183,1.2385,1.1958,1.46853,-0.00450000000000017,1.2468
16-09-2019,1.2428,1.2501,1.2511,1.2399,-0.58%,0.0183,1.2507,1.1958,1.46898,-0.0289999999999999,1.2524
17-09-2019,1.25,1.2437,1.2528,1.2392,0.58%,0.0183,1.2511,1.1958,1.47188,-0.0257000000000005,1.2477
18-09-2019,1.2468,1.2502,1.2514,1.2438,-0.26%,0.0183,1.2528,1.1958,1.47445,-0.0352999999999994,1.2429
19-09-2019,1.2524,1.2473,1.256,1.2438,0.45%,0.0183,1.2528,1.1958,1.47798,-0.0405999999999995,1.2488
20-09-2019,1.2477,1.2524,1.2583,1.2459,-0.38%,0.0183,1.256,1.2076,1.48204,-0.0446000000000009,1.2349
23-09-2019,1.2429,1.2469,1.2492,1.2413,-0.38%,0.018,1.2583,1.221,1.4865,-0.0215999999999994,1.2322
24-09-2019,1.2488,1.2429,1.2503,1.2414,0.47%,0.018,1.2583,1.2233,1.48866,-0.00980000000000025,1.2288
25-09-2019,1.2349,1.2484,1.25,1.2347,-1.11%,0.018,1.2583,1.2233,1.48964,-0.0211000000000006,1.2287
26-09-2019,1.2322,1.2356,1.2382,1.2302,-0.22%,0.018,1.2583,1.2283,1.49175,-0.000899999999999679,1.2301
27-09-2019,1.2288,1.2322,1.2338,1.227,-0.28%,0.018,1.2583,1.2283,1.49184,0.00270000000000081,1.23
30-09-2019,1.2287,1.2289,1.2348,1.2275,-0.01%,0.018,1.2583,1.2283,1.49157,0.00359999999999872,1.2328
01-10-2019,1.2301,1.2287,1.2342,1.2206,0.11%,0.018,1.2583,1.2327,1.49121,0.00480000000000125,1.2332
02-10-2019,1.23,1.2307,1.2325,1.2227,-0.01%,0.0153000000000001,1.2583,1.2302,1.49073,0.0193999999999992,1.229
03-10-2019,1.2328,1.2306,1.2414,1.2265,0.23%,0.0153000000000001,1.2583,1.227,1.48879,0.0130999999999997,1.2217
04-10-2019,1.2332,1.2333,1.2358,1.2276,0.03%,0.0153000000000001,1.2583,1.227,1.48748,0.0169000000000015,1.2204
07-10-2019,1.229,1.2326,1.2338,1.2286,-0.34%,0.0153000000000001,1.2583,1.2206,1.48579,0.0146999999999995,1.244
08-10-2019,1.2217,1.2292,1.2304,1.2194,-0.59%,0.0153000000000001,1.2583,1.2206,1.48432,0.0231999999999992,1.2647
09-10-2019,1.2204,1.2219,1.2292,1.2198,-0.11%,0.0153000000000001,1.2503,1.2206,1.482,0.0250000000000004,1.2606
10-10-2019,1.244,1.2206,1.247,1.2205,1.93%,0.0153000000000001,1.2503,1.2206,1.4795,0.0222999999999995,1.2786
11-10-2019,1.2647,1.2441,1.2708,1.2407,1.66%,0.0265000000000002,1.25,1.2206,1.47727,0.00430000000000064,1.283
14-10-2019,1.2606,1.2625,1.2654,1.2515,-0.32%,0.0301,1.2708,1.2194,1.47684,-0.0268999999999995,1.2888
15-10-2019,1.2786,1.2609,1.28,1.2602,1.43%,0.0301,1.2708,1.2194,1.47953,-0.0287000000000006,1.2971
16-10-2019,1.283,1.2787,1.2877,1.2656,0.34%,0.0301,1.28,1.2194,1.4824,-0.0497999999999994,1.2958
17-10-2019,1.2888,1.2832,1.299,1.275,0.45%,0.0301,1.2877,1.2194,1.48738,-0.0545000000000009,1.2872
18-10-2019,1.2971,1.289,1.2987,1.2838,0.64%,0.0301,1.299,1.2194,1.49283,-0.0582999999999991,1.2916
21-10-2019,1.2958,1.2925,1.3013,1.2874,-0.10%,0.0301,1.299,1.2194,1.49866,-0.0618999999999996,1.285
22-10-2019,1.2872,1.2959,1.3001,1.2861,-0.66%,0.0301,1.3013,1.2194,1.50485,-0.0626000000000015,1.2821
23-10-2019,1.2916,1.2872,1.2923,1.284,0.34%,0.0301,1.3013,1.2194,1.51111,-0.0545999999999989,1.2862
24-10-2019,1.285,1.2912,1.2952,1.2788,-0.51%,0.0301,1.3013,1.2194,1.51657,-0.0619999999999994,1.2865
25-10-2019,1.2821,1.2852,1.2864,1.2803,-0.23%,0.0301,1.3013,1.2198,1.52277,-0.0632999999999999,1.2901
28-10-2019,1.2862,1.2825,1.2878,1.281,0.32%,0.0301,1.3013,1.2205,1.5291,-0.0619000000000014,1.294
29-10-2019,1.2865,1.2865,1.2905,1.2806,0.02%,0.0301,1.3013,1.2407,1.53529,-0.0423999999999989,1.2934
30-10-2019,1.2901,1.2869,1.2909,1.2845,0.28%,0.024,1.3013,1.2515,1.53953,-0.0244,1.2882
31-10-2019,1.294,1.2904,1.2976,1.2894,0.30%,0.024,1.3013,1.2602,1.54197,-0.0295000000000005,1.2882
01-11-2019,1.2934,1.294,1.2974,1.2926,-0.05%,0.024,1.3013,1.2656,1.54492,-0.0152999999999999,1.285
04-11-2019,1.2882,1.2944,1.2948,1.2875,-0.40%,0.024,1.3013,1.275,1.54645,-0.0112000000000005,1.2813
05-11-2019,1.2882,1.2884,1.2918,1.2859,0.00%,0.0164,1.3013,1.2788,1.54757,0.000600000000000378,1.277
06-11-2019,1.285,1.2885,1.2898,1.2844,-0.25%,0.0164,1.3013,1.2788,1.54751,0.00399999999999956,1.2851
07-11-2019,1.2813,1.2853,1.2879,1.2794,-0.29%,0.0164,1.3001,1.2788,1.54711,0.0106000000000002,1.2844
08-11-2019,1.277,1.2813,1.2826,1.2768,-0.34%,0.0164,1.2976,1.2788,1.54605,0.00590000000000046,1.2849
11-11-2019,1.2851,1.2777,1.2898,1.2777,0.63%,0.0164,1.2976,1.2788,1.54546,0.0134999999999987,1.2881
12-11-2019,1.2844,1.2855,1.2875,1.2815,-0.05%,0.0121,1.2976,1.2803,1.54411,-0.000299999999999301,1.2899
13-11-2019,1.2849,1.2848,1.2865,1.2822,0.04%,0.0121,1.2976,1.2794,1.54414,-0.00229999999999997,1.2952
14-11-2019,1.2881,1.2851,1.2889,1.2824,0.25%,0.0121,1.2976,1.2768,1.54437,0.00140000000000029,1.2922
15-11-2019,1.2899,1.2881,1.2921,1.2866,0.14%,0.0121,1.2976,1.2768,1.54423,-0.00120000000000076,1.2922
18-11-2019,1.2952,1.2905,1.2986,1.29,0.41%,0.0121,1.2976,1.2768,1.54435,-9.99999999997669E-05,1.2913
19-11-2019,1.2922,1.2954,1.2971,1.2909,-0.23%,0.0121,1.2986,1.2768,1.54436,-0.00140000000000029,1.283
20-11-2019,1.2922,1.2924,1.2933,1.2887,0.00%,0.0121,1.2986,1.2768,1.5445,0.00200000000000067,1.2898
21-11-2019,1.2913,1.2924,1.2972,1.2893,-0.07%,0.0121,1.2986,1.2768,1.5443,-0.00400000000000134,1.2865
22-11-2019,1.283,1.2915,1.293,1.2823,-0.64%,0.0121,1.2986,1.2768,1.5447,-0.00300000000000011,1.2921
25-11-2019,1.2898,1.2851,1.2913,1.284,0.53%,0.0121,1.2986,1.2768,1.545,0.00020000000000131,1.2911
26-11-2019,1.2865,1.2899,1.291,1.2836,-0.26%,0.0121,1.2986,1.2768,1.54498,-0.00860000000000127,1.2933
27-11-2019,1.2921,1.2866,1.2924,1.2826,0.44%,0.0121,1.2986,1.2777,1.54584,-0.0088999999999988,1.2936
28-11-2019,1.2911,1.2921,1.2952,1.2898,-0.08%,0.0106999999999999,1.2986,1.2815,1.54673,-0.00660000000000061,1.2992
29-11-2019,1.2933,1.2911,1.2948,1.2879,0.17%,0.0106999999999999,1.2986,1.2822,1.54739,-0.00629999999999953,1.3103
02-12-2019,1.2936,1.2917,1.2951,1.2895,0.02%,0.0106999999999999,1.2986,1.2823,1.54802,-0.00660000000000061,1.3155
03-12-2019,1.2992,1.294,1.3012,1.293,0.43%,0.0106999999999999,1.2986,1.2823,1.54868,-0.00589999999999868,1.3135
04-12-2019,1.3103,1.2993,1.3122,1.2981,0.85%,0.0106999999999999,1.3012,1.2823,1.54927,-0.00880000000000081,1.3143
05-12-2019,1.3155,1.3104,1.3168,1.3102,0.40%,0.0141,1.3122,1.2823,1.55015,-0.0150000000000006,1.3154
06-12-2019,1.3135,1.3157,1.3167,1.31,-0.15%,0.0141,1.3168,1.2823,1.55165,-0.023299999999999,1.3193
09-12-2019,1.3143,1.3139,1.3182,1.3117,0.06%,0.0141,1.3168,1.2823,1.55398,-0.0214999999999996,1.3162
10-12-2019,1.3154,1.3151,1.3217,1.3132,0.08%,0.0141,1.3182,1.2823,1.55613,-0.0236000000000001,1.3325
11-12-2019,1.3193,1.3157,1.3214,1.3106,0.30%,0.0141,1.3217,1.2826,1.55849,-0.0306000000000015,1.3329
12-12-2019,1.3162,1.3203,1.323,1.3051,-0.23%,0.0141,1.3217,1.2826,1.56155,-0.0304000000000002,1.3128
13-12-2019,1.3325,1.3168,1.3516,1.316,1.24%,0.0179,1.323,1.2826,1.56459,-0.0301999999999989,1.3076
16-12-2019,1.3329,1.3336,1.3423,1.332,0.03%,0.0355999999999999,1.3516,1.2879,1.56761,-0.041500000000001,1.3007
17-12-2019,1.3128,1.333,1.334,1.3099,-1.51%,0.0355999999999999,1.3516,1.2879,1.57176,-0.0418999999999983,1.3002
18-12-2019,1.3076,1.3129,1.3136,1.3059,-0.40%,0.0355999999999999,1.3516,1.2895,1.57595,-0.0212000000000003,1.2933
19-12-2019,1.3007,1.3079,1.3133,1.2989,-0.53%,0.0355999999999999,1.3516,1.293,1.57807,-0.0138999999999996,1.2944
20-12-2019,1.3002,1.301,1.3081,1.2978,-0.04%,0.0355999999999999,1.3516,1.2981,1.57946,-0.00170000000000137,1.296
23-12-2019,1.2933,1.2994,1.3033,1.2904,-0.53%,0.0355999999999999,1.3516,1.3051,1.57963,0.011000000000001,1.2992
24-12-2019,1.2944,1.2936,1.2972,1.2912,0.09%,0.0355999999999999,1.3516,1.3051,1.57853,0.0221,1.3076
25-12-2019,1.296,1.2943,1.299,1.2921,0.12%,0.0355999999999999,1.3516,1.2989,1.57632,0.0195999999999987,1.3113
26-12-2019,1.2992,1.2961,1.3017,1.2952,0.25%,0.0355999999999999,1.3516,1.2978,1.57436,0.0190000000000001,1.3259
27-12-2019,1.3076,1.2992,1.3118,1.2967,0.65%,0.0355999999999999,1.3516,1.2904,1.57246,0.0165000000000006,1.3254
30-12-2019,1.3113,1.3066,1.3152,1.3066,0.28%,0.0355999999999999,1.3516,1.2904,1.57081,0.0137,1.3144
31-12-2019,1.3259,1.3117,1.3285,1.3106,1.11%,0.0355999999999999,1.3516,1.2904,1.56944,0.00510000000000055,1.3086
01-01-2020,1.3254,1.3261,1.3276,1.3237,-0.04%,0.0241,1.3423,1.2904,1.56893,0.00749999999999851,1.3167
02-01-2020,1.3144,1.3255,1.3268,1.3115,-0.83%,0.0241,1.334,1.2904,1.56818,0.00750000000000028,1.3123
03-01-2020,1.3086,1.3138,1.3162,1.3053,-0.44%,0.0179,1.3285,1.2904,1.56743,-0.000899999999999679,1.3097
06-01-2020,1.3167,1.3075,1.3175,1.3063,0.62%,0.0179,1.3285,1.2904,1.56752,0.000399999999999068,1.3065
07-01-2020,1.3123,1.3168,1.3213,1.3095,-0.33%,0.0179,1.3285,1.2904,1.56748,-0.0157999999999987,1.3059
08-01-2020,1.3097,1.3125,1.3171,1.308,-0.20%,0.0179,1.3285,1.2904,1.56906,-0.0130999999999997,1.2988
09-01-2020,1.3065,1.3101,1.3125,1.3012,-0.24%,0.0179,1.3285,1.2912,1.57037,-0.0165000000000006,1.3017
10-01-2020,1.3059,1.3067,1.3097,1.3041,-0.05%,0.0179,1.3285,1.2921,1.57202,-0.0123999999999995,1.3036
13-01-2020,1.2988,1.3055,1.3064,1.296,-0.54%,0.0179,1.3285,1.2952,1.57326,-0.00940000000000119,1.3076
14-01-2020,1.3017,1.2988,1.3034,1.2953,0.22%,0.0179,1.3285,1.2967,1.5742,0.000400000000000844,1.3008
15-01-2020,1.3036,1.3018,1.3044,1.2986,0.15%,0.0179,1.3285,1.3012,1.57416,0.00479999999999947,1.3009
16-01-2020,1.3076,1.3039,1.3084,1.3024,0.31%,0.0179,1.3285,1.3012,1.57368,0.00779999999999959,1.3047
17-01-2020,1.3008,1.308,1.3119,1.3005,-0.52%,0.0152999999999999,1.3276,1.296,1.5729,0.0181000000000005,1.314
20-01-2020,1.3009,1.3002,1.3014,1.2961,0.01%,0.0152999999999999,1.3268,1.2953,1.57109,0.0252999999999997,1.3121
21-01-2020,1.3047,1.3013,1.3085,1.2995,0.29%,0.0117999999999998,1.3213,1.2953,1.56856,0.0125000000000011,1.3076
22-01-2020,1.314,1.3051,1.3154,1.3034,0.71%,0.0117999999999998,1.3213,1.2953,1.56731,0.00239999999999974,1.3053
23-01-2020,1.3121,1.3142,1.3152,1.3096,-0.14%,0.012,1.3213,1.2953,1.56707,0.00259999999999927,1.3027
24-01-2020,1.3076,1.3122,1.3174,1.3056,-0.34%,0.012,1.3171,1.2953,1.56681,0.000300000000001077,1.302
27-01-2020,1.3053,1.3075,1.3105,1.304,-0.18%,0.012,1.3174,1.2953,1.56678,0.00259999999999927,1.3094
28-01-2020,1.3027,1.3055,1.3067,1.2975,-0.20%,0.012,1.3174,1.2953,1.56652,0.00120000000000076,1.3199
29-01-2020,1.302,1.3028,1.3032,1.2989,-0.05%,0.012,1.3174,1.2953,1.5664,0.00269999999999904,1.2993
30-01-2020,1.3094,1.302,1.3111,1.2977,0.57%,0.012,1.3174,1.2953,1.56613,-0.00319999999999965,1.3029
31-01-2020,1.3199,1.3099,1.321,1.3083,0.80%,0.0133999999999999,1.3174,1.2961,1.56645,-0.00810000000000066,1.3
03-02-2020,1.2993,1.3217,1.3217,1.2982,-1.56%,0.0133999999999999,1.321,1.2961,1.56726,-0.0177999999999994,1.2928
04-02-2020,1.3029,1.2996,1.3047,1.294,0.28%,0.0235000000000001,1.3217,1.2961,1.56904,0.00839999999999996,1.2891
05-02-2020,1.3,1.3033,1.3071,1.2956,-0.22%,0.0235000000000001,1.3217,1.2961,1.5682,-0.00309999999999988,1.2913
06-02-2020,1.2928,1.2999,1.3005,1.2921,-0.55%,0.0235000000000001,1.3217,1.2975,1.56851,0.00140000000000029,1.2951
07-02-2020,1.2891,1.293,1.296,1.2881,-0.29%,0.0235000000000001,1.3217,1.2975,1.56837,0.0121000000000002,1.296
10-02-2020,1.2913,1.2897,1.2947,1.2872,0.17%,0.0235000000000001,1.3217,1.294,1.56716,0.0244999999999997,1.3045
11-02-2020,1.2951,1.2915,1.2969,1.2895,0.29%,0.0235000000000001,1.3217,1.294,1.56471,0.0206999999999997,1.3046
12-02-2020,1.296,1.2952,1.2993,1.2947,0.07%,0.0235000000000001,1.3217,1.2921,1.56264,0.0122999999999998,1.3006
13-02-2020,1.3045,1.296,1.307,1.2944,0.66%,0.0235000000000001,1.3217,1.2881,1.56141,0.00950000000000095,1.2998
14-02-2020,1.3046,1.3051,1.3065,1.3001,0.01%,0.0235000000000001,1.3217,1.2872,1.56046,-0.00229999999999997,1.2919
17-02-2020,1.3006,1.3036,1.3055,1.2998,-0.31%,0.0235000000000001,1.3217,1.2872,1.56069,-0.00159999999999982,1.2879
18-02-2020,1.2998,1.3007,1.3049,1.297,-0.06%,0.0235000000000001,1.3217,1.2872,1.56085,0.00919999999999988,1.2969
19-02-2020,1.2919,1.2998,1.3024,1.2907,-0.61%,0.0235000000000001,1.3217,1.2872,1.55993,0.0218999999999987,1.2927
20-02-2020,1.2879,1.2922,1.293,1.2848,-0.31%,0.0125999999999999,1.3071,1.2872,1.55774,0.00740000000000052,1.3004
21-02-2020,1.2969,1.2884,1.2982,1.2877,0.70%,0.0125999999999999,1.3071,1.2872,1.557,0.0149000000000008,1.2903
24-02-2020,1.2927,1.296,1.2973,1.2886,-0.32%,0.0125999999999999,1.307,1.2872,1.55551,0.00389999999999979,1.2884
25-02-2020,1.3004,1.2924,1.3019,1.2914,0.60%,0.0125999999999999,1.307,1.2872,1.55512,0.000600000000000378,1.282
26-02-2020,1.2903,1.3005,1.3013,1.2895,-0.78%,0.0125999999999999,1.307,1.2848,1.55506,-0.0108000000000015,1.275
27-02-2020,1.2884,1.2907,1.2947,1.2859,-0.15%,0.0125999999999999,1.307,1.2848,1.55614,0.000799999999999912,1.281
28-02-2020,1.282,1.2885,1.2921,1.2725,-0.50%,0.0125999999999999,1.307,1.2848,1.55606,0.00670000000000037,1.287
02-03-2020,1.275,1.28,1.2852,1.2739,-0.55%,0.0196000000000001,1.307,1.2848,1.55539,0.016,1.2954
03-03-2020,1.281,1.2752,1.2845,1.2738,0.47%,0.0196000000000001,1.3065,1.2848,1.55379,0.0299000000000014,1.3047
04-03-2020,1.287,1.2812,1.2874,1.277,0.47%,0.0196000000000001,1.3055,1.2848,1.5508,0.0223999999999993,1.3131
05-03-2020,1.2954,1.2872,1.2969,1.2859,0.65%,0.0196000000000001,1.3049,1.2725,1.54856,0.0135000000000005,1.2906
06-03-2020,1.3047,1.2954,1.3058,1.2943,0.72%,0.0196000000000001,1.3024,1.2725,1.54721,0.00439999999999863,1.282
09-03-2020,1.3131,1.3047,1.3201,1.3031,0.64%,0.0196000000000001,1.3058,1.2725,1.54677,-0.0124999999999993,1.2571
10-03-2020,1.2906,1.313,1.3133,1.2881,-1.71%,0.0196000000000001,1.3201,1.2725,1.54802,-0.0245999999999995,1.2276
11-03-2020,1.282,1.2904,1.2977,1.2804,-0.67%,0.0251999999999999,1.3201,1.2725,1.55048,0.00559999999999938,1.2266
12-03-2020,1.2571,1.2818,1.2851,1.249,-1.94%,0.0251999999999999,1.3201,1.2725,1.54992,0.0106000000000002,1.205
13-03-2020,1.2276,1.2574,1.2626,1.2268,-2.35%,0.0360999999999998,1.3201,1.2725,1.54886,0.0431000000000008,1.1613
16-03-2020,1.2266,1.2285,1.2431,1.2201,-0.08%,0.0360999999999998,1.3201,1.2725,1.54455,0.0621999999999989,1.1485
17-03-2020,1.205,1.227,1.2275,1.2002,-1.76%,0.0360999999999998,1.3201,1.2725,1.53833,0.0615000000000006,1.1641
18-03-2020,1.1613,1.2052,1.2131,1.1461,-3.63%,0.0360999999999998,1.3201,1.249,1.53218,0.0747999999999998,1.1548
19-03-2020,1.1485,1.1619,1.1794,1.1473,-1.10%,0.0670000000000002,1.3201,1.2268,1.5247,0.113300000000001,1.1757
20-03-2020,1.1641,1.1487,1.1934,1.1409,1.36%,0.0670000000000002,1.3201,1.2201,1.51337,0.132499999999999,1.1885
23-03-2020,1.1548,1.166,1.1741,1.1446,-0.80%,0.0670000000000002,1.3201,1.2002,1.50012,0.1212,1.2201
24-03-2020,1.1757,1.1549,1.1801,1.1508,1.81%,0.0670000000000002,1.3201,1.1461,1.488,0.140500000000001,1.2456
25-03-2020,1.1885,1.176,1.1976,1.1639,1.09%,0.0670000000000002,1.3201,1.1461,1.47395,0.1287,1.2416
26-03-2020,1.2201,1.1875,1.2232,1.1775,2.66%,0.0670000000000002,1.3133,1.1409,1.46108,0.125499999999999,1.2418
27-03-2020,1.2456,1.2204,1.2486,1.2131,2.09%,0.0670000000000002,1.2977,1.1409,1.44853,0.0700000000000003,1.2376
30-03-2020,1.2416,1.2435,1.2469,1.2316,-0.32%,0.0670000000000002,1.2851,1.1409,1.44153,0.0382999999999996,1.2392
31-03-2020,1.2418,1.2414,1.2474,1.2251,0.02%,0.0670000000000002,1.2626,1.1409,1.4377,0.016,1.226
01-04-2020,1.2376,1.2429,1.2443,1.2329,-0.34%,0.0670000000000002,1.2486,1.1409,1.4361,-0.0143999999999984,1.2229
02-04-2020,1.2392,1.2376,1.2476,1.2349,0.13%,0.0670000000000002,1.2486,1.1409,1.43754,-0.0106000000000002,1.2337
03-04-2020,1.226,1.2396,1.2412,1.2206,-1.07%,0.0670000000000002,1.2486,1.1409,1.4386,-0.0344000000000015,1.2385
06-04-2020,1.2229,1.2264,1.2328,1.2208,-0.25%,0.0525,1.2486,1.1409,1.44204,-0.0644999999999989,1.2455
07-04-2020,1.2337,1.2232,1.2385,1.2164,0.88%,0.0525,1.2486,1.1409,1.44849,-0.0745000000000005,1.2452
08-04-2020,1.2385,1.2331,1.2421,1.2288,0.39%,0.0457000000000001,1.2486,1.1446,1.45594,-0.0670999999999999,1.2507
09-04-2020,1.2455,1.2385,1.2485,1.2361,0.57%,0.0457000000000001,1.2486,1.1508,1.46265,-0.0836000000000006,1.2623
10-04-2020,1.2452,1.2458,1.2488,1.2443,-0.02%,0.0457000000000001,1.2486,1.1639,1.47101,-0.069799999999999,1.2514
13-04-2020,1.2507,1.2464,1.2537,1.245,0.44%,0.0457000000000001,1.2488,1.1775,1.47799,-0.0588999999999995,1.2455
14-04-2020,1.2623,1.2514,1.2648,1.2503,0.93%,0.0354999999999999,1.2537,1.2131,1.48388,-0.0310000000000006,1.2499
15-04-2020,1.2514,1.2616,1.2631,1.2437,-0.86%,0.0223,1.2648,1.2164,1.48698,-0.0181000000000005,1.2435
16-04-2020,1.2455,1.2514,1.2531,1.2407,-0.47%,0.0223,1.2648,1.2164,1.48879,-0.00999999999999979,1.2293
17-04-2020,1.2499,1.2457,1.2523,1.2407,0.35%,0.0221,1.2648,1.2164,1.48979,-0.00280000000000058,1.2332
20-04-2020,1.2435,1.2487,1.2505,1.2415,-0.51%,0.0221,1.2648,1.2164,1.49007,-0.011099999999999,1.2342
21-04-2020,1.2293,1.2437,1.2451,1.2247,-1.14%,0.0221,1.2648,1.2164,1.49118,-0.0041000000000011,1.2367
22-04-2020,1.2332,1.2294,1.2387,1.2273,0.32%,0.0221,1.2648,1.2164,1.49159,-0.00300000000000011,1.2428
23-04-2020,1.2342,1.2334,1.2416,1.2307,0.08%,0.0221,1.2648,1.2164,1.49189,-0.0101999999999993,1.2421
24-04-2020,1.2367,1.2344,1.2378,1.2298,0.20%,0.0204000000000002,1.2648,1.2288,1.49291,-0.00130000000000052,1.2464
27-04-2020,1.2428,1.2369,1.2456,1.2359,0.49%,0.0204000000000002,1.2648,1.2247,1.49304,0.00159999999999982,1.2592
28-04-2020,1.2421,1.2432,1.2519,1.2404,-0.06%,0.0204000000000002,1.2648,1.2247,1.49288,0.00260000000000105,1.2502
29-04-2020,1.2464,1.2425,1.2487,1.2388,0.35%,0.0204000000000002,1.2648,1.2247,1.49262,0.00389999999999979,1.2442
30-04-2020,1.2592,1.2468,1.2643,1.2428,1.03%,0.0204000000000002,1.2648,1.2247,1.49223,0.00459999999999994,1.2434
01-05-2020,1.2502,1.2599,1.2602,1.2483,-0.71%,0.0215000000000001,1.2643,1.2247,1.49177,0.00169999999999959,1.2341
04-05-2020,1.2442,1.2499,1.2504,1.2405,-0.48%,0.0215000000000001,1.2643,1.2247,1.4916,0.00150000000000006,1.2361
05-05-2020,1.2434,1.2443,1.2485,1.2421,-0.06%,0.0215000000000001,1.2643,1.2247,1.49145,0.00140000000000029,1.2407
06-05-2020,1.2341,1.2435,1.2451,1.2335,-0.75%,0.0215000000000001,1.2643,1.2247,1.49131,0.00520000000000032,1.2335
07-05-2020,1.2361,1.2347,1.2418,1.2265,0.16%,0.0215000000000001,1.2643,1.2247,1.49079,0.00900000000000034,1.2259
08-05-2020,1.2407,1.2364,1.2469,1.235,0.37%,0.0215000000000001,1.2643,1.2273,1.48989,-0.00699999999999967,1.2229
11-05-2020,1.2335,1.2406,1.2438,1.2284,-0.58%,0.0215000000000001,1.2643,1.2298,1.49059,-0.00720000000000098,1.2226
12-05-2020,1.2259,1.2334,1.2377,1.2255,-0.62%,0.0215000000000001,1.2643,1.2298,1.49131,0.000999999999999446,1.2104
13-05-2020,1.2229,1.226,1.2341,1.221,-0.24%,0.0215000000000001,1.2643,1.2265,1.49121,0.0109000000000012,1.2189
14-05-2020,1.2226,1.2231,1.2242,1.2165,-0.02%,0.0215000000000001,1.2643,1.2265,1.49012,0.0200999999999993,1.2251
15-05-2020,1.2104,1.2222,1.2239,1.2101,-1.00%,0.0215000000000001,1.2643,1.2265,1.48811,0.0203000000000007,1.2239
18-05-2020,1.2189,1.2086,1.2228,1.2075,0.70%,0.0215000000000001,1.2643,1.2255,1.48608,0.0381999999999998,1.2222
19-05-2020,1.2251,1.2194,1.2297,1.2184,0.51%,0.0154000000000001,1.2602,1.221,1.48226,0.0404999999999998,1.2164
20-05-2020,1.2239,1.2241,1.2289,1.2221,-0.10%,0.0154000000000001,1.2504,1.2165,1.47821,0.0258000000000003,1.2182
21-05-2020,1.2222,1.224,1.225,1.2185,-0.14%,0.0154000000000001,1.2485,1.2101,1.47563,0.0202999999999989,1.2331
22-05-2020,1.2164,1.2226,1.2242,1.2161,-0.47%,0.0154000000000001,1.2469,1.2075,1.4736,0.020900000000001,1.225
25-05-2020,1.2182,1.2179,1.2205,1.2163,0.15%,0.0154000000000001,1.2469,1.2075,1.47151,0.0167999999999999,1.2316
26-05-2020,1.2331,1.219,1.2364,1.2179,1.22%,0.0154000000000001,1.2469,1.2075,1.46983,0.0174000000000003,1.2344
27-05-2020,1.225,1.2332,1.2355,1.2205,-0.66%,0.0185,1.2438,1.2075,1.46809,0.00739999999999874,1.2492
28-05-2020,1.2316,1.2261,1.2345,1.2234,0.54%,0.0185,1.2377,1.2075,1.46735,0.00730000000000075,1.2549
29-05-2020,1.2344,1.232,1.2395,1.2291,0.23%,0.0185,1.2364,1.2075,1.46662,-0.00600000000000023,1.2572
01-06-2020,1.2492,1.2339,1.2507,1.2322,1.20%,0.0185,1.2395,1.2075,1.46722,-0.0107999999999997,1.2594
02-06-2020,1.2549,1.2501,1.2577,1.2478,0.46%,0.0185,1.2507,1.2075,1.4683,-0.0279000000000007,1.2663
03-06-2020,1.2572,1.255,1.2616,1.2544,0.18%,0.0185,1.2577,1.2075,1.47109,-0.0464000000000002,1.2722
04-06-2020,1.2594,1.2576,1.2634,1.25,0.17%,0.0185,1.2616,1.2161,1.47573,-0.0381999999999998,1.2729
05-06-2020,1.2663,1.2607,1.2732,1.2582,0.55%,0.0185,1.2634,1.2161,1.47955,-0.0366,1.2745
08-06-2020,1.2722,1.2681,1.2737,1.2628,0.47%,0.0185,1.2732,1.2161,1.48321,-0.0441000000000003,1.26
09-06-2020,1.2729,1.2723,1.2757,1.2617,0.06%,0.0185,1.2737,1.2161,1.48762,-0.0496999999999996,1.254
10-06-2020,1.2745,1.2731,1.2814,1.2706,0.13%,0.0185,1.2757,1.2163,1.49259,-0.0551999999999993,1.2602
11-06-2020,1.26,1.2745,1.2756,1.2586,-1.14%,0.0185,1.2814,1.2179,1.49811,-0.0555000000000003,1.2574
12-06-2020,1.254,1.2601,1.2655,1.2473,-0.48%,0.0185,1.2814,1.2205,1.50366,-0.0268999999999995,1.2554
15-06-2020,1.2602,1.2531,1.2608,1.2454,0.49%,0.0185,1.2814,1.2234,1.50635,-0.027000000000001,1.2424
16-06-2020,1.2574,1.2605,1.2688,1.2553,-0.22%,0.0185,1.2814,1.2291,1.50905,-0.0284999999999993,1.2356
17-06-2020,1.2554,1.2573,1.2589,1.251,-0.16%,0.0185,1.2814,1.2322,1.5119,-0.0234000000000005,1.2461
18-06-2020,1.2424,1.2556,1.2568,1.2401,-1.04%,0.0182,1.2814,1.2473,1.51424,-0.00549999999999962,1.2518
19-06-2020,1.2356,1.2421,1.2457,1.2343,-0.55%,0.0182,1.2814,1.2454,1.51479,0.0129000000000001,1.2418
22-06-2020,1.2461,1.2356,1.2478,1.2335,0.85%,0.0182,1.2814,1.2454,1.5135,0.0220000000000002,1.2414
23-06-2020,1.2518,1.2467,1.2533,1.2431,0.46%,0.0182,1.2814,1.2454,1.5113,0.0139999999999993,1.2333
24-06-2020,1.2418,1.2521,1.2543,1.2414,-0.80%,0.0182,1.2814,1.2401,1.5099,0.016,1.2296
25-06-2020,1.2414,1.2419,1.2465,1.2388,-0.03%,0.0182,1.2814,1.2343,1.5083,0.0304000000000002,1.2399
26-06-2020,1.2333,1.2421,1.2438,1.2313,-0.65%,0.0182,1.2814,1.2335,1.50526,0.0310000000000006,1.247
29-06-2020,1.2296,1.234,1.2391,1.2251,-0.30%,0.0182,1.2756,1.2335,1.50216,0.0404999999999998,1.2466
30-06-2020,1.2399,1.2298,1.2402,1.2257,0.84%,0.0182,1.2688,1.2335,1.49811,0.0302999999999987,1.2483
01-07-2020,1.247,1.2401,1.2492,1.2358,0.57%,0.0166999999999999,1.2688,1.2335,1.49508,0.0130000000000017,1.2491
02-07-2020,1.2466,1.2476,1.2531,1.2456,-0.03%,0.0166999999999999,1.2688,1.2313,1.49378,0.0128999999999984,1.254
03-07-2020,1.2483,1.2465,1.2494,1.2437,0.14%,0.0166999999999999,1.2589,1.2251,1.49249,0.0108000000000015,1.2609
06-07-2020,1.2491,1.2485,1.2521,1.2459,0.06%,0.0166999999999999,1.2568,1.2251,1.49141,0.00709999999999944,1.2604
07-07-2020,1.254,1.2492,1.2593,1.2463,0.39%,0.0145,1.2543,1.2251,1.4907,-0.00709999999999944,1.262
08-07-2020,1.2609,1.2542,1.2624,1.2508,0.55%,0.0145,1.2593,1.2251,1.49141,-0.0186000000000011,1.2552
09-07-2020,1.2604,1.2614,1.2671,1.26,-0.04%,0.0145,1.2624,1.2251,1.49327,-0.0146999999999995,1.2548
10-07-2020,1.262,1.2607,1.2665,1.2566,0.13%,0.0145,1.2671,1.2251,1.49474,-0.0085999999999995,1.258
13-07-2020,1.2552,1.2612,1.2667,1.255,-0.54%,0.0145,1.2671,1.2251,1.4956,-0.0193000000000012,1.2549
14-07-2020,1.2548,1.2558,1.2567,1.2479,-0.03%,0.0145,1.2671,1.2251,1.49753,-0.0137,1.2565
15-07-2020,1.258,1.2552,1.2651,1.2548,0.26%,0.0145,1.2671,1.2251,1.4989,-0.0212000000000003,1.266
16-07-2020,1.2549,1.2584,1.2625,1.252,-0.25%,0.0145,1.2671,1.2257,1.50102,-0.0285999999999991,1.2728
17-07-2020,1.2565,1.2552,1.2575,1.251,0.13%,0.0134000000000001,1.2671,1.2358,1.50388,-0.0151000000000003,1.2732
20-07-2020,1.266,1.2565,1.2666,1.2517,0.76%,0.0130000000000001,1.2671,1.2437,1.50539,-0.0088999999999988,1.2739
21-07-2020,1.2728,1.2658,1.2768,1.265,0.54%,0.0148999999999999,1.2671,1.2437,1.50628,-0.0193000000000012,1.2789
22-07-2020,1.2732,1.2733,1.2744,1.2644,0.03%,0.0148999999999999,1.2768,1.2459,1.50821,-0.024799999999999,1.2881
23-07-2020,1.2739,1.2734,1.2761,1.2672,0.05%,0.0148999999999999,1.2768,1.2463,1.51069,-0.0242000000000004,1.293
24-07-2020,1.2789,1.2741,1.2804,1.2717,0.39%,0.0148999999999999,1.2768,1.2479,1.51311,-0.0198999999999998,1.2995
27-07-2020,1.2881,1.2786,1.2903,1.278,0.72%,0.0148999999999999,1.2804,1.2479,1.5151,-0.0172000000000008,1.3093
28-07-2020,1.293,1.2882,1.2953,1.2838,0.38%,0.0148999999999999,1.2903,1.2479,1.51682,-0.0274999999999999,1.3088
29-07-2020,1.2995,1.2932,1.3013,1.2911,0.50%,0.0148999999999999,1.2953,1.2479,1.51957,-0.032,1.3072
30-07-2020,1.3093,1.2997,1.3103,1.2944,0.75%,0.0148999999999999,1.3013,1.2479,1.52277,-0.0438999999999989,1.306
31-07-2020,1.3088,1.3098,1.3171,1.3069,-0.04%,0.0159,1.3103,1.251,1.52716,-0.0546000000000007,1.3112
03-08-2020,1.3072,1.3082,1.3113,1.3004,-0.12%,0.0159,1.3171,1.251,1.53262,-0.0498000000000012,1.3146
04-08-2020,1.306,1.3075,1.3109,1.2981,-0.09%,0.0159,1.3171,1.251,1.5376,-0.0522999999999989,1.3051
05-08-2020,1.3112,1.3073,1.3162,1.3056,0.40%,0.0159,1.3171,1.2517,1.54283,-0.0508000000000006,1.307
06-08-2020,1.3146,1.3114,1.3187,1.3111,0.26%,0.0159,1.3171,1.2644,1.54791,-0.0455999999999985,1.3048
07-08-2020,1.3051,1.3153,1.3155,1.3009,-0.72%,0.0159,1.3187,1.2644,1.55247,-0.0420000000000016,1.3032
10-08-2020,1.307,1.3042,1.3104,1.3018,0.15%,0.0159,1.3187,1.2672,1.55667,-0.0307999999999993,1.3063
11-08-2020,1.3048,1.3078,1.3132,1.3041,-0.17%,0.0159,1.3187,1.2717,1.55975,-0.0336999999999996,1.3084
12-08-2020,1.3032,1.3053,1.3068,1.3004,-0.12%,0.0159,1.3187,1.278,1.56312,-0.0266999999999999,1.3102
13-08-2020,1.3063,1.3035,1.3125,1.303,0.24%,0.0159,1.3187,1.2838,1.56579,-0.0152999999999999,1.3235
14-08-2020,1.3084,1.306,1.3144,1.3047,0.16%,0.0159,1.3187,1.2911,1.56732,-0.0128000000000004,1.3098
17-08-2020,1.3102,1.3087,1.3123,1.3074,0.14%,0.0159,1.3187,1.2944,1.5686,-0.00900000000000034,1.3212
18-08-2020,1.3235,1.3099,1.325,1.3095,1.02%,0.0145999999999999,1.3187,1.2981,1.5695,-9.99999999997669E-05,1.3087
19-08-2020,1.3098,1.3239,1.3269,1.3094,-1.04%,0.0154999999999998,1.325,1.2981,1.56951,-0.0157000000000007,1.3063
20-08-2020,1.3212,1.3096,1.3226,1.3063,0.87%,0.0175000000000001,1.3269,1.2981,1.57108,-0.00209999999999866,1.315
21-08-2020,1.3087,1.3216,1.3256,1.3059,-0.95%,0.0175000000000001,1.3269,1.3004,1.57129,-0.0143000000000004,1.3208
24-08-2020,1.3063,1.3086,1.3149,1.3052,-0.18%,0.0196999999999998,1.3269,1.3004,1.57272,0.0027999999999988,1.3198
25-08-2020,1.315,1.3068,1.3171,1.3054,0.67%,0.0196999999999998,1.3269,1.3004,1.57244,0.00849999999999973,1.3349
26-08-2020,1.3208,1.3153,1.322,1.3117,0.44%,0.0196999999999998,1.3269,1.3004,1.57159,-0.011099999999999,1.3369
27-08-2020,1.3198,1.3207,1.3285,1.3162,-0.08%,0.0196999999999998,1.3269,1.3004,1.5727,-0.0129000000000001,1.3381
28-08-2020,1.3349,1.3208,1.3357,1.3185,1.14%,0.0196999999999998,1.3285,1.3004,1.57399,-0.0154999999999994,1.3352
31-08-2020,1.3369,1.3342,1.3396,1.3301,0.15%,0.0196999999999998,1.3357,1.303,1.57554,-0.0307000000000013,1.328
01-09-2020,1.3381,1.3367,1.3484,1.3355,0.09%,0.0196999999999998,1.3396,1.3047,1.57861,-0.0306999999999995,1.3282
02-09-2020,1.3352,1.3383,1.3404,1.3283,-0.22%,0.0196999999999998,1.3484,1.3052,1.58168,-0.0296000000000003,1.3166
03-09-2020,1.328,1.3349,1.3358,1.3242,-0.54%,0.0196999999999998,1.3484,1.3052,1.58464,-0.0249999999999986,1.2987
04-09-2020,1.3282,1.3282,1.332,1.3175,0.02%,0.0196999999999998,1.3484,1.3052,1.58714,-0.00430000000000064,1.3
07-09-2020,1.3166,1.3274,1.3285,1.314,-0.87%,0.0196999999999998,1.3484,1.3052,1.58757,-0.0177999999999994,1.2803
08-09-2020,1.2987,1.317,1.318,1.298,-1.36%,0.0196999999999998,1.3484,1.3052,1.58935,0.00459999999999994,1.2793
09-09-2020,1.3,1.2981,1.3024,1.2884,0.10%,0.02,1.3484,1.3052,1.58889,0.0105000000000004,1.2844
10-09-2020,1.2803,1.3003,1.3036,1.2773,-1.52%,0.02,1.3484,1.3054,1.58784,0.00649999999999906,1.2886
11-09-2020,1.2793,1.28,1.2866,1.2763,-0.08%,0.0263,1.3484,1.3117,1.58719,0.0352999999999994,1.2965
14-09-2020,1.2844,1.2803,1.292,1.2775,0.40%,0.0263,1.3484,1.298,1.58366,0.0404,1.2972
15-09-2020,1.2886,1.2841,1.2927,1.2815,0.33%,0.0263,1.3484,1.2884,1.57962,0.0367000000000015,1.2915
16-09-2020,1.2965,1.2889,1.3008,1.2874,0.61%,0.0263,1.3484,1.2773,1.57595,0.0452999999999992,1.2814
17-09-2020,1.2972,1.2966,1.3,1.2865,0.05%,0.0263,1.3484,1.2763,1.57142,0.0401000000000007,1.2731
18-09-2020,1.2915,1.2973,1.3001,1.2915,-0.44%,0.0263,1.3404,1.2763,1.56741,0.0410000000000004,1.2722
21-09-2020,1.2814,1.2924,1.2967,1.2774,-0.78%,0.0263,1.3358,1.2763,1.56331,0.0424999999999987,1.2749
22-09-2020,1.2731,1.2812,1.2868,1.271,-0.65%,0.0263,1.332,1.2763,1.55906,0.0470000000000006,1.2745
23-09-2020,1.2722,1.2733,1.2778,1.2674,-0.07%,0.0263,1.3285,1.2763,1.55436,0.0541,1.2827
24-09-2020,1.2749,1.2724,1.2782,1.2689,0.21%,0.0263,1.318,1.2763,1.54895,0.0445999999999991,1.2861
25-09-2020,1.2745,1.2754,1.2806,1.2687,-0.03%,0.0263,1.3036,1.2763,1.54449,0.0227000000000004,1.2916
28-09-2020,1.2827,1.2747,1.2927,1.2744,0.64%,0.0263,1.3036,1.271,1.54222,0.0256000000000007,1.2889
29-09-2020,1.2861,1.2836,1.2903,1.2822,0.27%,0.0192999999999999,1.3008,1.2674,1.53966,-0.00360000000000049,1.2931
30-09-2020,1.2916,1.2864,1.2944,1.2806,0.43%,0.0192999999999999,1.3008,1.2674,1.54002,-0.00609999999999999,1.2977
01-10-2020,1.2889,1.2919,1.298,1.2818,-0.21%,0.0192999999999999,1.3008,1.2674,1.54063,-0.00779999999999959,1.2877
02-10-2020,1.2931,1.2893,1.2955,1.2837,0.33%,0.0192999999999999,1.3008,1.2674,1.54141,-0.000400000000000844,1.2918
05-10-2020,1.2977,1.2933,1.2991,1.2899,0.36%,0.0192999999999999,1.3001,1.2674,1.54145,0.00330000000000119,1.2933
06-10-2020,1.2877,1.2978,1.3008,1.2866,-0.77%,0.0192999999999999,1.3001,1.2674,1.54112,-0.000500000000000611,1.3046
07-10-2020,1.2918,1.2886,1.2931,1.2845,0.32%,0.0192999999999999,1.3008,1.2674,1.54117,0.00380000000000003,1.3064
08-10-2020,1.2933,1.2919,1.2972,1.289,0.12%,0.0183,1.3008,1.2674,1.54079,-0.0106999999999999,1.2934
09-10-2020,1.3046,1.2935,1.3051,1.292,0.87%,0.0183,1.3008,1.2674,1.54186,-0.0202000000000009,1.3011
12-10-2020,1.3064,1.3028,1.3084,1.3004,0.14%,0.0183,1.3051,1.2687,1.54388,-0.0304000000000002,1.2914
13-10-2020,1.2934,1.3064,1.3074,1.2922,-1.00%,0.0183,1.3084,1.2687,1.54692,-0.0309999999999988,1.2913
14-10-2020,1.3011,1.2938,1.3066,1.2862,0.60%,0.0183,1.3084,1.2744,1.55002,-0.0190999999999999,1.2947
15-10-2020,1.2914,1.301,1.3031,1.289,-0.75%,0.0204,1.3084,1.2806,1.55193,-0.0174000000000003,1.2944
16-10-2020,1.2913,1.2916,1.2963,1.2863,-0.01%,0.0204,1.3084,1.2806,1.55367,-0.00520000000000032,1.3144
19-10-2020,1.2947,1.2915,1.3025,1.2889,0.26%,0.0204,1.3084,1.2818,1.55419,0.000400000000000844,1.3081
20-10-2020,1.2944,1.2952,1.298,1.291,-0.02%,0.0204,1.3084,1.2837,1.55415,-0.00590000000000046,1.304
21-10-2020,1.3144,1.2945,1.3178,1.2937,1.55%,0.0204,1.3084,1.2845,1.55474,-0.00120000000000076,1.3023
22-10-2020,1.3081,1.3151,1.3155,1.3069,-0.48%,0.0241,1.3178,1.2845,1.55486,-0.0172999999999988,1.3043
23-10-2020,1.304,1.3083,1.3125,1.3018,-0.31%,0.0241,1.3178,1.2845,1.55659,-0.0197000000000003,1.2981
26-10-2020,1.3023,1.3048,1.3075,1.2993,-0.13%,0.0241,1.3178,1.2862,1.55856,-0.0129000000000001,1.2926
27-10-2020,1.3043,1.3019,1.3081,1.3001,0.15%,0.0241,1.3178,1.2862,1.55985,-0.00839999999999996,1.2941
28-10-2020,1.2981,1.3046,1.3065,1.2917,-0.48%,0.0241,1.3178,1.2862,1.56069,-0.00180000000000113,1.2912
29-10-2020,1.2926,1.2983,1.3027,1.2881,-0.42%,0.0241,1.3178,1.2862,1.56087,0.00810000000000066,1.3058
30-10-2020,1.2941,1.2929,1.2989,1.2898,0.12%,0.0241,1.3178,1.2862,1.56006,0.000899999999999679,1.2985
02-11-2020,1.2912,1.2946,1.2954,1.2853,-0.22%,0.0241,1.3178,1.2863,1.55997,0.00640000000000107,1.3142
03-11-2020,1.3058,1.2916,1.308,1.2903,1.13%,0.0241,1.3178,1.2863,1.55933,0,1.3156
04-11-2020,1.2985,1.306,1.314,1.2914,-0.56%,0.0241,1.3178,1.2881,1.55933,-0.0145,1.3163
05-11-2020,1.3142,1.2989,1.3155,1.293,1.21%,0.0241,1.3178,1.2881,1.56078,-0.00370000000000026,1.3271
06-11-2020,1.3156,1.3144,1.3178,1.3092,0.11%,0.0241,1.3178,1.2853,1.56115,-0.0198999999999998,1.3221
09-11-2020,1.3163,1.3163,1.3209,1.3118,0.05%,0.0226,1.3178,1.2853,1.56314,-0.00120000000000076,1.3114
10-11-2020,1.3271,1.3166,1.3278,1.3155,0.82%,0.0226,1.3209,1.2853,1.56326,-0.0083000000000002,1.3186
11-11-2020,1.3221,1.327,1.331,1.3189,-0.38%,0.0226,1.3278,1.2853,1.56409,-0.0221999999999998,1.3191
12-11-2020,1.3114,1.3222,1.323,1.3105,-0.81%,0.0226,1.331,1.2853,1.56631,-0.0203000000000007,1.3241
13-11-2020,1.3186,1.3118,1.3203,1.3109,0.55%,0.0226,1.331,1.2853,1.56834,-0.00719999999999921,1.3269
16-11-2020,1.3191,1.3179,1.3243,1.3162,0.04%,0.0226,1.331,1.2853,1.56906,-0.0196000000000005,1.3261
17-11-2020,1.3241,1.3195,1.3274,1.3187,0.38%,0.0226,1.331,1.2853,1.57102,-0.0266000000000002,1.3282
18-11-2020,1.3269,1.3244,1.3313,1.3242,0.21%,0.0226,1.331,1.2853,1.57368,-0.0297999999999998,1.3323
19-11-2020,1.3261,1.3275,1.3281,1.3196,-0.06%,0.0226,1.3313,1.2903,1.57666,-0.0358999999999998,1.3356
20-11-2020,1.3282,1.3261,1.3297,1.3245,0.16%,0.0226,1.3313,1.2914,1.58025,-0.0200999999999993,1.3382
23-11-2020,1.3323,1.3274,1.3398,1.3263,0.31%,0.0225,1.3313,1.293,1.58226,-0.0285000000000011,1.3355
24-11-2020,1.3356,1.3325,1.3382,1.3292,0.25%,0.0135000000000001,1.3398,1.3092,1.58511,-0.0180999999999987,1.3314
25-11-2020,1.3382,1.3362,1.3395,1.3304,0.19%,0.0135000000000001,1.3398,1.3105,1.58692,-0.0198999999999998,1.3321
26-11-2020,1.3355,1.3376,1.3399,1.3321,-0.20%,0.0135000000000001,1.3398,1.3105,1.58891,-0.0210000000000008,1.3415
27-11-2020,1.3314,1.3356,1.3383,1.3288,-0.31%,0.0135000000000001,1.3399,1.3105,1.59101,-0.0085999999999995,1.3363
30-11-2020,1.3321,1.3314,1.3386,1.3304,0.05%,0.0135000000000001,1.3399,1.3105,1.59187,-0.00919999999999988,1.3452
01-12-2020,1.3415,1.3325,1.3442,1.3314,0.71%,0.0135000000000001,1.3399,1.3109,1.59279,-0.0206999999999997,1.3437
02-12-2020,1.3363,1.3423,1.3442,1.3287,-0.39%,0.0135000000000001,1.3442,1.3162,1.59486,-0.0244,1.3376
03-12-2020,1.3452,1.3361,1.35,1.3353,0.67%,0.0155000000000001,1.3442,1.3187,1.5973,-0.0166000000000004,1.3353
04-12-2020,1.3437,1.3447,1.3541,1.3411,-0.11%,0.0155000000000001,1.35,1.3196,1.59896,-0.0202999999999989,1.3396
07-12-2020,1.3376,1.3449,1.3449,1.3225,-0.45%,0.0155000000000001,1.3541,1.3196,1.60099,-0.0174000000000021,1.3293
08-12-2020,1.3353,1.3378,1.3393,1.329,-0.17%,0.0224,1.3541,1.3245,1.60273,-0.0117000000000012,1.3223
09-12-2020,1.3396,1.3355,1.3478,1.335,0.32%,0.0224,1.3541,1.3263,1.6039,-0.00809999999999889,1.3322
10-12-2020,1.3293,1.3403,1.3414,1.3246,-0.77%,0.0224,1.3541,1.3287,1.60471,-0.00779999999999959,1.3461
11-12-2020,1.3223,1.3296,1.3326,1.3134,-0.53%,0.0224,1.3541,1.3225,1.60549,0.00659999999999883,1.3507
14-12-2020,1.3322,1.3281,1.3447,1.3274,0.75%,0.0224,1.3541,1.3225,1.60483,0.00950000000000273,1.3582
15-12-2020,1.3461,1.3323,1.347,1.328,1.04%,0.0224,1.3541,1.3225,1.60388,0.00329999999999941,1.352
16-12-2020,1.3507,1.346,1.3554,1.3434,0.34%,0.0224,1.3541,1.3225,1.60355,-0.0146000000000015,1.3463
17-12-2020,1.3582,1.351,1.3626,1.3494,0.56%,0.0224,1.3554,1.3134,1.60501,-0.0184999999999995,1.336
18-12-2020,1.352,1.3586,1.3592,1.3471,-0.46%,0.0224,1.3626,1.3134,1.60686,-0.0163000000000011,1.3492
21-12-2020,1.3463,1.3475,1.3498,1.3189,-0.42%,0.0224,1.3626,1.3134,1.60849,-0.0113999999999983,1.3555
22-12-2020,1.336,1.3465,1.347,1.3304,-0.77%,0.0309000000000002,1.3626,1.3134,1.60963,-0.00179999999999936,1.3548
23-12-2020,1.3492,1.3362,1.3572,1.3352,0.99%,0.0309000000000002,1.3626,1.3134,1.60981,0.00869999999999749,1.3449
24-12-2020,1.3555,1.3496,1.3621,1.3489,0.47%,0.0309000000000002,1.3626,1.3134,1.60894,-0.0117999999999974,1.35
25-12-2020,1.3548,1.3557,1.3591,1.355,-0.05%,0.0309000000000002,1.3626,1.3134,1.61012,-0.0202000000000027,1.3622
28-12-2020,1.3449,1.3546,1.3577,1.3429,-0.73%,0.0309000000000002,1.3626,1.3134,1.61214,-0.0142999999999986,1.3673
29-12-2020,1.35,1.345,1.3524,1.3447,0.38%,0.0309000000000002,1.3626,1.3134,1.61357,-0.0153999999999996,1.3671
30-12-2020,1.3622,1.3503,1.3627,1.3493,0.90%,0.0309000000000002,1.3626,1.3189,1.61511,-0.0222000000000016,1.3569
31-12-2020,1.3673,1.3624,1.3687,1.3605,0.37%,0.0309000000000002,1.3627,1.3189,1.61733,-0.0300999999999974,1.3624
01-01-2021,1.3671,1.3672,1.3683,1.3672,-0.01%,0.0309000000000002,1.3687,1.3189,1.62034,-0.0212000000000003,1.3607
04-01-2021,1.3569,1.3665,1.3705,1.3541,-0.75%,0.0309000000000002,1.3687,1.3189,1.62246,-0.0154999999999994,1.3563
05-01-2021,1.3624,1.3572,1.3642,1.3554,0.41%,0.0309000000000002,1.3705,1.3189,1.62401,0.00139999999999674,1.3563
06-01-2021,1.3607,1.3626,1.3672,1.3539,-0.12%,0.0309000000000002,1.3705,1.3189,1.62387,-0.0150999999999968,1.3514
07-01-2021,1.3563,1.3608,1.3634,1.3532,-0.32%,0.022,1.3705,1.3304,1.62538,-0.0143000000000022,1.3663
08-01-2021,1.3563,1.3565,1.3636,1.3538,0.00%,0.022,1.3705,1.3352,1.62681,-0.0202999999999989,1.3637
11-01-2021,1.3514,1.3567,1.3568,1.3451,-0.36%,0.0164,1.3705,1.3429,1.62884,-0.00710000000000122,1.3687
12-01-2021,1.3663,1.3521,1.3671,1.3504,1.10%,0.0164,1.3705,1.3429,1.62955,0.00359999999999872,1.3586
13-01-2021,1.3637,1.3667,1.3701,1.3612,-0.19%,0.0166999999999999,1.3705,1.3429,1.62919,-0.0121000000000002,1.3584
14-01-2021,1.3687,1.364,1.3711,1.3615,0.37%,0.0166999999999999,1.3705,1.3447,1.6304,-0.0189999999999984,1.3628
15-01-2021,1.3586,1.3688,1.37,1.3571,-0.74%,0.0166999999999999,1.3711,1.3451,1.6323,-0.0184999999999995,1.3653
18-01-2021,1.3584,1.3594,1.3599,1.352,-0.01%,0.0166999999999999,1.3711,1.3451,1.63415,0.00300000000000011,1.3732
19-01-2021,1.3628,1.3587,1.3637,1.3572,0.32%,0.0166999999999999,1.3711,1.3451,1.63385,0.00849999999999795,1.3684
20-01-2021,1.3653,1.3629,1.372,1.3622,0.18%,0.0166999999999999,1.3711,1.3451,1.633,0.00360000000000227,1.3674
21-01-2021,1.3732,1.3655,1.3747,1.365,0.58%,0.0166999999999999,1.372,1.3451,1.63264,-0.00830000000000197,1.3733
22-01-2021,1.3684,1.3733,1.3738,1.3635,-0.35%,0.0166999999999999,1.3747,1.3451,1.63347,-0.0106999999999999,1.3686
25-01-2021,1.3674,1.368,1.3725,1.3649,-0.07%,0.0166999999999999,1.3747,1.3451,1.63454,-0.00719999999999743,1.3718
26-01-2021,1.3733,1.3674,1.3745,1.3609,0.43%,0.0166999999999999,1.3747,1.3451,1.63526,-0.010900000000003,1.3702
27-01-2021,1.3686,1.3736,1.3761,1.3658,-0.34%,0.0166999999999999,1.3747,1.3451,1.63635,-0.0168999999999997,1.3661
28-01-2021,1.3718,1.3688,1.3747,1.3629,0.23%,0.0166999999999999,1.3761,1.3504,1.63804,-0.0167000000000002,1.3665
29-01-2021,1.3702,1.3721,1.3752,1.3657,-0.12%,0.0136000000000001,1.3761,1.352,1.63971,-0.00539999999999807,1.3644
01-02-2021,1.3661,1.3713,1.3759,1.3656,-0.30%,0.0136000000000001,1.3761,1.352,1.64025,-0.00730000000000075,1.367
02-02-2021,1.3665,1.3664,1.3712,1.3611,0.03%,0.0136000000000001,1.3761,1.352,1.64098,0.00240000000000151,1.3733
03-02-2021,1.3644,1.3667,1.3685,1.3619,-0.15%,0.0136000000000001,1.3761,1.352,1.64074,-0.00730000000000075,1.3738
04-02-2021,1.367,1.3646,1.3699,1.3566,0.19%,0.0136000000000001,1.3761,1.3572,1.64147,-0.00590000000000046,1.3814
05-02-2021,1.3733,1.3672,1.3742,1.366,0.46%,0.0136000000000001,1.3761,1.3609,1.64206,-0.00430000000000064,1.3828
08-02-2021,1.3738,1.3729,1.375,1.368,0.04%,0.0136000000000001,1.3761,1.3609,1.64249,-0.00740000000000052,1.3815
09-02-2021,1.3814,1.3741,1.3821,1.3736,0.55%,0.0136000000000001,1.3761,1.3609,1.64323,-0.000799999999998136,1.3844
10-02-2021,1.3828,1.3816,1.3867,1.3802,0.10%,0.0136000000000001,1.3821,1.3566,1.64331,-0.0136000000000003,1.3903
11-02-2021,1.3815,1.3832,1.386,1.38,-0.09%,0.0136000000000001,1.3867,1.3566,1.64467,-0.0157999999999987,1.3901
12-02-2021,1.3844,1.3816,1.3864,1.3774,0.21%,0.0132999999999999,1.3867,1.3566,1.64625,-0.00800000000000267,1.3853
15-02-2021,1.3903,1.3846,1.392,1.3846,0.43%,0.0132999999999999,1.3867,1.3566,1.64705,-0.0157999999999987,1.3971
16-02-2021,1.3901,1.3903,1.3952,1.3868,-0.01%,0.0132999999999999,1.392,1.3566,1.64863,-0.0182000000000002,1.4014
17-02-2021,1.3853,1.3902,1.3912,1.3829,-0.35%,0.0132999999999999,1.3952,1.3566,1.65045,-0.0188999999999986,1.4061
18-02-2021,1.3971,1.3853,1.3987,1.3839,0.85%,0.0132999999999999,1.3952,1.3566,1.65234,-0.0189000000000021,1.411
19-02-2021,1.4014,1.3975,1.4037,1.3951,0.31%,0.0148000000000001,1.3987,1.3566,1.65423,-0.0307999999999993,1.4139
22-02-2021,1.4061,1.4015,1.4087,1.398,0.34%,0.0148000000000001,1.4037,1.3566,1.65731,-0.0368999999999993,1.4013
23-02-2021,1.411,1.4063,1.4117,1.4054,0.35%,0.0148000000000001,1.4087,1.366,1.661,-0.0391000000000012,1.3932
24-02-2021,1.4139,1.411,1.4237,1.4081,0.21%,0.0148000000000001,1.4117,1.368,1.66491,-0.0381,1.3922
25-02-2021,1.4013,1.4136,1.4182,1.4,-0.89%,0.0156000000000001,1.4237,1.3736,1.66872,-0.0395000000000003,1.3953
26-02-2021,1.3932,1.4015,1.4028,1.3887,-0.58%,0.0182,1.4237,1.3774,1.67267,-0.0198999999999998,1.3953
01-03-2021,1.3922,1.3939,1.4,1.3903,-0.07%,0.0182,1.4237,1.3774,1.67466,-0.0106999999999999,1.3894
02-03-2021,1.3953,1.3923,1.3978,1.3858,0.22%,0.0182,1.4237,1.3774,1.67573,-0.0106999999999999,1.3841
03-03-2021,1.3953,1.3953,1.4008,1.392,0.00%,0.0182,1.4237,1.3829,1.6768,-0.0106999999999999,1.3824
04-03-2021,1.3894,1.3954,1.4017,1.3879,-0.42%,0.0182,1.4237,1.3829,1.67787,-0.00509999999999877,1.3893
05-03-2021,1.3841,1.3896,1.3908,1.3779,-0.38%,0.0182,1.4237,1.3829,1.67838,0.000599999999998602,1.393
08-03-2021,1.3824,1.3837,1.3866,1.38,-0.12%,0.0182,1.4237,1.3839,1.67832,0.00159999999999982,1.399
09-03-2021,1.3893,1.3827,1.3927,1.3801,0.50%,0.0182,1.4237,1.3858,1.67816,0.014800000000001,1.3922
10-03-2021,1.393,1.3893,1.3939,1.3845,0.27%,0.0182,1.4237,1.3858,1.67668,0.0122,1.3893
11-03-2021,1.399,1.3934,1.3995,1.3917,0.43%,0.0182,1.4237,1.3779,1.67546,0.0128999999999984,1.3887
12-03-2021,1.3922,1.3989,1.4006,1.3863,-0.49%,0.0182,1.4237,1.3779,1.67417,0.0121000000000002,1.3963
15-03-2021,1.3893,1.392,1.3951,1.3851,-0.21%,0.0182,1.4182,1.3779,1.67296,0.021600000000003,1.392
16-03-2021,1.3887,1.3899,1.3908,1.3808,-0.04%,0.0143,1.4028,1.3779,1.6708,0.0115999999999978,1.3868
17-03-2021,1.3963,1.389,1.3972,1.3851,0.55%,0.0143,1.4017,1.3779,1.66964,0.00489999999999924,1.3863
18-03-2021,1.392,1.3968,1.4002,1.3896,-0.31%,0.0143,1.4017,1.3779,1.66915,-0.00449999999999662,1.375
19-03-2021,1.3868,1.3924,1.3959,1.383,-0.37%,0.0143,1.4017,1.3779,1.6696,0.00289999999999679,1.3683
22-03-2021,1.3863,1.3866,1.3878,1.3817,-0.04%,0.0143,1.4017,1.3779,1.66931,0.00880000000000081,1.3732
23-03-2021,1.375,1.3863,1.3868,1.374,-0.82%,0.0143,1.4006,1.3779,1.66843,0.00329999999999941,1.3787
24-03-2021,1.3683,1.3752,1.3762,1.3673,-0.49%,0.0143,1.4006,1.38,1.6681,0.00850000000000151,1.3759
25-03-2021,1.3732,1.3687,1.3747,1.367,0.36%,0.0143,1.4006,1.3801,1.66725,0.0139999999999993,1.3739
26-03-2021,1.3787,1.3731,1.3814,1.3728,0.40%,0.0143,1.4006,1.3808,1.66585,0.0162000000000013,1.3779
29-03-2021,1.3759,1.3793,1.3848,1.3756,-0.20%,0.0143,1.4006,1.374,1.66423,0.0140999999999991,1.383
30-03-2021,1.3739,1.3763,1.3785,1.3706,-0.15%,0.0143,1.4006,1.3673,1.66282,0.0226000000000006,1.3829
31-03-2021,1.3779,1.374,1.3813,1.3715,0.29%,0.0128999999999999,1.4002,1.367,1.66056,0.0179999999999971,1.3897
01-04-2021,1.383,1.3781,1.3837,1.3745,0.37%,0.0128999999999999,1.4002,1.367,1.65876,0.0118000000000009,1.3823
02-04-2021,1.3829,1.3833,1.3854,1.3813,-0.01%,0.0128999999999999,1.4002,1.367,1.65758,0.00570000000000093,1.3734
05-04-2021,1.3897,1.3827,1.3915,1.3813,0.49%,0.0128999999999999,1.4002,1.367,1.65701,0.0140999999999991,1.3733
06-04-2021,1.3823,1.3902,1.392,1.3801,-0.53%,0.0128999999999999,1.3959,1.367,1.6556,0.00220000000000198,1.3708
07-04-2021,1.3734,1.3825,1.3841,1.3723,-0.64%,0.0127999999999999,1.392,1.367,1.65538,0.00409999999999755,1.374
08-04-2021,1.3733,1.3736,1.3783,1.3719,-0.01%,0.0127999999999999,1.392,1.367,1.65497,0.0127000000000024,1.3748
09-04-2021,1.3708,1.3734,1.3751,1.367,-0.18%,0.0118999999999998,1.392,1.367,1.6537,0.00179999999999936,1.3778
12-04-2021,1.374,1.371,1.3778,1.3669,0.23%,0.0118999999999998,1.392,1.367,1.65352,-0.00230000000000175,1.3786
13-04-2021,1.3748,1.374,1.377,1.3694,0.06%,0.0118999999999998,1.392,1.3706,1.65375,-0.000899999999997903,1.383
14-04-2021,1.3778,1.3749,1.3809,1.3748,0.22%,0.0118999999999998,1.392,1.3706,1.65384,0.0044000000000004,1.3983
15-04-2021,1.3786,1.378,1.3809,1.3762,0.06%,0.0118999999999998,1.392,1.367,1.6534,-0.00169999999999959,1.3936
16-04-2021,1.383,1.3784,1.3844,1.3716,0.32%,0.0118999999999998,1.392,1.3669,1.65357,-0.0044000000000004,1.3929
19-04-2021,1.3983,1.3827,1.3994,1.3809,1.11%,0.0128000000000001,1.392,1.3669,1.65401,-0.00459999999999994,1.3836
20-04-2021,1.3936,1.3987,1.401,1.3925,-0.34%,0.0185,1.3994,1.3669,1.65447,-0.0153999999999996,1.3874
21-04-2021,1.3929,1.3937,1.3951,1.3886,-0.05%,0.0185,1.401,1.3669,1.65601,-0.0110000000000028,1.3896
22-04-2021,1.3836,1.3931,1.3951,1.3823,-0.67%,0.0185,1.401,1.3669,1.65711,-0.00290000000000035,1.3912
23-04-2021,1.3874,1.3838,1.3896,1.3834,0.27%,0.0185,1.401,1.3669,1.6574,-0.00129999999999697,1.3932
26-04-2021,1.3896,1.3873,1.393,1.3864,0.16%,0.0185,1.401,1.3669,1.65753,-0.0137,1.394
27-04-2021,1.3912,1.3898,1.3924,1.3858,0.12%,0.0185,1.401,1.3669,1.6589,-0.0164000000000009,1.3814
28-04-2021,1.3932,1.3916,1.3951,1.386,0.14%,0.0185,1.401,1.3669,1.66054,-0.0206000000000017,1.3909
29-04-2021,1.394,1.3938,1.3978,1.3931,0.06%,0.0185,1.401,1.3694,1.6626,-0.0198,1.3885
30-04-2021,1.3814,1.3942,1.3959,1.3801,-0.90%,0.0185,1.401,1.3716,1.66458,-0.0192999999999977,1.3903
03-05-2021,1.3909,1.3827,1.3932,1.38,0.69%,0.0185,1.401,1.3716,1.66651,-0.0046999999999997,1.3885
04-05-2021,1.3885,1.3911,1.3916,1.3837,-0.17%,0.0185,1.401,1.3716,1.66698,-0.0127000000000024,1.3972
05-05-2021,1.3903,1.3887,1.3927,1.3874,0.13%,0.0185,1.401,1.3809,1.66825,-0.00600000000000023,1.412
06-05-2021,1.3885,1.3903,1.3942,1.3856,-0.13%,0.0157999999999998,1.401,1.3801,1.66885,0.00840000000000174,1.4141
07-05-2021,1.3972,1.3887,1.4007,1.3886,0.63%,0.0157999999999998,1.3978,1.38,1.66801,0.00499999999999901,1.4052
10-05-2021,1.412,1.398,1.4159,1.3978,1.06%,0.0157999999999998,1.4007,1.38,1.66751,-0.00489999999999924,1.405
11-05-2021,1.4141,1.4117,1.4167,1.4103,0.15%,0.0181,1.4159,1.38,1.668,-0.0278999999999989,1.4096
12-05-2021,1.4052,1.4141,1.4155,1.405,-0.63%,0.0181,1.4167,1.38,1.67079,-0.0268000000000015,1.4134
13-05-2021,1.405,1.4054,1.4079,1.4004,-0.01%,0.0181,1.4167,1.38,1.67347,-0.0155999999999992,1.4187
14-05-2021,1.4096,1.4052,1.4112,1.4036,0.33%,0.0181,1.4167,1.38,1.67503,-0.0136000000000003,1.4113
17-05-2021,1.4134,1.409,1.4147,1.4076,0.27%,0.0181,1.4167,1.38,1.67639,-0.0152000000000001,1.4189
18-05-2021,1.4187,1.4131,1.422,1.4129,0.37%,0.0181,1.4167,1.38,1.67791,-0.0189000000000021,1.4147
19-05-2021,1.4113,1.419,1.4202,1.41,-0.52%,0.0181,1.422,1.38,1.6798,-0.0362999999999971,1.4155
20-05-2021,1.4189,1.411,1.4194,1.4101,0.54%,0.0181,1.422,1.3837,1.68343,-0.0198999999999998,1.4151
21-05-2021,1.4147,1.419,1.4234,1.4139,-0.30%,0.0181,1.422,1.3856,1.68542,-0.0303000000000004,1.4118
24-05-2021,1.4155,1.4159,1.4173,1.411,0.06%,0.0181,1.4234,1.3856,1.68845,-0.0256000000000007,1.4205
25-05-2021,1.4151,1.4157,1.4211,1.4116,-0.03%,0.0181,1.4234,1.3886,1.69101,-0.027000000000001,1.4187
26-05-2021,1.4118,1.4153,1.4177,1.4111,-0.23%,0.0181,1.4234,1.3978,1.69371,-0.0172999999999988,1.4209
27-05-2021,1.4205,1.4122,1.422,1.4091,0.62%,0.0105,1.4234,1.4004,1.69544,-0.000499999999998835,1.4146
28-05-2021,1.4187,1.4207,1.4212,1.4136,-0.13%,0.0128999999999999,1.4234,1.4004,1.69549,-0.00660000000000238,1.4168
31-05-2021,1.4209,1.418,1.4218,1.4164,0.16%,0.0128999999999999,1.4234,1.4004,1.69615,-0.0125999999999991,1.4103
01-06-2021,1.4146,1.4213,1.425,1.4146,-0.44%,0.0128999999999999,1.4234,1.4036,1.69741,-0.0161000000000016,1.4154
02-06-2021,1.4168,1.4153,1.4184,1.4111,0.16%,0.0128999999999999,1.425,1.4076,1.69902,-0.00629999999999953,1.4178
03-06-2021,1.4103,1.4171,1.4203,1.4087,-0.46%,0.0128999999999999,1.425,1.4091,1.69965,-0.00399999999999778,1.4155
04-06-2021,1.4154,1.4105,1.4202,1.4082,0.36%,0.0128999999999999,1.425,1.4091,1.70005,0.00849999999999795,1.4118
07-06-2021,1.4178,1.4171,1.4191,1.4111,0.17%,0.0128999999999999,1.425,1.4091,1.6992,-0.00609999999999999,1.4173
08-06-2021,1.4155,1.4183,1.4187,1.4121,-0.16%,0.0128999999999999,1.425,1.4091,1.69981,0.000700000000001921,1.4106
09-06-2021,1.4118,1.4159,1.4191,1.4109,-0.26%,0.0128999999999999,1.425,1.4087,1.69974,0,1.4112
10-06-2021,1.4173,1.4121,1.418,1.4073,0.39%,0.0128999999999999,1.425,1.4082,1.69974,0.00359999999999872,1.408
11-06-2021,1.4106,1.4177,1.4187,1.4095,-0.47%,0.0128999999999999,1.425,1.4082,1.69938,-0.00239999999999796,1.3987
14-06-2021,1.4112,1.4119,1.4124,1.4069,0.04%,0.0128999999999999,1.425,1.4082,1.69962,0.000299999999999301,1.3919
15-06-2021,1.408,1.4114,1.413,1.4033,-0.23%,0.012,1.425,1.4082,1.69959,0.00929999999999964,1.3809
16-06-2021,1.3987,1.4081,1.4133,1.3981,-0.66%,0.012,1.425,1.4073,1.69866,0.00989999999999824,1.3929
17-06-2021,1.3919,1.3988,1.4009,1.3895,-0.49%,0.0152000000000001,1.425,1.4073,1.69767,0.0225000000000009,1.3947
18-06-2021,1.3809,1.3921,1.3945,1.3792,-0.79%,0.0152000000000001,1.4203,1.4069,1.69542,0.0231999999999992,1.3959
21-06-2021,1.3929,1.3811,1.3937,1.3786,0.87%,0.0153000000000001,1.4203,1.4033,1.6931,0.0360000000000014,1.3922
22-06-2021,1.3947,1.3931,1.3965,1.386,0.13%,0.0153000000000001,1.4202,1.3981,1.6895,0.0173999999999985,1.3877
23-06-2021,1.3959,1.3948,1.4002,1.3923,0.09%,0.0153000000000001,1.4191,1.3895,1.68776,0.0223000000000013,1.3883
24-06-2021,1.3922,1.3963,1.3987,1.3889,-0.27%,0.0153000000000001,1.4191,1.3792,1.68553,0.0219999999999985,1.3835
25-06-2021,1.3877,1.3923,1.3937,1.3871,-0.32%,0.0153000000000001,1.4191,1.3786,1.68333,0.0236000000000018,1.3827
28-06-2021,1.3883,1.3884,1.3941,1.387,0.04%,0.0153000000000001,1.4187,1.3786,1.68097,0.0236999999999981,1.3767
29-06-2021,1.3835,1.3885,1.3888,1.3814,-0.35%,0.0153000000000001,1.4187,1.3786,1.6786,0.029200000000003,1.3821
30-06-2021,1.3827,1.3839,1.3873,1.3798,-0.06%,0.0153000000000001,1.4133,1.3786,1.67568,0.0279999999999987,1.3845
01-07-2021,1.3767,1.3829,1.3836,1.3752,-0.43%,0.0153000000000001,1.4133,1.3786,1.67288,0.0285000000000011,1.3799
02-07-2021,1.3821,1.3769,1.3845,1.3732,0.39%,0.0153000000000001,1.4133,1.3786,1.67003,0.0311999999999983,1.38
05-07-2021,1.3845,1.3822,1.3863,1.3817,0.17%,0.0153000000000001,1.4009,1.3786,1.66691,0.0166000000000004,1.3785
06-07-2021,1.3799,1.3844,1.39,1.3772,-0.33%,0.0153000000000001,1.4002,1.3786,1.66525,0.00769999999999982,1.3899
07-07-2021,1.38,1.3801,1.3843,1.3754,0.01%,0.0150999999999999,1.4002,1.3752,1.66448,0.00100000000000122,1.388
08-07-2021,1.3785,1.3801,1.3807,1.3741,-0.11%,0.0127999999999999,1.4002,1.3732,1.66438,0.0129999999999981,1.3808
09-07-2021,1.3899,1.3788,1.3909,1.3756,0.83%,0.0127999999999999,1.4002,1.3732,1.66308,0.0159999999999982,1.3856
12-07-2021,1.388,1.3902,1.3911,1.3838,-0.14%,0.0153000000000001,1.3987,1.3732,1.66148,0.00610000000000355,1.3828
13-07-2021,1.3808,1.3885,1.3907,1.38,-0.52%,0.0153000000000001,1.3941,1.3732,1.66087,0.00379999999999825,1.3772
14-07-2021,1.3856,1.3814,1.3893,1.3801,0.35%,0.0153000000000001,1.3941,1.3732,1.66049,0.00700000000000145,1.3672
15-07-2021,1.3828,1.3858,1.39,1.3805,-0.20%,0.0153000000000001,1.3911,1.3732,1.65979,0.00269999999999726,1.3626
16-07-2021,1.3772,1.383,1.3863,1.3759,-0.40%,0.0153000000000001,1.3911,1.3732,1.65952,0.000900000000001455,1.371
19-07-2021,1.3672,1.3787,1.3787,1.3655,-0.73%,0.0153000000000001,1.3911,1.3732,1.65943,0.00420000000000087,1.3763
20-07-2021,1.3626,1.3678,1.369,1.3571,-0.34%,0.0153000000000001,1.3911,1.3732,1.65901,0.00910000000000011,1.3745
21-07-2021,1.371,1.3629,1.3724,1.3591,0.62%,0.0153000000000001,1.3911,1.3741,1.6581,0.0192999999999977,1.3816
22-07-2021,1.3763,1.3714,1.3787,1.369,0.39%,0.0153000000000001,1.3911,1.3741,1.65617,0.0130000000000017,1.3874
23-07-2021,1.3745,1.3767,1.3781,1.372,-0.13%,0.0153000000000001,1.3911,1.3655,1.65487,0.00339999999999918,1.3898
26-07-2021,1.3816,1.3754,1.3835,1.3736,0.52%,0.0153000000000001,1.3911,1.3571,1.65453,0.0046999999999997,1.3961
27-07-2021,1.3874,1.3818,1.3895,1.3766,0.42%,0.0153000000000001,1.3911,1.3571,1.65406,-0.00300000000000011,1.3901
28-07-2021,1.3898,1.3881,1.3911,1.3844,0.17%,0.0133000000000001,1.3911,1.3571,1.65436,0.00210000000000221,1.3881
29-07-2021,1.3961,1.39,1.3983,1.3895,0.45%,0.0133000000000001,1.3911,1.3571,1.65415,-0.00150000000000006,1.3914
30-07-2021,1.3901,1.3961,1.3985,1.3887,-0.43%,0.0133000000000001,1.3983,1.3571,1.6543,-0.0147000000000013,1.3885
02-08-2021,1.3881,1.3901,1.3934,1.3875,-0.14%,0.0133000000000001,1.3985,1.3571,1.65577,-0.00429999999999708,1.3928
03-08-2021,1.3914,1.3883,1.3939,1.3879,0.24%,0.0133000000000001,1.3985,1.3571,1.6562,-0.00530000000000186,1.3871
04-08-2021,1.3885,1.3916,1.3958,1.3885,-0.21%,0.0133000000000001,1.3985,1.3571,1.65673,-0.0128999999999984,1.3844
05-08-2021,1.3928,1.3889,1.395,1.3872,0.31%,0.0133000000000001,1.3985,1.3571,1.65802,-0.0211000000000006,1.3843
06-08-2021,1.3871,1.393,1.3937,1.386,-0.41%,0.0133000000000001,1.3985,1.3591,1.66013,-0.0301000000000009,1.3872
09-08-2021,1.3844,1.388,1.3895,1.3841,-0.19%,0.0128999999999999,1.3985,1.369,1.66314,-0.0166000000000004,1.3804
10-08-2021,1.3843,1.3846,1.3873,1.3827,-0.01%,0.0128999999999999,1.3985,1.372,1.6648,-0.00789999999999935,1.3863
11-08-2021,1.3872,1.3845,1.3888,1.3802,0.21%,0.0128999999999999,1.3985,1.3736,1.66559,-0.00910000000000011,1.385
12-08-2021,1.3804,1.3873,1.3879,1.3794,-0.49%,0.0128999999999999,1.3985,1.3766,1.6665,-0.00550000000000139,1.3739
13-08-2021,1.3863,1.3809,1.3876,1.3791,0.43%,0.00980000000000003,1.3985,1.3841,1.66705,0.00720000000000098,1.3755
16-08-2021,1.385,1.3839,1.3879,1.3828,-0.09%,0.00980000000000003,1.3985,1.3827,1.66633,0.00609999999999999,1.3638
17-08-2021,1.3739,1.385,1.3855,1.3726,-0.80%,0.00980000000000003,1.3985,1.3802,1.66572,0.011099999999999,1.3621
18-08-2021,1.3755,1.3741,1.3786,1.3727,0.12%,0.0128999999999999,1.3958,1.3794,1.66461,0.0160000000000018,1.3717
19-08-2021,1.3638,1.3757,1.376,1.3632,-0.85%,0.0128999999999999,1.3958,1.3791,1.66301,0.0125999999999991,1.3727
20-08-2021,1.3621,1.3642,1.3649,1.3601,-0.12%,0.0128999999999999,1.3958,1.3791,1.66175,0.0274000000000001,1.3759
23-08-2021,1.3717,1.3633,1.3734,1.3613,0.70%,0.0128999999999999,1.395,1.3726,1.65901,0.0256000000000007,1.3699
24-08-2021,1.3727,1.3717,1.3749,1.3693,0.07%,0.0128999999999999,1.3937,1.3726,1.65645,0.0213000000000001,1.3757
25-08-2021,1.3759,1.3729,1.3767,1.3697,0.23%,0.0128999999999999,1.3895,1.3632,1.65432,0.0151000000000003,1.3758
26-08-2021,1.3699,1.3761,1.377,1.3688,-0.44%,0.0128999999999999,1.3888,1.3601,1.65281,0.00849999999999795,1.3754
27-08-2021,1.3757,1.3698,1.3781,1.3679,0.42%,0.0128999999999999,1.3888,1.3601,1.65196,0.0147000000000013,1.3768
30-08-2021,1.3758,1.3758,1.3776,1.3734,0.01%,0.0128999999999999,1.3879,1.3601,1.65049,0.0114999999999981,1.3829
31-08-2021,1.3754,1.3761,1.3807,1.3742,-0.03%,0.0128999999999999,1.3879,1.3601,1.64934,0.00480000000000302,1.3865
01-09-2021,1.3768,1.3753,1.38,1.373,0.10%,0.0128999999999999,1.3879,1.3601,1.64886,0.00859999999999772,1.3834
02-09-2021,1.3829,1.3776,1.3841,1.3767,0.44%,0.0128999999999999,1.3855,1.3601,1.648,0.00740000000000052,1.3782
03-09-2021,1.3865,1.3833,1.3893,1.3817,0.26%,0.0127999999999999,1.3841,1.3601,1.64726,-0.00919999999999988,1.3768
06-09-2021,1.3834,1.3863,1.3871,1.3819,-0.22%,0.0127999999999999,1.3893,1.3601,1.64818,-0.0106000000000002,1.3835
07-09-2021,1.3782,1.3836,1.3858,1.3767,-0.38%,0.0121,1.3893,1.3601,1.64924,-0.019400000000001,1.3839
08-09-2021,1.3768,1.3788,1.3792,1.3726,-0.10%,0.0121,1.3893,1.3613,1.65118,-0.0154999999999994,1.3836
09-09-2021,1.3835,1.377,1.3864,1.3753,0.49%,0.0102000000000002,1.3893,1.3679,1.65273,-0.00529999999999831,1.3806
10-09-2021,1.3839,1.3838,1.3889,1.3826,0.03%,0.0111000000000001,1.3893,1.3679,1.65326,-0.010900000000003,1.3837
13-09-2021,1.3836,1.3843,1.3852,1.3796,-0.02%,0.0111000000000001,1.3893,1.3679,1.65435,-0.00819999999999865,1.3788
14-09-2021,1.3806,1.3835,1.3914,1.3802,-0.22%,0.0111000000000001,1.3893,1.3679,1.65517,-0.0137,1.3742
15-09-2021,1.3837,1.3811,1.3855,1.3792,0.22%,0.0111999999999999,1.3914,1.3726,1.65654,-0.00529999999999831,1.3657
16-09-2021,1.3788,1.3837,1.3853,1.3764,-0.35%,0.0111999999999999,1.3914,1.3726,1.65707,-0.00760000000000005,1.3659
17-09-2021,1.3742,1.3792,1.3814,1.3727,-0.33%,0.0111999999999999,1.3914,1.3726,1.65783,-0.00390000000000157,1.3625
20-09-2021,1.3657,1.3746,1.3755,1.364,-0.62%,0.0111999999999999,1.3914,1.3726,1.65822,0.00300000000000011,1.3716
21-09-2021,1.3659,1.3657,1.3693,1.3641,0.01%,0.0114999999999998,1.3914,1.3726,1.65792,0.0176000000000016,1.3682
22-09-2021,1.3625,1.3658,1.3691,1.3609,-0.25%,0.0114999999999998,1.3914,1.3726,1.65616,0.0204999999999984,1.3695
23-09-2021,1.3716,1.3628,1.3751,1.3612,0.67%,0.0114999999999998,1.3914,1.3726,1.65411,0.0208000000000013,1.3534
24-09-2021,1.3682,1.3721,1.3737,1.3657,-0.25%,0.0139,1.3914,1.364,1.65203,0.0066999999999986,1.3422
27-09-2021,1.3695,1.368,1.3729,1.3657,0.10%,0.0139,1.3914,1.364,1.65136,0.00900000000000034,1.3472
28-09-2021,1.3534,1.3699,1.3719,1.352,-1.18%,0.0139,1.3914,1.3609,1.65046,0.0138999999999996,1.3545
29-09-2021,1.3422,1.3535,1.3556,1.3412,-0.83%,0.0198999999999998,1.3914,1.3609,1.64907,0.0307999999999993,1.3613
30-09-2021,1.3472,1.3424,1.3519,1.3415,0.37%,0.0198999999999998,1.3914,1.3609,1.64599,0.0411000000000001,1.3629
01-10-2021,1.3545,1.3472,1.3577,1.3434,0.54%,0.0198999999999998,1.3855,1.3609,1.64188,0.0339000000000027,1.358
04-10-2021,1.3613,1.3548,1.3641,1.3532,0.50%,0.0198999999999998,1.3853,1.352,1.63849,0.0288999999999966,1.3617
05-10-2021,1.3629,1.3615,1.3649,1.3584,0.12%,0.0198999999999998,1.3814,1.3412,1.6356,0.0177000000000014,1.3611
06-10-2021,1.358,1.3632,1.3637,1.3543,-0.36%,0.0198999999999998,1.3755,1.3412,1.63383,0.0114000000000019,1.3595
07-10-2021,1.3617,1.3578,1.364,1.357,0.27%,0.0198999999999998,1.3751,1.3412,1.63269,0.00789999999999935,1.3585
08-10-2021,1.3611,1.3618,1.3657,1.3583,-0.04%,0.0198999999999998,1.3751,1.3412,1.6319,0.00399999999999778,1.3659
11-10-2021,1.3595,1.3613,1.3675,1.3584,-0.12%,0.0198999999999998,1.3751,1.3412,1.6315,0.00150000000000006,1.3673
12-10-2021,1.3585,1.3599,1.3638,1.3569,-0.07%,0.0198999999999998,1.3737,1.3412,1.63135,0.0122,1.3749
13-10-2021,1.3659,1.3588,1.3665,1.3576,0.54%,0.0198999999999998,1.3729,1.3412,1.63013,0.00920000000000343,1.3725
14-10-2021,1.3673,1.3657,1.3736,1.3654,0.10%,0.0198999999999998,1.3719,1.3412,1.62921,0.00419999999999732,1.3795
15-10-2021,1.3749,1.3673,1.3774,1.3667,0.56%,0.0144,1.3736,1.3412,1.62879,-0.0137999999999998,1.3824
18-10-2021,1.3725,1.3751,1.3766,1.3708,-0.17%,0.0143,1.3774,1.3415,1.63017,-0.0326999999999984,1.3791
19-10-2021,1.3795,1.3728,1.3835,1.3722,0.51%,0.0143,1.3774,1.3434,1.63344,-0.0256000000000007,1.3751
20-10-2021,1.3824,1.3797,1.3836,1.3742,0.21%,0.0112999999999999,1.3835,1.3532,1.636,-0.0248999999999988,1.3768
21-10-2021,1.3791,1.3824,1.3835,1.3776,-0.24%,0.0112999999999999,1.3836,1.3543,1.63849,-0.020900000000001,1.3766
22-10-2021,1.3751,1.3792,1.3816,1.3736,-0.29%,0.0112999999999999,1.3836,1.3543,1.64058,-0.0160000000000018,1.3746
25-10-2021,1.3768,1.3755,1.3793,1.3741,0.12%,0.0112999999999999,1.3836,1.3569,1.64218,-0.0176999999999978,1.3788
26-10-2021,1.3766,1.3769,1.383,1.3757,-0.01%,0.0112999999999999,1.3836,1.3569,1.64395,-0.0151000000000003,1.3691
27-10-2021,1.3746,1.3769,1.3782,1.3708,-0.15%,0.0112999999999999,1.3836,1.3569,1.64546,-0.0155999999999992,1.3672
28-10-2021,1.3788,1.3749,1.3816,1.3721,0.31%,0.0112999999999999,1.3836,1.3569,1.64702,-0.0150000000000006,1.3614
29-10-2021,1.3691,1.3791,1.3805,1.3668,-0.70%,0.0112999999999999,1.3836,1.3576,1.64852,-0.0203000000000024,1.3684
01-11-2021,1.3672,1.3683,1.3694,1.3642,-0.14%,0.0137,1.3836,1.3654,1.65055,-0.00259999999999749,1.3498
02-11-2021,1.3614,1.3665,1.368,1.3605,-0.42%,0.0137,1.3836,1.3667,1.65081,0.000799999999998136,1.3494
03-11-2021,1.3684,1.3612,1.3693,1.3606,0.51%,0.0137,1.3836,1.3708,1.65073,0.0138999999999996,1.3561
04-11-2021,1.3498,1.3686,1.3699,1.347,-1.36%,0.0137,1.3836,1.3668,1.64934,0.00420000000000087,1.3554
05-11-2021,1.3494,1.3494,1.351,1.3424,-0.03%,0.0228999999999999,1.3836,1.3642,1.64892,0.0303000000000004,1.3401
08-11-2021,1.3561,1.3498,1.3581,1.3449,0.50%,0.0228999999999999,1.3835,1.3605,1.64589,0.0325999999999986,1.3371
09-11-2021,1.3554,1.3563,1.3609,1.3523,-0.05%,0.0228999999999999,1.383,1.3605,1.64263,0.0228999999999999,1.3413
10-11-2021,1.3401,1.3558,1.3566,1.34,-1.13%,0.0228999999999999,1.383,1.347,1.64034,0.0197000000000003,1.3418
11-11-2021,1.3371,1.3405,1.3434,1.3358,-0.22%,0.0228999999999999,1.383,1.3424,1.63837,0.0364000000000004,1.3427
12-11-2021,1.3413,1.3373,1.3427,1.3353,0.31%,0.0228999999999999,1.3816,1.3424,1.63473,0.0396000000000001,1.348
15-11-2021,1.3418,1.3423,1.345,1.3403,0.04%,0.0228999999999999,1.3816,1.3424,1.63077,0.0325999999999986,1.3488
16-11-2021,1.3427,1.3423,1.3474,1.3405,0.07%,0.0228999999999999,1.3805,1.34,1.62751,0.0368000000000031,1.3452
17-11-2021,1.348,1.3431,1.3498,1.3396,0.39%,0.0228999999999999,1.3699,1.3358,1.62383,0.0251999999999981,1.3396
18-11-2021,1.3488,1.3484,1.3515,1.3463,0.06%,0.0228999999999999,1.3699,1.3353,1.62131,0.0181000000000005,1.3374
19-11-2021,1.3452,1.3492,1.3511,1.3407,-0.27%,0.0228999999999999,1.3699,1.3353,1.6195,0.0120000000000005,1.3325
22-11-2021,1.3396,1.3455,1.346,1.3384,-0.42%,0.0228999999999999,1.3699,1.3353,1.6183,0.0230999999999995,1.332
23-11-2021,1.3374,1.3395,1.3411,1.3341,-0.16%,0.0165999999999999,1.3609,1.3353,1.61599,0.0099000000000018,1.334
24-11-2021,1.3325,1.3378,1.3391,1.3316,-0.37%,0.0165999999999999,1.3609,1.3353,1.615,0.0120000000000005,1.3311
25-11-2021,1.332,1.3328,1.3355,1.3305,-0.04%,0.0165999999999999,1.3609,1.3353,1.6138,0.0234999999999985,1.3295
26-11-2021,1.334,1.332,1.3369,1.3278,0.15%,0.0165999999999999,1.3566,1.3353,1.61145,0.0238000000000014,1.3277
29-11-2021,1.3311,1.3342,1.3364,1.3286,-0.22%,0.0104,1.3515,1.3341,1.60907,0.00629999999999953,1.3306
30-11-2021,1.3295,1.3314,1.3372,1.3195,-0.12%,0.0104,1.3515,1.3316,1.60844,0.00590000000000046,1.3231
01-12-2021,1.3277,1.3299,1.3353,1.3261,-0.14%,0.0177000000000001,1.3515,1.3305,1.60785,0.0123999999999995,1.3264
02-12-2021,1.3306,1.328,1.3335,1.3271,0.22%,0.0177000000000001,1.3515,1.3278,1.60661,0.0142999999999986,1.3242
03-12-2021,1.3231,1.3309,1.3312,1.3209,-0.56%,0.0177000000000001,1.3515,1.3278,1.60518,0.0122,1.3209
06-12-2021,1.3264,1.3245,1.3288,1.3218,0.25%,0.0177000000000001,1.3515,1.3195,1.60396,0.0239000000000011,1.3219
07-12-2021,1.3242,1.3265,1.3291,1.3209,-0.17%,0.0177000000000001,1.3511,1.3195,1.60157,0.0226999999999986,1.3269
08-12-2021,1.3209,1.3243,1.3262,1.3167,-0.25%,0.0177000000000001,1.346,1.3195,1.5993,0.0212000000000003,1.3216
09-12-2021,1.3219,1.3205,1.3224,1.317,0.08%,0.0177000000000001,1.3411,1.3195,1.59718,0.0190000000000001,1.3238
10-12-2021,1.3269,1.322,1.3277,1.3187,0.38%,0.0177000000000001,1.3391,1.3195,1.59528,0.0157999999999987,1.3263
13-12-2021,1.3216,1.3237,1.327,1.3206,-0.40%,0.0177000000000001,1.3372,1.3195,1.5937,0.00910000000000011,1.3319
14-12-2021,1.3238,1.3218,1.3257,1.319,0.17%,0.0177000000000001,1.3372,1.3167,1.59279,0.0102000000000011,1.3242
15-12-2021,1.3263,1.324,1.3284,1.3171,0.19%,0.0177000000000001,1.3372,1.3167,1.59177,0.0101999999999993,1.3207
16-12-2021,1.3319,1.3259,1.3376,1.324,0.42%,0.0177000000000001,1.3372,1.3167,1.59075,0.00549999999999962,1.3265
17-12-2021,1.3242,1.3322,1.3341,1.323,-0.58%,0.0135999999999998,1.3376,1.3167,1.5902,-0.00229999999999997,1.3348
20-12-2021,1.3207,1.3247,1.3247,1.3172,-0.26%,0.0135999999999998,1.3376,1.3167,1.59043,0.00330000000000119,1.3404
21-12-2021,1.3265,1.3207,1.3272,1.3197,0.44%,0.0135999999999998,1.3376,1.3167,1.5901,0.0101999999999993,1.3385
22-12-2021,1.3348,1.3262,1.3364,1.324,0.63%,0.0135999999999998,1.3376,1.3167,1.58908,-0.00169999999999959,1.3437
23-12-2021,1.3404,1.3354,1.3439,1.3341,0.42%,0.0135999999999998,1.3376,1.3167,1.58925,-0.00890000000000057,1.3434
24-12-2021,1.3385,1.341,1.3422,1.3384,-0.14%,0.0135999999999998,1.3439,1.3167,1.59014,-0.0167000000000002,1.3486
27-12-2021,1.3437,1.3387,1.3446,1.3387,0.39%,0.0135999999999998,1.3439,1.317,1.59181,-0.0182000000000002,1.3494
28-12-2021,1.3434,1.3442,1.3463,1.3414,-0.02%,0.0135999999999998,1.3446,1.3171,1.59363,-0.0221999999999998,1.3529
29-12-2021,1.3486,1.3436,1.35,1.3408,0.39%,0.0135999999999998,1.3463,1.3171,1.59585,-0.0198999999999998,1.3471
30-12-2021,1.3494,1.3488,1.3522,1.3454,0.06%,0.0135999999999998,1.35,1.3171,1.59784,-0.027000000000001,1.3532
31-12-2021,1.3529,1.3496,1.3551,1.3465,0.26%,0.0135999999999998,1.3522,1.3171,1.60054,-0.0255999999999972,1.3554
03-01-2022,1.3471,1.3531,1.3543,1.3431,-0.43%,0.0135999999999998,1.3551,1.3172,1.6031,-0.0272000000000006,1.3528
04-01-2022,1.3532,1.3474,1.3558,1.3458,0.45%,0.0124,1.3551,1.3172,1.60582,-0.0152000000000001,1.3585
05-01-2022,1.3554,1.3534,1.36,1.3521,0.16%,0.0124,1.3558,1.3172,1.60734,-0.0287000000000006,1.3575
06-01-2022,1.3528,1.3556,1.3561,1.3489,-0.19%,0.0124,1.36,1.3197,1.61021,-0.0349000000000004,1.3635
07-01-2022,1.3585,1.3532,1.3598,1.3527,0.42%,0.0124,1.36,1.324,1.6137,-0.0269999999999975,1.3701
10-01-2022,1.3575,1.3589,1.3605,1.3532,-0.07%,0.0112000000000001,1.36,1.3341,1.6164,-0.0235000000000021,1.3705
11-01-2022,1.3635,1.3576,1.3637,1.3561,0.44%,0.0112000000000001,1.3605,1.3384,1.61875,-0.0166000000000004,1.3673
12-01-2022,1.3701,1.3635,1.3715,1.3621,0.48%,0.0112000000000001,1.3637,1.3387,1.62041,-0.024799999999999,1.3645
13-01-2022,1.3705,1.37,1.375,1.3699,0.03%,0.0112000000000001,1.3715,1.3408,1.62289,-0.0258000000000003,1.3594
14-01-2022,1.3673,1.3707,1.3744,1.3652,-0.23%,0.0112000000000001,1.375,1.3408,1.62547,-0.0271000000000008,1.3606
17-01-2022,1.3645,1.3675,1.3692,1.3636,-0.20%,0.0112000000000001,1.375,1.3431,1.62818,-0.0186999999999991,1.3595
18-01-2022,1.3594,1.3647,1.3663,1.3572,-0.37%,0.0112000000000001,1.375,1.3431,1.63005,-0.0151000000000003,1.3554
19-01-2022,1.3606,1.3595,1.365,1.3586,0.09%,0.0112000000000001,1.375,1.3431,1.63156,-0.0063999999999993,1.3485
20-01-2022,1.3595,1.3612,1.3663,1.3585,-0.08%,0.00999999999999979,1.375,1.3458,1.6322,-0.0137999999999998,1.3496
21-01-2022,1.3554,1.36,1.3604,1.3544,-0.30%,0.00939999999999985,1.375,1.3489,1.63358,-0.00660000000000238,1.3461
24-01-2022,1.3485,1.3556,1.3566,1.3439,-0.51%,0.00939999999999985,1.375,1.3489,1.63424,0,1.3385
25-01-2022,1.3496,1.3487,1.352,1.3435,0.08%,0.0126999999999999,1.375,1.3527,1.63424,0.00450000000000017,1.3404
26-01-2022,1.3461,1.3493,1.3526,1.3443,-0.26%,0.0126999999999999,1.375,1.3532,1.63379,0.0096000000000025,1.3445
27-01-2022,1.3385,1.3465,1.347,1.3357,-0.56%,0.0126999999999999,1.375,1.3544,1.63283,0.011099999999999,1.352
28-01-2022,1.3404,1.3381,1.3434,1.3363,0.14%,0.0126999999999999,1.375,1.3439,1.63172,0.0254000000000012,1.3577
31-01-2022,1.3445,1.3399,1.3462,1.3386,0.31%,0.0126999999999999,1.375,1.3435,1.62918,0.0300999999999974,1.3595
01-02-2022,1.352,1.3447,1.353,1.3433,0.56%,0.0126999999999999,1.3744,1.3435,1.62617,0.0259999999999998,1.3529
02-02-2022,1.3577,1.3516,1.3589,1.3515,0.42%,0.0126999999999999,1.3692,1.3357,1.62357,0.015900000000002,1.3534
03-02-2022,1.3595,1.3577,1.3629,1.3537,0.13%,0.0126999999999999,1.3663,1.3357,1.62198,0.0069999999999979,1.3541
04-02-2022,1.3529,1.3598,1.3616,1.3504,-0.49%,0.0126999999999999,1.3663,1.3357,1.62128,-0.000299999999999301,1.3532
07-02-2022,1.3534,1.353,1.3553,1.3489,0.04%,0.0126999999999999,1.3663,1.3357,1.62131,0.00820000000000221,1.3555
08-02-2022,1.3541,1.3537,1.3565,1.3506,0.05%,0.0126999999999999,1.3629,1.3357,1.62049,0.00629999999999953,1.356
09-02-2022,1.3532,1.3542,1.3591,1.3526,-0.07%,0.0126999999999999,1.3629,1.3357,1.61986,0.00140000000000029,1.3526
10-02-2022,1.3555,1.3534,1.3645,1.3522,0.17%,0.0112999999999999,1.3629,1.3357,1.61972,-0.0046999999999997,1.3533
11-02-2022,1.356,1.3554,1.3611,1.3513,0.04%,0.0123,1.3645,1.3357,1.62019,-0.00609999999999999,1.3583
14-02-2022,1.3526,1.3558,1.3574,1.3493,-0.25%,0.0123,1.3645,1.3357,1.6208,-0.00929999999999964,1.3614
15-02-2022,1.3533,1.3525,1.3569,1.3485,0.05%,0.0123,1.3645,1.3363,1.62173,-0.014400000000002,1.359
16-02-2022,1.3583,1.3536,1.3602,1.3527,0.37%,0.0123,1.3645,1.3386,1.62317,-0.0137,1.3598
17-02-2022,1.3614,1.3586,1.364,1.3555,0.23%,0.0123,1.3645,1.3433,1.62454,-0.0138999999999996,1.3582
18-02-2022,1.359,1.3614,1.3644,1.3572,-0.18%,0.0123,1.3645,1.3489,1.62593,-0.00979999999999848,1.3542
21-02-2022,1.3598,1.3595,1.364,1.3585,0.06%,0.0123,1.3645,1.3485,1.62691,-0.00180000000000291,1.3375
22-02-2022,1.3582,1.3604,1.3606,1.3537,-0.12%,0.0123,1.3645,1.3485,1.62709,-0.000599999999998602,1.3405
23-02-2022,1.3542,1.3584,1.3622,1.3534,-0.29%,0.0123,1.3645,1.3485,1.62715,-0.00540000000000163,1.3419
24-02-2022,1.3375,1.3544,1.3551,1.3271,-1.23%,0.0123,1.3645,1.3485,1.62769,-0.000699999999998369,1.3321
25-02-2022,1.3405,1.3378,1.3441,1.3365,0.22%,0.028,1.3645,1.3485,1.62776,0.0164000000000009,1.3403
28-02-2022,1.3419,1.3407,1.3434,1.3312,0.10%,0.028,1.3645,1.3485,1.62612,0.0126999999999988,1.3346
01-03-2022,1.3321,1.3421,1.3439,1.33,-0.73%,0.028,1.3644,1.3485,1.62485,0.013300000000001,1.3225
02-03-2022,1.3403,1.3325,1.3409,1.327,0.62%,0.028,1.3644,1.3271,1.62352,0.023299999999999,1.3102
03-03-2022,1.3346,1.3406,1.342,1.3316,-0.43%,0.028,1.3644,1.3271,1.62119,0.0119000000000007,1.3103
04-03-2022,1.3225,1.3346,1.3356,1.3201,-0.91%,0.028,1.3644,1.3271,1.62,0.0189999999999984,1.3179
07-03-2022,1.3102,1.3227,1.3252,1.3101,-0.93%,0.028,1.3644,1.3271,1.6181,0.0359000000000016,1.3083
08-03-2022,1.3103,1.3104,1.3146,1.3081,0.01%,0.028,1.3644,1.327,1.61451,0.0509999999999984,1.3036
09-03-2022,1.3179,1.3103,1.3191,1.3087,0.58%,0.028,1.364,1.327,1.60941,0.049199999999999,1.3
10-03-2022,1.3083,1.3176,1.3196,1.308,-0.73%,0.028,1.3622,1.3201,1.60449,0.0428000000000033,1.3038
11-03-2022,1.3036,1.3087,1.3127,1.3026,-0.36%,0.028,1.3622,1.3101,1.60021,0.0496999999999979,1.3145
14-03-2022,1.3,1.3038,1.3081,1.3,-0.28%,0.028,1.3551,1.3081,1.59524,0.0506000000000011,1.3146
15-03-2022,1.3038,1.3002,1.309,1.2999,0.29%,0.0154999999999998,1.3441,1.3081,1.59018,0.0375999999999994,1.318
16-03-2022,1.3145,1.3042,1.3164,1.3031,0.82%,0.0154999999999998,1.3439,1.308,1.58642,0.0365000000000002,1.3165
17-03-2022,1.3146,1.315,1.3213,1.3087,0.01%,0.0154999999999998,1.3439,1.3026,1.58277,0.0271000000000008,1.3263
18-03-2022,1.318,1.3149,1.3198,1.311,0.26%,0.0154999999999998,1.342,1.3,1.58006,0.0175999999999998,1.3203
21-03-2022,1.3165,1.3182,1.3211,1.3125,-0.11%,0.0154999999999998,1.342,1.2999,1.5783,0.0223999999999993,1.3183
22-03-2022,1.3263,1.317,1.3275,1.3119,0.74%,0.0154999999999998,1.3356,1.2999,1.57606,0.0175999999999998,1.3188
23-03-2022,1.3203,1.3264,1.33,1.3174,-0.45%,0.0155999999999998,1.3275,1.2999,1.5743,-0.00370000000000026,1.3084
24-03-2022,1.3183,1.3205,1.3216,1.3156,-0.15%,0.0155999999999998,1.33,1.2999,1.57467,-0.0100999999999996,1.3084
25-03-2022,1.3188,1.3195,1.3226,1.3159,0.04%,0.0155999999999998,1.33,1.2999,1.57568,-0.00919999999999988,1.3131
28-03-2022,1.3084,1.319,1.3191,1.3067,-0.79%,0.0155999999999998,1.33,1.2999,1.5766,-0.00140000000000029,1.3133
29-03-2022,1.3084,1.3086,1.3161,1.305,0.00%,0.0155999999999998,1.33,1.2999,1.57674,9.99999999997669E-05,1.3112
30-03-2022,1.3131,1.3092,1.3184,1.3083,0.36%,0.0155999999999998,1.33,1.2999,1.57673,-0.00539999999999985,1.3113
31-03-2022,1.3133,1.3132,1.3177,1.3105,0.02%,0.0155999999999998,1.33,1.2999,1.57727,-0.0129999999999999,1.3068
01-04-2022,1.3112,1.3136,1.3154,1.3085,-0.16%,0.0155999999999998,1.33,1.3031,1.57857,-0.00939999999999941,1.3068
04-04-2022,1.3113,1.3114,1.3139,1.3092,0.01%,0.0155999999999998,1.33,1.305,1.57951,0.00360000000000049,1.3073
05-04-2022,1.3068,1.3115,1.3168,1.3066,-0.34%,0.0155999999999998,1.33,1.305,1.57915,0.00339999999999918,1.3031
06-04-2022,1.3068,1.3083,1.311,1.3044,0.00%,0.0155999999999998,1.33,1.305,1.57881,0.00990000000000002,1.3029
07-04-2022,1.3073,1.3069,1.3108,1.3051,0.04%,0.0155999999999998,1.33,1.305,1.57782,0.0100999999999996,1.2997
08-04-2022,1.3031,1.3077,1.3087,1.2981,-0.32%,0.0126000000000002,1.33,1.305,1.57681,0.0187000000000008,1.3115
11-04-2022,1.3029,1.3043,1.3058,1.2989,-0.02%,0.0124,1.3226,1.305,1.57494,0.0161999999999995,1.3065
12-04-2022,1.2997,1.3032,1.3054,1.2994,-0.25%,0.0124,1.3226,1.3044,1.57332,0.0163000000000011,1.3058
13-04-2022,1.3115,1.2998,1.3119,1.2972,0.91%,0.0124,1.3191,1.3044,1.57169,0.0191999999999997,1.3008
14-04-2022,1.3065,1.3116,1.3149,1.3032,-0.38%,0.0147000000000002,1.3184,1.2981,1.56977,-0.00300000000000011,1.2996
15-04-2022,1.3058,1.3067,1.3081,1.3047,-0.05%,0.0147000000000002,1.3184,1.2981,1.57007,0.0024999999999995,1.3066
18-04-2022,1.3008,1.306,1.3066,1.3004,-0.38%,0.0147000000000002,1.3177,1.2981,1.56982,0.00719999999999921,1.3028
19-04-2022,1.2996,1.3017,1.3042,1.2979,-0.09%,0.0147000000000002,1.3168,1.2972,1.5691,0.0119000000000007,1.2837
20-04-2022,1.3066,1.2998,1.3072,1.2992,0.54%,0.0147000000000002,1.3168,1.2972,1.56791,0.0115999999999996,1.274
21-04-2022,1.3028,1.3068,1.3091,1.3022,-0.29%,0.0147000000000002,1.3168,1.2972,1.56675,0.0046999999999997,1.2572
22-04-2022,1.2837,1.3032,1.3037,1.2822,-1.47%,0.0147000000000002,1.3149,1.2972,1.56628,0.00510000000000055,1.2548
25-04-2022,1.274,1.2861,1.2862,1.2696,-0.76%,0.0215000000000001,1.3149,1.2972,1.56577,0.0207999999999995,1.2456
26-04-2022,1.2572,1.2742,1.2774,1.257,-1.32%,0.0215000000000001,1.3149,1.2972,1.56369,0.0335000000000001,1.2571
27-04-2022,1.2548,1.2575,1.2603,1.2501,-0.19%,0.0215000000000001,1.3149,1.2972,1.56034,0.0468000000000011,1.2491
28-04-2022,1.2456,1.2555,1.2572,1.241,-0.73%,0.0215000000000001,1.3149,1.2822,1.55566,0.047699999999999,1.2498
29-04-2022,1.2571,1.2457,1.2616,1.2449,0.92%,0.0215000000000001,1.3149,1.2696,1.55089,0.0541,1.2621
02-05-2022,1.2491,1.2587,1.2599,1.2472,-0.64%,0.0215000000000001,1.3149,1.257,1.54548,0.0529000000000011,1.2364
03-05-2022,1.2498,1.2493,1.2569,1.247,0.06%,0.0215000000000001,1.3091,1.2501,1.54019,0.0573999999999995,1.2337
04-05-2022,1.2621,1.2501,1.264,1.2451,0.98%,0.0215000000000001,1.3091,1.241,1.53445,0.0558999999999994,1.2331
05-05-2022,1.2364,1.2623,1.2637,1.2324,-2.04%,0.0215000000000001,1.3091,1.241,1.52886,0.0394000000000005,1.2322
06-05-2022,1.2337,1.2363,1.238,1.2273,-0.22%,0.0313000000000001,1.3091,1.241,1.52492,0.0634999999999995,1.225
09-05-2022,1.2331,1.2336,1.2406,1.2258,-0.05%,0.0313000000000001,1.3091,1.241,1.51857,0.0731999999999999,1.2199
10-05-2022,1.2322,1.233,1.2375,1.229,-0.07%,0.0313000000000001,1.3037,1.241,1.51125,0.0701999999999998,1.2261
11-05-2022,1.225,1.2323,1.24,1.2234,-0.58%,0.0313000000000001,1.2862,1.2324,1.50423,0.0538000000000007,1.2317
12-05-2022,1.2199,1.2259,1.226,1.2164,-0.42%,0.0313000000000001,1.2774,1.2273,1.49885,0.0482999999999993,1.249
13-05-2022,1.2261,1.2198,1.2265,1.2154,0.51%,0.0313000000000001,1.264,1.2258,1.49402,0.037700000000001,1.2338
16-05-2022,1.2317,1.2233,1.2329,1.2215,0.46%,0.0313000000000001,1.264,1.2258,1.49025,0.0321999999999996,1.246
17-05-2022,1.249,1.2315,1.2498,1.2313,1.40%,0.0313000000000001,1.264,1.2234,1.48703,0.0142000000000007,1.2487
18-05-2022,1.2338,1.249,1.2501,1.2327,-1.22%,0.0313000000000001,1.264,1.2164,1.48561,0.00969999999999871,1.2588
19-05-2022,1.246,1.2336,1.2524,1.2334,0.99%,0.0313000000000001,1.264,1.2154,1.48464,0.0157000000000007,1.2529
20-05-2022,1.2487,1.2462,1.2499,1.2436,0.22%,0.0313000000000001,1.264,1.2154,1.48307,0.00389999999999979,1.2564
23-05-2022,1.2588,1.2476,1.26,1.2474,0.81%,0.0313000000000001,1.2637,1.2154,1.48268,0.0146999999999995,1.2594
24-05-2022,1.2529,1.2587,1.2598,1.2469,-0.47%,0.0189999999999999,1.26,1.2154,1.48121,-0.0223999999999993,1.2616
25-05-2022,1.2564,1.253,1.259,1.2478,0.28%,0.0189999999999999,1.26,1.2154,1.48345,-0.0193999999999992,1.265
26-05-2022,1.2594,1.2564,1.262,1.2548,0.24%,0.0189999999999999,1.26,1.2154,1.48539,-0.0234000000000005,1.26
27-05-2022,1.2616,1.2597,1.2666,1.2583,0.17%,0.0189999999999999,1.262,1.2154,1.48773,-0.0274000000000001,1.2482
30-05-2022,1.265,1.2615,1.2659,1.2611,0.27%,0.0189999999999999,1.2666,1.2154,1.49047,-0.0356000000000005,1.2576
31-05-2022,1.26,1.2651,1.2655,1.2558,-0.40%,0.0189999999999999,1.2666,1.2154,1.49403,-0.0452999999999992,1.2485
01-06-2022,1.2482,1.26,1.2616,1.2456,-0.94%,0.0189999999999999,1.2666,1.2215,1.49856,-0.0366999999999997,1.253
02-06-2022,1.2576,1.2482,1.2586,1.2466,0.75%,0.0189999999999999,1.2666,1.2313,1.50223,-0.0167000000000002,1.2588
03-06-2022,1.2485,1.2576,1.2589,1.2481,-0.72%,0.0189999999999999,1.2666,1.2327,1.5039,-0.0085999999999995,1.2539
06-06-2022,1.253,1.2491,1.2577,1.2474,0.36%,0.0189999999999999,1.2666,1.2334,1.50476,-0.0155000000000012,1.249
07-06-2022,1.2588,1.253,1.2599,1.2428,0.46%,0.016,1.2666,1.2436,1.50631,-0.00680000000000014,1.2314
08-06-2022,1.2539,1.2591,1.2597,1.251,-0.39%,0.0171000000000001,1.2666,1.2456,1.50699,-0.0114999999999998,1.2134
09-06-2022,1.249,1.2539,1.2557,1.2484,-0.39%,0.0171000000000001,1.2666,1.2456,1.50814,0.00480000000000125,1.1993
10-06-2022,1.2314,1.2491,1.2517,1.2298,-1.41%,0.0171000000000001,1.2666,1.2456,1.50766,0.00389999999999802,1.2178
13-06-2022,1.2134,1.2323,1.2325,1.2105,-1.46%,0.0219,1.2666,1.2428,1.50727,0.0241000000000007,1.2351
14-06-2022,1.1993,1.2128,1.2207,1.1932,-1.16%,0.022,1.2666,1.2428,1.50486,0.0469000000000008,1.2224
15-06-2022,1.2178,1.1993,1.2204,1.1983,1.54%,0.0274999999999999,1.2659,1.2428,1.50017,0.0621999999999989,1.225
16-06-2022,1.2351,1.2183,1.2406,1.2038,1.42%,0.0274999999999999,1.2655,1.2298,1.49395,0.0468000000000011,1.2272
17-06-2022,1.2224,1.2352,1.2369,1.217,-1.03%,0.0367999999999999,1.2616,1.2105,1.48927,0.024799999999999,1.2266
20-06-2022,1.225,1.2223,1.228,1.2196,0.21%,0.0367999999999999,1.2599,1.1932,1.48679,0.0259,1.226
21-06-2022,1.2272,1.2255,1.2324,1.224,0.18%,0.0367999999999999,1.2599,1.1932,1.4842,0.0320999999999998,1.2262
22-06-2022,1.2266,1.2274,1.2314,1.2159,-0.05%,0.0367999999999999,1.2599,1.1932,1.48099,0.0217000000000009,1.2264
23-06-2022,1.226,1.2267,1.2294,1.2167,-0.05%,0.0367999999999999,1.2599,1.1932,1.47882,0.0262999999999991,1.2182
24-06-2022,1.2262,1.2258,1.2319,1.2238,0.02%,0.0367999999999999,1.2597,1.1932,1.47619,0.0333000000000006,1.2125
27-06-2022,1.2264,1.2262,1.2332,1.2235,0.02%,0.0367999999999999,1.2557,1.1932,1.47286,0.0276999999999994,1.2175
28-06-2022,1.2182,1.2263,1.2291,1.2177,-0.67%,0.0367999999999999,1.2517,1.1932,1.47009,0.0228000000000002,1.2094
29-06-2022,1.2125,1.2179,1.2212,1.2103,-0.47%,0.0367999999999999,1.2406,1.1932,1.46781,0.0144000000000002,1.2105
30-06-2022,1.2175,1.2125,1.2188,1.2089,0.41%,0.0367999999999999,1.2406,1.1932,1.46637,0.000300000000001077,1.1957
01-07-2022,1.2094,1.2176,1.2181,1.1973,-0.67%,0.0367999999999999,1.2406,1.1983,1.46634,-0.0183,1.193
04-07-2022,1.2105,1.2101,1.2165,1.2082,0.09%,0.0367999999999999,1.2406,1.2038,1.46817,0.00819999999999865,1.2021
05-07-2022,1.1957,1.2106,1.2125,1.1897,-1.22%,0.0207999999999999,1.2369,1.2103,1.46735,0.0246000000000013,1.2027
06-07-2022,1.193,1.1957,1.1989,1.1873,-0.23%,0.0227999999999999,1.2332,1.2089,1.46489,0.0266000000000002,1.1889
07-07-2022,1.2021,1.1922,1.2029,1.1906,0.76%,0.0227999999999999,1.2332,1.1973,1.46223,0.0333000000000006,1.1885
08-07-2022,1.2027,1.2022,1.2056,1.1916,0.05%,0.0227999999999999,1.2332,1.1973,1.4589,0.0251999999999999,1.1889
11-07-2022,1.1889,1.2027,1.2039,1.1863,-1.15%,0.0227999999999999,1.2332,1.1897,1.45638,0.0239999999999991,1.1822
12-07-2022,1.1885,1.1884,1.1916,1.1804,-0.03%,0.0227999999999999,1.2332,1.1873,1.45398,0.0373999999999999,1.1852
13-07-2022,1.1889,1.1883,1.1967,1.1825,0.03%,0.0227999999999999,1.2332,1.1873,1.45024,0.0379000000000005,1.1954
14-07-2022,1.1822,1.1889,1.1894,1.1757,-0.56%,0.0227999999999999,1.2291,1.1873,1.44645,0.0373999999999999,1.1995
15-07-2022,1.1852,1.182,1.1874,1.1802,0.25%,0.0227999999999999,1.2212,1.1863,1.44271,0.0358999999999998,1.1969
18-07-2022,1.1954,1.1874,1.2033,1.1859,0.86%,0.0227999999999999,1.2188,1.1804,1.43912,0.0251000000000001,1.1993
19-07-2022,1.1995,1.1952,1.2045,1.1922,0.34%,0.0227999999999999,1.2181,1.1804,1.43661,0.0223999999999993,1.2002
20-07-2022,1.1969,1.1988,1.2037,1.1951,-0.22%,0.0227999999999999,1.2165,1.1757,1.43437,0.0113000000000003,1.2042
21-07-2022,1.1993,1.1965,1.2003,1.1888,0.20%,0.0227999999999999,1.2125,1.1757,1.43324,0.0140999999999991,1.2025
22-07-2022,1.2002,1.1993,1.2063,1.1915,0.08%,0.0176000000000001,1.2056,1.1757,1.43183,-0.00359999999999872,1.2151
25-07-2022,1.2042,1.2002,1.2085,1.1957,0.33%,0.0176000000000001,1.2063,1.1757,1.43219,-0.0080000000000009,1.2169
26-07-2022,1.2025,1.2041,1.209,1.1961,-0.14%,0.0176000000000001,1.2085,1.1757,1.43299,-0.00189999999999912,1.2166
27-07-2022,1.2151,1.2028,1.2186,1.2017,1.05%,0.0176000000000001,1.209,1.1757,1.43318,-9.99999999997669E-05,1.2248
28-07-2022,1.2169,1.2146,1.2191,1.21,0.15%,0.0174000000000001,1.2186,1.1757,1.43319,-0.0262000000000011,1.2172
29-07-2022,1.2166,1.2171,1.2245,1.206,-0.02%,0.0174000000000001,1.2191,1.1757,1.43581,-0.0288000000000004,1.2143
01-08-2022,1.2248,1.2163,1.2293,1.2153,0.67%,0.0185,1.2245,1.1757,1.43869,-0.0274000000000001,1.2157
02-08-2022,1.2172,1.2244,1.2279,1.2155,-0.62%,0.0185,1.2293,1.1802,1.44143,-0.0423999999999989,1.2071
03-08-2022,1.2143,1.2176,1.2207,1.2097,-0.24%,0.0185,1.2293,1.1859,1.44567,-0.0302000000000007,1.2076
04-08-2022,1.2157,1.2142,1.2198,1.2063,0.12%,0.0185,1.2293,1.1888,1.44869,-0.0190000000000001,1.208
05-08-2022,1.2071,1.2156,1.2168,1.2001,-0.71%,0.0185,1.2293,1.1888,1.45059,-0.0167999999999999,1.2225
08-08-2022,1.2076,1.2071,1.2137,1.2044,0.04%,0.0185,1.2293,1.1888,1.45227,-0.0106000000000002,1.2212
09-08-2022,1.208,1.2076,1.213,1.206,0.03%,0.0185,1.2293,1.1915,1.45333,-0.00829999999999842,1.213
10-08-2022,1.2225,1.2073,1.2276,1.2062,1.20%,0.0185,1.2293,1.1957,1.45416,-0.00710000000000122,1.2054
11-08-2022,1.2212,1.2226,1.2249,1.2179,-0.11%,0.0214000000000001,1.2293,1.1961,1.45487,-0.0184999999999995,1.2093
12-08-2022,1.213,1.2207,1.2215,1.2098,-0.67%,0.0214000000000001,1.2293,1.2001,1.45672,-0.0179000000000009,1.2047
15-08-2022,1.2054,1.2131,1.2148,1.2047,-0.63%,0.0214000000000001,1.2293,1.2001,1.45851,0.00150000000000006,1.193
16-08-2022,1.2093,1.2054,1.2117,1.2005,0.32%,0.0214000000000001,1.2293,1.2001,1.45836,0.0117000000000012,1.1827
17-08-2022,1.2047,1.2092,1.2141,1.2025,-0.38%,0.0214000000000001,1.2293,1.2001,1.45719,0.00709999999999944,1.1765
18-08-2022,1.193,1.2046,1.2079,1.192,-0.97%,0.0214000000000001,1.2279,1.2001,1.45648,0.0198,1.1831
19-08-2022,1.1827,1.1926,1.194,1.1789,-0.86%,0.0214000000000001,1.2276,1.2001,1.4545,0.0250000000000004,1.1797
22-08-2022,1.1765,1.1822,1.1837,1.1739,-0.52%,0.0214000000000001,1.2276,1.2001,1.452,0.032,1.1829
23-08-2022,1.1831,1.1775,1.1876,1.1716,0.56%,0.0214000000000001,1.2276,1.2001,1.4488,0.0381,1.1747
24-08-2022,1.1797,1.1839,1.184,1.1753,-0.29%,0.0214000000000001,1.2276,1.192,1.44499,0.0231999999999992,1.1707
25-08-2022,1.1829,1.18,1.1864,1.1781,0.27%,0.0214000000000001,1.2276,1.1789,1.44267,0.0275999999999996,1.1655
26-08-2022,1.1747,1.183,1.19,1.173,-0.69%,0.0214000000000001,1.2276,1.1739,1.43991,0.0243000000000002,1.1622
29-08-2022,1.1707,1.1747,1.1751,1.1645,-0.34%,0.0169999999999999,1.2249,1.1716,1.43748,0.0479000000000003,1.1542
30-08-2022,1.1655,1.1707,1.176,1.1619,-0.44%,0.0169999999999999,1.2215,1.1716,1.43269,0.0500000000000007,1.1507
31-08-2022,1.1622,1.1647,1.1693,1.1596,-0.28%,0.0169999999999999,1.2148,1.1716,1.42769,0.0483999999999991,1.1513
01-09-2022,1.1542,1.1621,1.1625,1.1497,-0.69%,0.0169999999999999,1.2141,1.1716,1.42285,0.0433000000000003,1.1516
02-09-2022,1.1507,1.1542,1.1588,1.1493,-0.30%,0.0169999999999999,1.2141,1.1645,1.41852,0.0549999999999997,1.1525
05-09-2022,1.1513,1.1515,1.1521,1.1441,0.05%,0.0169999999999999,1.2079,1.1619,1.41302,0.0531000000000006,1.15
06-09-2022,1.1516,1.1514,1.1609,1.149,0.03%,0.0169999999999999,1.194,1.1596,1.40771,0.0411999999999999,1.1587
07-09-2022,1.1525,1.1517,1.1539,1.1403,0.08%,0.0169999999999999,1.19,1.1497,1.40359,0.0305,1.1679
08-09-2022,1.15,1.1526,1.156,1.1458,-0.22%,0.0169999999999999,1.19,1.1493,1.40054,0.0249000000000006,1.1491
09-09-2022,1.1587,1.1501,1.1647,1.1494,0.76%,0.0169999999999999,1.19,1.1441,1.39805,0.0337999999999994,1.1535
12-09-2022,1.1679,1.1592,1.171,1.1591,0.79%,0.0169999999999999,1.19,1.1441,1.39467,0.0207999999999995,1.1463
13-09-2022,1.1491,1.169,1.1738,1.1489,-1.61%,0.0169999999999999,1.19,1.1403,1.39259,0.0140000000000011,1.1412
14-09-2022,1.1535,1.1492,1.1589,1.1477,0.38%,0.0248999999999999,1.176,1.1403,1.39119,0.0254999999999992,1.1429
15-09-2022,1.1463,1.1543,1.1549,1.1459,-0.62%,0.0248999999999999,1.176,1.1403,1.38864,0.0164000000000009,1.1379
16-09-2022,1.1412,1.1465,1.148,1.1348,-0.44%,0.0248999999999999,1.1738,1.1403,1.387,0.0181999999999984,1.1266
19-09-2022,1.1429,1.1413,1.1442,1.1352,0.15%,0.0248999999999999,1.1738,1.1403,1.38518,0.0208000000000013,1.1257
20-09-2022,1.1379,1.1432,1.146,1.1354,-0.44%,0.0248999999999999,1.1738,1.1403,1.3831,0.0109999999999992,1.0856
21-09-2022,1.1266,1.1374,1.1385,1.1235,-0.99%,0.0248999999999999,1.1738,1.1403,1.382,0.0141000000000009,1.0684
22-09-2022,1.1257,1.1267,1.1364,1.121,-0.08%,0.0248999999999999,1.1738,1.1348,1.38059,0.0246999999999993,1.0731
23-09-2022,1.0856,1.1255,1.1273,1.0836,-3.56%,0.0248999999999999,1.1738,1.1348,1.37812,0.0261999999999993,1.0888
26-09-2022,1.0684,1.0856,1.0931,1.0382,-1.58%,0.0437000000000001,1.1738,1.1348,1.3755,0.0670000000000002,1.1115
27-09-2022,1.0731,1.0688,1.0838,1.0651,0.44%,0.0549,1.1738,1.1235,1.3688,0.0813000000000006,1.116
28-09-2022,1.0888,1.0731,1.0915,1.0537,1.46%,0.0549,1.1738,1.121,1.36067,0.0861000000000001,1.1322
29-09-2022,1.1115,1.0884,1.1119,1.0759,2.08%,0.0549,1.1738,1.0836,1.35206,0.0806000000000005,1.1473
30-09-2022,1.116,1.1113,1.1234,1.102,0.40%,0.0549,1.1589,1.0382,1.344,0.0378999999999987,1.1326
03-10-2022,1.1322,1.1156,1.1334,1.1083,1.45%,0.0549,1.1549,1.0382,1.34021,0.0387000000000004,1.1158
04-10-2022,1.1473,1.1321,1.1489,1.1278,1.33%,0.0549,1.148,1.0382,1.33634,0.0144000000000002,1.1084
05-10-2022,1.1326,1.1474,1.1495,1.1224,-1.28%,0.0549,1.1489,1.0382,1.3349,-0.00609999999999999,1.1055
06-10-2022,1.1158,1.1325,1.1383,1.1113,-1.48%,0.0549,1.1495,1.0382,1.33551,0.0106999999999999,1.0963
07-10-2022,1.1084,1.1161,1.1225,1.1053,-0.66%,0.0549,1.1495,1.0382,1.33444,0.0213000000000001,1.1103
10-10-2022,1.1055,1.108,1.1111,1.1017,-0.26%,0.0549,1.1495,1.0382,1.33231,0.0187000000000008,1.1329
11-10-2022,1.0963,1.1054,1.118,1.095,-0.83%,0.0549,1.1495,1.0382,1.33044,0.0200999999999993,1.117
12-10-2022,1.1103,1.0966,1.1133,1.0922,1.28%,0.0549,1.1495,1.0382,1.32843,-0.011000000000001,1.1353
13-10-2022,1.1329,1.1104,1.1379,1.1054,2.04%,0.0377999999999998,1.1495,1.0537,1.32953,-0.041599999999999,1.1318
14-10-2022,1.117,1.1329,1.1365,1.1149,-1.40%,0.0377999999999998,1.1495,1.0537,1.33369,-0.059800000000001,1.1214
17-10-2022,1.1353,1.1173,1.1439,1.1173,1.64%,0.036,1.1495,1.0759,1.33967,-0.0288999999999984,1.1233
18-10-2022,1.1318,1.1353,1.141,1.1253,-0.31%,0.0325,1.1495,1.0922,1.34256,-0.0240000000000009,1.1302
19-10-2022,1.1214,1.1318,1.1357,1.1182,-0.92%,0.0325,1.1495,1.0922,1.34496,-0.0161999999999995,1.1275
20-10-2022,1.1233,1.1221,1.1335,1.1169,0.17%,0.0325,1.1495,1.0922,1.34658,0.00999999999999979,1.1467
21-10-2022,1.1302,1.1242,1.1314,1.1058,0.61%,0.0325,1.1495,1.0922,1.34558,0.0231999999999992,1.1627
24-10-2022,1.1275,1.1354,1.1408,1.1255,-0.24%,0.0325,1.1439,1.0922,1.34326,-0.00290000000000035,1.1564
25-10-2022,1.1467,1.1277,1.1499,1.1268,1.70%,0.0325,1.1439,1.0922,1.34355,-0.0115999999999996,1.161
26-10-2022,1.1627,1.1474,1.1638,1.1428,1.40%,0.0325,1.1499,1.0922,1.34471,-0.0393999999999988,1.1469
27-10-2022,1.1564,1.1616,1.1645,1.1547,-0.54%,0.0325,1.1638,1.0922,1.34865,-0.0562000000000005,1.1483
28-10-2022,1.161,1.1561,1.1623,1.1501,0.40%,0.0325,1.1645,1.0922,1.35427,-0.0594999999999999,1.1389
31-10-2022,1.1469,1.1605,1.1613,1.1456,-1.21%,0.0325,1.1645,1.1054,1.36022,-0.0501000000000005,1.1165
01-11-2022,1.1483,1.1469,1.1566,1.1434,0.12%,0.0266,1.1645,1.1058,1.36523,-0.0139999999999993,1.1375
02-11-2022,1.1389,1.1484,1.1564,1.1385,-0.82%,0.0266,1.1645,1.1058,1.36663,-0.0311000000000004,1.1511
03-11-2022,1.1165,1.1394,1.1421,1.1149,-1.97%,0.0256000000000001,1.1645,1.1058,1.36974,-0.00409999999999933,1.1536
04-11-2022,1.1375,1.1164,1.1381,1.1145,1.88%,0.0271999999999999,1.1645,1.1058,1.37015,0.0153999999999996,1.1356
07-11-2022,1.1511,1.1301,1.1541,1.1288,1.20%,0.0271999999999999,1.1645,1.1058,1.36861,-0.0080000000000009,1.1713
08-11-2022,1.1536,1.1511,1.1599,1.1427,0.22%,0.0271999999999999,1.1645,1.1058,1.36941,-0.0268999999999995,1.1835
09-11-2022,1.1356,1.1541,1.1566,1.1331,-1.56%,0.0271999999999999,1.1645,1.1149,1.3721,-0.0186999999999991,1.1752
10-11-2022,1.1713,1.1356,1.1731,1.1349,3.14%,0.0271999999999999,1.1645,1.1145,1.37397,-0.00790000000000113,1.1858
11-11-2022,1.1835,1.1714,1.1854,1.1645,1.04%,0.0382,1.1731,1.1145,1.37476,-0.0239999999999991,1.1908
14-11-2022,1.1752,1.1803,1.1828,1.1707,-0.70%,0.0382,1.1854,1.1145,1.37716,-0.0187000000000008,1.1862
15-11-2022,1.1858,1.1749,1.2025,1.1737,0.90%,0.0382,1.1854,1.1145,1.37903,-0.0188000000000006,1.1884
16-11-2022,1.1908,1.1863,1.1942,1.1829,0.42%,0.0382,1.2025,1.1145,1.38091,-0.0257999999999985,1.1821
17-11-2022,1.1862,1.1912,1.1957,1.176,-0.39%,0.0382,1.2025,1.1145,1.38349,-0.0443000000000016,1.1883
18-11-2022,1.1884,1.1862,1.195,1.1854,0.19%,0.0382,1.2025,1.1145,1.38792,-0.0377999999999989,1.2052
21-11-2022,1.1821,1.1885,1.1901,1.1776,-0.53%,0.0382,1.2025,1.1145,1.3917,-0.0490999999999993,1.211
22-11-2022,1.1883,1.1821,1.1902,1.1815,0.52%,0.0382,1.2025,1.1145,1.39661,-0.0657000000000014,1.2093
23-11-2022,1.2052,1.1884,1.208,1.1869,1.42%,0.0382,1.2025,1.1288,1.40318,-0.0582999999999991,1.1958
24-11-2022,1.211,1.2051,1.2153,1.2045,0.48%,0.0382,1.208,1.1331,1.40901,-0.0540000000000003,1.1953
25-11-2022,1.2093,1.2108,1.2127,1.2055,-0.14%,0.0382,1.2153,1.1331,1.41441,-0.0566999999999993,1.2056
28-11-2022,1.1958,1.2075,1.2118,1.1937,-1.12%,0.0382,1.2153,1.1349,1.42008,-0.0719000000000012,1.2253
29-11-2022,1.1953,1.1952,1.2064,1.1942,-0.04%,0.0287999999999999,1.2153,1.1645,1.42727,-0.0237999999999996,1.2287
30-11-2022,1.2056,1.1949,1.2087,1.1897,0.86%,0.0287999999999999,1.2153,1.1707,1.42965,-0.0145999999999997,1.2188
01-12-2022,1.2253,1.2054,1.2309,1.205,1.63%,0.0287999999999999,1.2153,1.1737,1.43111,-0.0305,1.2137
02-12-2022,1.2287,1.2252,1.2299,1.2133,0.28%,0.0259,1.2309,1.176,1.43416,-0.0388999999999999,1.2199
05-12-2022,1.2188,1.2264,1.2344,1.2158,-0.81%,0.0259,1.2309,1.176,1.43805,-0.0351999999999997,1.2233
06-12-2022,1.2137,1.2183,1.2269,1.2124,-0.42%,0.0259,1.2344,1.1776,1.44157,-0.0321000000000016,1.2255
07-12-2022,1.2199,1.2132,1.2234,1.2103,0.51%,0.0259,1.2344,1.1776,1.44478,-0.0246999999999993,1.227
08-12-2022,1.2233,1.22,1.2247,1.2151,0.28%,0.0259,1.2344,1.1815,1.44725,-0.0379000000000005,1.2354
09-12-2022,1.2255,1.2231,1.2322,1.2204,0.18%,0.0259,1.2344,1.1869,1.45104,-0.0346999999999991,1.2421
12-12-2022,1.227,1.2244,1.2299,1.2208,0.12%,0.0259,1.2344,1.1897,1.45451,-0.0193000000000012,1.2176
13-12-2022,1.2354,1.2272,1.2443,1.2245,0.68%,0.0259,1.2344,1.1897,1.45644,-0.0163999999999991,1.214
14-12-2022,1.2421,1.2357,1.2445,1.2339,0.54%,0.0259,1.2443,1.1897,1.45808,-0.0282,1.2146
15-12-2022,1.2176,1.2424,1.2431,1.2153,-1.97%,0.0259,1.2445,1.1897,1.4609,-0.0472000000000001,1.2181
16-12-2022,1.214,1.2178,1.2223,1.2116,-0.30%,0.0278,1.2445,1.1897,1.46562,-0.0228999999999999,1.2083
19-12-2022,1.2146,1.2149,1.2241,1.2117,0.05%,0.0278,1.2445,1.205,1.46791,-0.00950000000000095,1.2043
20-12-2022,1.2181,1.2154,1.2222,1.2082,0.29%,0.0278,1.2445,1.2103,1.46886,0.00980000000000025,1.2058
21-12-2022,1.2083,1.2179,1.2192,1.2052,-0.80%,0.0278,1.2445,1.2103,1.46788,0.00849999999999973,1.206
22-12-2022,1.2043,1.2076,1.2147,1.199,-0.33%,0.0278,1.2445,1.2103,1.46703,0.0106999999999999,1.2021
23-12-2022,1.2058,1.2043,1.209,1.2015,0.12%,0.0278,1.2445,1.2103,1.46596,0.00890000000000057,1.2013
26-12-2022,1.206,1.2042,1.2081,1.2042,0.02%,0.0278,1.2445,1.2082,1.46507,0.0158000000000005,1.2052
27-12-2022,1.2021,1.2061,1.2112,1.1999,-0.32%,0.0278,1.2445,1.2052,1.46349,0.0169999999999995,1.2097
28-12-2022,1.2013,1.2025,1.2125,1.1999,-0.07%,0.0278,1.2445,1.199,1.46179,0.0219000000000005,1.2045
29-12-2022,1.2052,1.2013,1.2078,1.2011,0.32%,0.0278,1.2445,1.199,1.4596,0.0259,1.1966
30-12-2022,1.2097,1.2062,1.2107,1.2008,0.37%,0.0278,1.2445,1.199,1.45701,0.0295000000000005,1.2053
02-01-2023,1.2045,1.2095,1.2098,1.2033,-0.43%,0.0278,1.2431,1.199,1.45406,0.0328999999999997,1.1906
03-01-2023,1.1966,1.2044,1.2084,1.1898,-0.66%,0.0156999999999998,1.2241,1.199,1.45077,0.0134000000000007,1.2092
04-01-2023,1.2053,1.1966,1.2087,1.1952,0.73%,0.0186,1.2241,1.199,1.44943,0.0183,1.2183
05-01-2023,1.1906,1.205,1.2077,1.1871,-1.22%,0.0186,1.2222,1.199,1.4476,0.0103999999999989,1.2155
06-01-2023,1.2092,1.1912,1.2099,1.1838,1.56%,0.0206,1.2192,1.199,1.44656,0.0266999999999999,1.2142
09-01-2023,1.2183,1.2092,1.2209,1.2085,0.75%,0.0261,1.2147,1.1898,1.44389,-0.00159999999999982,1.22
10-01-2023,1.2155,1.2188,1.2197,1.2107,-0.23%,0.0261,1.2209,1.1898,1.44405,-0.0145,1.2226
11-01-2023,1.2142,1.2154,1.2178,1.2097,-0.11%,0.0261,1.2209,1.1871,1.4455,-0.0112000000000005,1.2191
12-01-2023,1.22,1.2144,1.2246,1.2085,0.48%,0.0261,1.2209,1.1838,1.44662,-0.0083000000000002,1.2288
13-01-2023,1.2226,1.2208,1.2248,1.2147,0.21%,0.0261,1.2246,1.1838,1.44745,-0.0183,1.2346
16-01-2023,1.2191,1.2214,1.2289,1.2169,-0.29%,0.0261,1.2248,1.1838,1.44928,-0.0200999999999993,1.2389
17-01-2023,1.2288,1.2199,1.23,1.2167,0.80%,0.0261,1.2289,1.1838,1.45129,-0.0137,1.2393
18-01-2023,1.2346,1.2288,1.2435,1.2251,0.47%,0.0261,1.23,1.1838,1.45266,-0.0192999999999994,1.2373
19-01-2023,1.2389,1.2349,1.2397,1.231,0.35%,0.0261,1.2435,1.1838,1.45459,-0.0305,1.2328
20-01-2023,1.2393,1.2389,1.2404,1.2332,0.03%,0.0261,1.2435,1.1838,1.45764,-0.0423000000000009,1.24
23-01-2023,1.2373,1.2399,1.2447,1.2321,-0.16%,0.0261,1.2435,1.1838,1.46187,-0.0349000000000004,1.2406
24-01-2023,1.2328,1.2376,1.2413,1.226,-0.36%,0.0261,1.2447,1.1838,1.46536,-0.0463999999999984,1.2397
25-01-2023,1.24,1.2332,1.2404,1.228,0.58%,0.0184,1.2447,1.2085,1.47,-0.0240000000000009,1.2352
26-01-2023,1.2406,1.24,1.243,1.2342,0.05%,0.0184,1.2447,1.2085,1.4724,-0.0212000000000003,1.232
27-01-2023,1.2397,1.2406,1.2418,1.2342,-0.07%,0.0184,1.2447,1.2085,1.47452,-0.0251999999999999,1.2376
30-01-2023,1.2352,1.2397,1.2417,1.2335,-0.36%,0.0184,1.2447,1.2085,1.47704,-0.0252999999999997,1.2223
31-01-2023,1.232,1.2348,1.237,1.2281,-0.26%,0.0184,1.2447,1.2147,1.47957,-0.0139999999999993,1.2051
01-02-2023,1.2376,1.2317,1.2393,1.227,0.45%,0.0184,1.2447,1.2167,1.48097,-0.0103000000000009,1.2016
02-02-2023,1.2223,1.2376,1.24,1.2219,-1.24%,0.0184,1.2447,1.2167,1.482,-0.0176999999999996,1.2042
03-02-2023,1.2051,1.2223,1.2265,1.2045,-1.41%,0.0184,1.2447,1.2251,1.48377,0.00650000000000084,1.2071
06-02-2023,1.2016,1.2038,1.2077,1.2002,-0.29%,0.022,1.2447,1.226,1.48312,0.0310999999999986,1.2122
07-02-2023,1.2042,1.2022,1.2095,1.1958,0.22%,0.022,1.2447,1.226,1.48001,0.0366999999999997,1.2058
08-02-2023,1.2071,1.2042,1.2109,1.2034,0.24%,0.022,1.2447,1.2219,1.47634,0.0357000000000003,1.2135
09-02-2023,1.2122,1.207,1.2193,1.2054,0.42%,0.022,1.243,1.2045,1.47277,0.0306000000000015,1.217
10-02-2023,1.2058,1.212,1.2139,1.2046,-0.53%,0.022,1.243,1.2002,1.46971,0.0211999999999986,1.2026
13-02-2023,1.2135,1.2066,1.2151,1.2029,0.64%,0.022,1.243,1.1958,1.46759,0.0334000000000003,1.1993
14-02-2023,1.217,1.2135,1.2268,1.2116,0.29%,0.022,1.2418,1.1958,1.46425,0.0271000000000008,1.2035
15-02-2023,1.2026,1.217,1.2181,1.1988,-1.18%,0.022,1.2417,1.1958,1.46154,0.0226999999999986,1.2038
16-02-2023,1.1993,1.2026,1.2074,1.1963,-0.27%,0.022,1.24,1.1958,1.45927,0.0322000000000013,1.2115
17-02-2023,1.2035,1.1996,1.2051,1.1913,0.35%,0.022,1.24,1.1958,1.45605,0.0320999999999998,1.2044
20-02-2023,1.2038,1.2046,1.2057,1.2013,0.02%,0.022,1.24,1.1958,1.45284,0.0329999999999995,1.2013
21-02-2023,1.2115,1.2038,1.2147,1.1984,0.64%,0.022,1.2268,1.1958,1.44954,0.0184999999999995,1.1944
22-02-2023,1.2044,1.2111,1.2135,1.2033,-0.59%,0.0192999999999999,1.2268,1.1958,1.44769,-0.00729999999999897,1.2062
23-02-2023,1.2013,1.2053,1.2074,1.199,-0.26%,0.0192999999999999,1.2268,1.1913,1.44842,-0.00309999999999988,1.202
24-02-2023,1.1944,1.201,1.2041,1.1927,-0.57%,0.0192999999999999,1.2268,1.1913,1.44873,0.00319999999999965,1.2031
27-02-2023,1.2062,1.1954,1.2066,1.1921,0.99%,0.0192999999999999,1.2268,1.1913,1.44841,0.0115999999999996,1.1941
28-02-2023,1.202,1.2063,1.2143,1.2016,-0.35%,0.0192999999999999,1.2268,1.1913,1.44725,0.00570000000000093,1.204
01-03-2023,1.2031,1.2019,1.2088,1.1963,0.09%,0.0192999999999999,1.2268,1.1913,1.44668,0.0046999999999997,1.2021
02-03-2023,1.1941,1.2028,1.2036,1.1922,-0.75%,0.0192999999999999,1.2268,1.1913,1.44621,0.0106999999999999,1.1827
03-03-2023,1.204,1.1941,1.2048,1.1937,0.83%,0.0192999999999999,1.2181,1.1913,1.44514,0.0228999999999999,1.1842
06-03-2023,1.2021,1.2034,1.2048,1.1991,-0.16%,0.0163,1.2147,1.1913,1.44285,-0.000799999999999912,1.1925
07-03-2023,1.1827,1.2023,1.2065,1.182,-1.61%,0.0163,1.2147,1.1913,1.44293,-0.00270000000000081,1.2028
08-03-2023,1.1842,1.1835,1.1859,1.1802,0.13%,0.0245,1.2147,1.1921,1.4432,0.0211000000000006,1.2181
09-03-2023,1.1925,1.1843,1.1939,1.183,0.70%,0.0245,1.2147,1.1921,1.44109,0.019499999999999,1.2158
10-03-2023,1.2028,1.1924,1.2113,1.1906,0.86%,0.0245,1.2143,1.1921,1.43914,0.0187000000000008,1.2065
13-03-2023,1.2181,1.2035,1.2199,1.2035,1.27%,0.0245,1.2143,1.182,1.43727,0.00180000000000113,1.2107
14-03-2023,1.2158,1.2182,1.2203,1.2134,-0.19%,0.0245,1.2199,1.1802,1.43709,-0.0172000000000008,1.2175
15-03-2023,1.2065,1.2158,1.2181,1.2009,-0.76%,0.0245,1.2203,1.1802,1.43881,-0.0204000000000004,1.2276
16-03-2023,1.2107,1.2066,1.2128,1.2026,0.35%,0.0245,1.2203,1.1802,1.44085,-0.000299999999999301,1.2214
17-03-2023,1.2175,1.2108,1.22,1.2097,0.56%,0.0245,1.2203,1.1802,1.44088,-0.00890000000000057,1.2264
20-03-2023,1.2276,1.2204,1.2284,1.2165,0.83%,0.0245,1.2203,1.1802,1.44177,-0.0175999999999998,1.2285
21-03-2023,1.2214,1.2277,1.2282,1.2177,-0.51%,0.0245,1.2284,1.1802,1.44353,-0.0335999999999999,1.223
22-03-2023,1.2264,1.2213,1.2335,1.2206,0.41%,0.0245,1.2284,1.1802,1.44689,-0.0178999999999991,1.2284
23-03-2023,1.2285,1.2266,1.2343,1.226,0.17%,0.0245,1.2335,1.1802,1.44868,-0.0243000000000002,1.234
24-03-2023,1.223,1.2288,1.2292,1.2188,-0.45%,0.0206999999999999,1.2343,1.1802,1.45111,-0.045300000000001,1.2311
27-03-2023,1.2284,1.2225,1.2293,1.2216,0.44%,0.0206999999999999,1.2343,1.183,1.45564,-0.0381999999999998,1.2383
28-03-2023,1.234,1.2282,1.2349,1.2279,0.46%,0.0206999999999999,1.2343,1.1906,1.45946,-0.0358000000000001,1.2333
29-03-2023,1.2311,1.2341,1.2361,1.2301,-0.24%,0.0171999999999999,1.2349,1.2009,1.46304,-0.0305999999999997,1.2411
30-03-2023,1.2383,1.2311,1.2393,1.2292,0.58%,0.0171999999999999,1.2361,1.2009,1.4661,-0.0129000000000001,1.2499
31-03-2023,1.2333,1.2383,1.2423,1.2323,-0.40%,0.0171999999999999,1.2393,1.2009,1.46739,-0.0225000000000009,1.2457
03-04-2023,1.2411,1.2325,1.2423,1.2273,0.63%,0.0129000000000001,1.2423,1.2026,1.46964,-0.0259,1.2439
04-04-2023,1.2499,1.2413,1.2525,1.2393,0.71%,0.0149999999999999,1.2423,1.2097,1.47223,-0.0305,1.2413
05-04-2023,1.2457,1.25,1.2514,1.2431,-0.34%,0.0149999999999999,1.2525,1.2165,1.47528,-0.0295999999999985,1.2381
06-04-2023,1.2439,1.246,1.2487,1.2411,-0.14%,0.0149999999999999,1.2525,1.2177,1.47824,-0.0183,1.2424
07-04-2023,1.2413,1.2439,1.2455,1.2388,-0.21%,0.0149999999999999,1.2525,1.2188,1.48007,-0.0226000000000006,1.2481
10-04-2023,1.2381,1.2421,1.2442,1.2343,-0.26%,0.0149999999999999,1.2525,1.2188,1.48233,-0.0154999999999994,1.252
11-04-2023,1.2424,1.2381,1.2456,1.2377,0.35%,0.0149999999999999,1.2525,1.2188,1.48388,-0.00930000000000142,1.2413
12-04-2023,1.2481,1.2424,1.2495,1.2397,0.46%,0.0149999999999999,1.2525,1.2216,1.48481,-0.0198999999999998,1.2374
13-04-2023,1.252,1.2483,1.2537,1.2476,0.31%,0.0149999999999999,1.2525,1.2273,1.4868,-0.0200999999999993,1.2424
14-04-2023,1.2413,1.2521,1.2546,1.2397,-0.85%,0.0149999999999999,1.2537,1.2273,1.48881,-0.0180000000000007,1.2438
17-04-2023,1.2374,1.2412,1.2438,1.2351,-0.31%,0.0149999999999999,1.2546,1.2273,1.49061,-0.0100999999999996,1.2443
18-04-2023,1.2424,1.2371,1.2449,1.2366,0.40%,0.0149999999999999,1.2546,1.2273,1.49162,0.00120000000000076,1.243
19-04-2023,1.2438,1.2426,1.2474,1.2391,0.11%,0.0149999999999999,1.2546,1.2273,1.4915,-0.0101000000000013,1.2482
20-04-2023,1.2443,1.2441,1.2467,1.2403,0.04%,0.0148999999999999,1.2546,1.2343,1.49251,-0.0027999999999988,1.2408
21-04-2023,1.243,1.2433,1.2448,1.2365,-0.10%,0.0148999999999999,1.2546,1.2343,1.49279,0.0066999999999986,1.2467
24-04-2023,1.2482,1.2437,1.2486,1.2408,0.42%,0.0148999999999999,1.2546,1.2343,1.49212,0.00229999999999997,1.2487
25-04-2023,1.2408,1.2478,1.2507,1.2385,-0.59%,0.0148999999999999,1.2546,1.2343,1.49189,-0.00389999999999979,1.2572
26-04-2023,1.2467,1.2406,1.2515,1.2401,0.48%,0.0148999999999999,1.2546,1.2343,1.49228,0.00150000000000006,1.2496
27-04-2023,1.2487,1.2464,1.2499,1.2435,0.16%,0.0148999999999999,1.2546,1.2351,1.49213,-0.0083000000000002,1.2464
28-04-2023,1.2572,1.2496,1.2583,1.2444,0.68%,0.0148999999999999,1.2546,1.2351,1.49296,-0.00719999999999921,1.2564
01-05-2023,1.2496,1.2562,1.2569,1.2478,-0.60%,0.0148999999999999,1.2583,1.2351,1.49368,-0.00790000000000113,1.2572
02-05-2023,1.2464,1.2496,1.2512,1.2433,-0.26%,0.0148999999999999,1.2583,1.2351,1.49447,0.00250000000000128,1.2641
03-05-2023,1.2564,1.2461,1.2589,1.2461,0.80%,0.0139,1.2583,1.2351,1.49422,-0.00490000000000102,1.2617
04-05-2023,1.2572,1.2554,1.2598,1.2547,0.06%,0.0139,1.2589,1.2365,1.49471,-0.0183,1.2619
05-05-2023,1.2641,1.2569,1.2652,1.2556,0.55%,0.0139,1.2598,1.2365,1.49654,-0.0142999999999986,1.2624
08-05-2023,1.2617,1.2636,1.2668,1.2611,-0.19%,0.0139,1.2652,1.2365,1.49797,-0.0195000000000007,1.2509
09-05-2023,1.2619,1.2617,1.2639,1.2577,0.02%,0.0139,1.2668,1.2365,1.49992,-0.0183999999999998,1.2457
10-05-2023,1.2624,1.2619,1.2679,1.26,0.04%,0.0139,1.2668,1.2385,1.50176,-0.0182000000000002,1.2527
11-05-2023,1.2509,1.2623,1.264,1.2495,-0.91%,0.0139,1.2679,1.2385,1.50358,-0.0145,1.2485
12-05-2023,1.2457,1.2511,1.254,1.2442,-0.42%,0.0145,1.2679,1.2401,1.50503,-0.0105000000000004,1.2486
15-05-2023,1.2527,1.2451,1.2534,1.2441,0.56%,0.0145,1.2679,1.2433,1.50608,0.00130000000000052,1.2408
16-05-2023,1.2485,1.2521,1.2546,1.2464,-0.34%,0.0145,1.2679,1.2433,1.50595,-0.00250000000000128,1.2444
17-05-2023,1.2486,1.2488,1.251,1.242,0.01%,0.0145,1.2679,1.2433,1.5062,0.00740000000000052,1.2437
18-05-2023,1.2408,1.2486,1.2492,1.2389,-0.62%,0.0145,1.2679,1.2433,1.50546,0.00100000000000122,1.241
19-05-2023,1.2444,1.2408,1.2483,1.239,0.29%,0.0145,1.2679,1.2441,1.50536,0.00530000000000008,1.2364
22-05-2023,1.2437,1.2444,1.2472,1.2412,-0.06%,0.0145,1.2679,1.2441,1.50483,0.0109999999999992,1.2321
23-05-2023,1.241,1.2438,1.2446,1.2371,-0.22%,0.0145,1.2679,1.242,1.50373,0.0130999999999997,1.2343
24-05-2023,1.2364,1.2411,1.2469,1.2356,-0.37%,0.0145,1.2679,1.2389,1.50242,0.0225000000000009,1.2351
25-05-2023,1.2321,1.2362,1.2386,1.2306,-0.35%,0.0145,1.2679,1.2389,1.50017,0.0254999999999992,1.2413
26-05-2023,1.2343,1.2321,1.2395,1.231,0.18%,0.0145,1.2679,1.2389,1.49762,0.0297999999999998,1.2437
29-05-2023,1.2351,1.2342,1.2371,1.2333,0.06%,0.0145,1.264,1.2371,1.49464,0.0281000000000002,1.2525
30-05-2023,1.2413,1.235,1.2446,1.2325,0.50%,0.0112999999999999,1.2546,1.2356,1.49183,0.0160999999999998,1.2448
31-05-2023,1.2437,1.2412,1.2443,1.2345,0.19%,0.0121,1.2546,1.2306,1.49022,0.00390000000000157,1.2437
01-06-2023,1.2525,1.2438,1.2539,1.2399,0.71%,0.0121,1.2546,1.2306,1.48983,0.00829999999999842,1.2424
02-06-2023,1.2448,1.2524,1.2544,1.244,-0.61%,0.014,1.2539,1.2306,1.489,-0.00359999999999872,1.2434
05-06-2023,1.2437,1.2456,1.2456,1.2366,-0.09%,0.014,1.2544,1.2306,1.48936,0.00300000000000011,1.2553
06-06-2023,1.2424,1.2429,1.2458,1.239,-0.10%,0.014,1.2544,1.2306,1.48906,-0.00210000000000044,1.2569
07-06-2023,1.2434,1.2423,1.2499,1.2393,0.08%,0.014,1.2544,1.2306,1.48927,0.00210000000000044,1.2511
08-06-2023,1.2553,1.2435,1.2561,1.243,0.96%,0.014,1.2544,1.2306,1.48906,0.000299999999999301,1.2612
09-06-2023,1.2569,1.2554,1.259,1.2532,0.13%,0.014,1.2561,1.2306,1.48903,-0.0143000000000004,1.2661
12-06-2023,1.2511,1.257,1.2599,1.2485,-0.46%,0.014,1.259,1.2306,1.49046,-0.0207999999999995,1.2781
13-06-2023,1.2612,1.2503,1.2624,1.2497,0.81%,0.014,1.2599,1.231,1.49254,-0.0182000000000002,1.2817
14-06-2023,1.2661,1.2611,1.2698,1.2599,0.39%,0.014,1.2624,1.2325,1.49436,-0.0268999999999995,1.279
15-06-2023,1.2781,1.2664,1.2785,1.2628,0.95%,0.014,1.2698,1.2325,1.49705,-0.0313999999999997,1.2761
16-06-2023,1.2817,1.2779,1.2848,1.2766,0.28%,0.0157,1.2785,1.2345,1.50019,-0.0367000000000015,1.2769
19-06-2023,1.279,1.2817,1.2837,1.2768,-0.21%,0.0157,1.2848,1.2366,1.50386,-0.0378999999999987,1.2746
20-06-2023,1.2761,1.2788,1.2806,1.2712,-0.23%,0.0157,1.2848,1.2366,1.50765,-0.0264000000000006,1.2711
21-06-2023,1.2769,1.2763,1.2801,1.2689,0.06%,0.0157,1.2848,1.2366,1.51029,-0.0306999999999995,1.2712
22-06-2023,1.2746,1.2767,1.2838,1.2723,-0.18%,0.0157,1.2848,1.239,1.51336,-0.0338000000000012,1.2746
23-06-2023,1.2711,1.2741,1.2754,1.2683,-0.27%,0.0157,1.2848,1.2393,1.51674,-0.0317999999999987,1.264
26-06-2023,1.2712,1.2707,1.2748,1.2686,0.01%,0.0157,1.2848,1.243,1.51992,-0.0272000000000006,1.2612
27-06-2023,1.2746,1.2714,1.2759,1.2701,0.27%,0.0157,1.2848,1.2485,1.52264,-0.016,1.2704
28-06-2023,1.264,1.2751,1.2752,1.2605,-0.83%,0.0157,1.2848,1.2485,1.52424,-0.0181000000000005,1.2691
29-06-2023,1.2612,1.2634,1.2666,1.2589,-0.22%,0.0157,1.2848,1.2497,1.52605,-0.0130999999999997,1.2712
30-06-2023,1.2704,1.2617,1.2727,1.2597,0.73%,0.0157,1.2848,1.2599,1.52736,-0.000600000000000378,1.2704
03-07-2023,1.2691,1.2684,1.2723,1.2656,-0.10%,0.0157,1.2848,1.2628,1.52742,-0.00199999999999889,1.274
04-07-2023,1.2712,1.2692,1.2739,1.2681,0.17%,0.0146999999999999,1.2848,1.2605,1.52762,0.00869999999999926,1.2836
05-07-2023,1.2704,1.2711,1.2735,1.2686,-0.06%,0.0146999999999999,1.2838,1.2589,1.52675,0.0106000000000002,1.2859
06-07-2023,1.274,1.2696,1.278,1.2672,0.28%,0.0146999999999999,1.2838,1.2589,1.52569,0.00919999999999988,1.2932
07-07-2023,1.2836,1.2735,1.2849,1.2723,0.75%,0.0146999999999999,1.2838,1.2589,1.52477,0.00280000000000058,1.2986
10-07-2023,1.2859,1.2833,1.2868,1.2748,0.18%,0.0146999999999999,1.2849,1.2589,1.52449,-0.00660000000000061,1.3133
11-07-2023,1.2932,1.2855,1.2934,1.2851,0.57%,0.0146999999999999,1.2868,1.2589,1.52515,-0.0114000000000001,1.3086
12-07-2023,1.2986,1.2932,1.3,1.2902,0.42%,0.0146999999999999,1.2934,1.2589,1.52629,-0.0225000000000009,1.3071
13-07-2023,1.3133,1.2982,1.314,1.2979,1.13%,0.0146999999999999,1.3,1.2589,1.52854,-0.0267999999999997,1.3034
14-07-2023,1.3086,1.313,1.3144,1.3085,-0.36%,0.0161,1.314,1.2589,1.53122,-0.0379000000000005,1.2937
17-07-2023,1.3071,1.3084,1.3108,1.3049,-0.11%,0.0161,1.3144,1.2589,1.53501,-0.0449999999999982,1.2865
18-07-2023,1.3034,1.3076,1.3125,1.3027,-0.28%,0.0161,1.3144,1.2597,1.53951,-0.0459000000000014,1.2855
19-07-2023,1.2937,1.304,1.3044,1.2867,-0.74%,0.0161,1.3144,1.2656,1.5441,-0.0356000000000005,1.2832
20-07-2023,1.2865,1.2936,1.2964,1.2838,-0.56%,0.0177000000000001,1.3144,1.2672,1.54766,-0.0244,1.29
21-07-2023,1.2855,1.2866,1.2904,1.2814,-0.08%,0.0177000000000001,1.3144,1.2672,1.5501,-0.0154999999999994,1.2939
24-07-2023,1.2832,1.2855,1.2883,1.2796,-0.18%,0.0177000000000001,1.3144,1.2672,1.55165,-0.0159000000000002,1.2793
25-07-2023,1.29,1.2827,1.2904,1.2808,0.53%,0.0177000000000001,1.3144,1.2723,1.55324,-0.00919999999999988,1.285
26-07-2023,1.2939,1.2895,1.296,1.2874,0.30%,0.0177000000000001,1.3144,1.2748,1.55416,-0.00619999999999976,1.2837
27-07-2023,1.2793,1.2937,1.2995,1.278,-1.13%,0.0177000000000001,1.3144,1.2814,1.55478,-0.00820000000000043,1.2777
28-07-2023,1.285,1.2796,1.2886,1.2761,0.45%,0.0215000000000001,1.3144,1.2796,1.5556,0.0136000000000003,1.2709
31-07-2023,1.2837,1.2847,1.2872,1.2826,-0.10%,0.0215000000000001,1.3144,1.2796,1.55424,0.0135000000000005,1.2713
01-08-2023,1.2777,1.2833,1.2841,1.2739,-0.47%,0.0215000000000001,1.3144,1.2796,1.55289,0.0297000000000001,1.2748
02-08-2023,1.2709,1.2776,1.2805,1.2678,-0.53%,0.0215000000000001,1.3125,1.278,1.54992,0.0307999999999993,1.2784
03-08-2023,1.2713,1.2711,1.2728,1.262,0.03%,0.0215000000000001,1.3125,1.2761,1.54684,0.0365000000000002,1.2746
04-08-2023,1.2748,1.2712,1.2792,1.2687,0.28%,0.0215000000000001,1.3044,1.2761,1.54319,0.0327999999999999,1.2718
07-08-2023,1.2784,1.2751,1.2789,1.2711,0.28%,0.0215000000000001,1.2995,1.2739,1.53991,0.0184999999999995,1.2675
08-08-2023,1.2746,1.2784,1.2785,1.2682,-0.30%,0.0215000000000001,1.2995,1.2678,1.53806,0.00820000000000043,1.2694
09-08-2023,1.2718,1.2744,1.2781,1.271,-0.22%,0.0215000000000001,1.2995,1.262,1.53724,0.0111000000000008,1.268
10-08-2023,1.2675,1.2716,1.2818,1.2667,-0.34%,0.0215000000000001,1.2995,1.262,1.53613,0.011099999999999,1.2703
11-08-2023,1.2694,1.2676,1.2738,1.2664,0.15%,0.0215000000000001,1.2995,1.262,1.53502,0.0219000000000005,1.2727
14-08-2023,1.268,1.2684,1.2714,1.2614,-0.11%,0.0215000000000001,1.2995,1.262,1.53283,0.0252999999999997,1.2745
15-08-2023,1.2703,1.2688,1.2752,1.2673,0.18%,0.0151000000000001,1.2886,1.262,1.5303,0.0108000000000015,1.273
16-08-2023,1.2727,1.2705,1.2766,1.2685,0.19%,0.0151000000000001,1.2872,1.262,1.52922,0.0141999999999989,1.2754
17-08-2023,1.2745,1.2727,1.2787,1.2701,0.14%,0.0151000000000001,1.2841,1.262,1.5278,0.0106000000000002,1.273
18-08-2023,1.273,1.2743,1.2766,1.2687,-0.12%,0.0151000000000001,1.2818,1.2614,1.52674,0.00330000000000119,1.2726
21-08-2023,1.2754,1.2731,1.2766,1.2708,0.19%,0.0151000000000001,1.2818,1.2614,1.52641,-0.00200000000000067,1.2599
22-08-2023,1.273,1.2756,1.28,1.2716,-0.19%,0.0151000000000001,1.2818,1.2614,1.52661,-0.0044000000000004,1.2577
23-08-2023,1.2726,1.2731,1.2764,1.2613,-0.03%,0.0151000000000001,1.2818,1.2614,1.52705,0.00200000000000067,1.2603
24-08-2023,1.2599,1.273,1.273,1.2589,-1.00%,0.0151000000000001,1.2818,1.2614,1.52685,0.00539999999999985,1.2638
25-08-2023,1.2577,1.2599,1.2653,1.2546,-0.17%,0.0151000000000001,1.2818,1.2614,1.52631,0.0145,1.2718
28-08-2023,1.2603,1.2573,1.261,1.2564,0.21%,0.0151000000000001,1.2818,1.2614,1.52486,0.0143000000000004,1.2673
29-08-2023,1.2638,1.2601,1.2654,1.256,0.28%,0.0150999999999999,1.28,1.2613,1.52343,0.00750000000000028,1.2588
30-08-2023,1.2718,1.2643,1.2746,1.2617,0.63%,0.0150999999999999,1.28,1.2589,1.52268,0.00409999999999933,1.2621
31-08-2023,1.2673,1.2716,1.2734,1.265,-0.35%,0.0150999999999999,1.28,1.2546,1.52227,-0.00280000000000058,1.2563
01-09-2023,1.2588,1.2673,1.2712,1.2575,-0.67%,0.0150999999999999,1.28,1.2546,1.52255,0.00319999999999965,1.2505
04-09-2023,1.2621,1.2584,1.2642,1.258,0.26%,0.0150999999999999,1.28,1.2546,1.52223,0.0143000000000004,1.2473
05-09-2023,1.2563,1.2619,1.2631,1.2526,-0.46%,0.0150999999999999,1.28,1.2546,1.5208,0.0123999999999995,1.2464
06-09-2023,1.2505,1.2563,1.2587,1.2481,-0.46%,0.0150999999999999,1.28,1.2546,1.51956,0.0167999999999999,1.2509
07-09-2023,1.2473,1.2505,1.2509,1.2444,-0.26%,0.0150999999999999,1.28,1.2546,1.51788,0.0251000000000001,1.2484
08-09-2023,1.2464,1.2472,1.2514,1.2449,-0.07%,0.0150999999999999,1.2764,1.2546,1.51537,0.0259,1.2488
11-09-2023,1.2509,1.2478,1.2547,1.2468,0.36%,0.0141,1.2746,1.2526,1.51278,0.0251999999999999,1.2409
12-09-2023,1.2484,1.2505,1.253,1.2457,-0.20%,0.0137,1.2746,1.2481,1.51026,0.00940000000000119,1.2389
13-09-2023,1.2488,1.2484,1.2511,1.2431,0.03%,0.0137,1.2746,1.2444,1.50932,0.0088999999999988,1.2382
14-09-2023,1.2409,1.2484,1.2506,1.2394,-0.63%,0.0137,1.2746,1.2444,1.50843,0.0117000000000012,1.239
15-09-2023,1.2389,1.2408,1.2445,1.2377,-0.16%,0.0137,1.2746,1.2444,1.50726,0.0235000000000003,1.2344
18-09-2023,1.2382,1.2381,1.241,1.2368,-0.06%,0.0137,1.2734,1.2444,1.50491,0.0335000000000001,1.2294
19-09-2023,1.239,1.2383,1.2424,1.2368,0.06%,0.0137,1.2712,1.2431,1.50156,0.0289999999999999,1.2238
20-09-2023,1.2344,1.239,1.2421,1.233,-0.37%,0.0111999999999999,1.2642,1.2394,1.49866,0.0193999999999992,1.2211
21-09-2023,1.2294,1.2347,1.2354,1.2234,-0.41%,0.0111999999999999,1.2631,1.2377,1.49672,0.0272000000000006,1.2157
22-09-2023,1.2238,1.2299,1.2299,1.2229,-0.46%,0.012,1.2587,1.2368,1.494,0.0264000000000006,1.2134
25-09-2023,1.2211,1.2242,1.225,1.2192,-0.22%,0.012,1.2547,1.2368,1.49136,0.0262999999999991,1.2197
26-09-2023,1.2157,1.2207,1.2215,1.215,-0.44%,0.012,1.2547,1.233,1.48873,0.0265000000000004,1.2197
27-09-2023,1.2134,1.2167,1.2167,1.2108,-0.19%,0.012,1.2547,1.2234,1.48608,0.0311000000000004,1.2086
28-09-2023,1.2197,1.2134,1.2224,1.2118,0.52%,0.012,1.253,1.2229,1.48297,0.0370999999999988,1.2075
29-09-2023,1.2197,1.2196,1.2271,1.2178,0.00%,0.012,1.2511,1.2192,1.47926,0.0288000000000004,1.2128
02-10-2023,1.2086,1.2197,1.222,1.2085,-0.91%,0.012,1.2506,1.215,1.47638,0.0287000000000006,1.219
03-10-2023,1.2075,1.209,1.2101,1.205,-0.09%,0.0135000000000001,1.2445,1.2108,1.47351,0.0317999999999987,1.2238
04-10-2023,1.2128,1.2072,1.2176,1.2035,0.44%,0.0135000000000001,1.2424,1.2108,1.47033,0.0309000000000008,1.2236
05-10-2023,1.219,1.2135,1.2195,1.2106,0.51%,0.0141,1.2424,1.2108,1.46724,0.024799999999999,1.2285
06-10-2023,1.2238,1.2191,1.2261,1.2104,0.39%,0.0141,1.2421,1.2085,1.46476,0.0198999999999998,1.2311
09-10-2023,1.2236,1.2225,1.2244,1.2161,-0.02%,0.0157,1.2354,1.205,1.46277,0.0122,1.2173
10-10-2023,1.2285,1.2237,1.2291,1.2209,0.40%,0.0157,1.2299,1.2035,1.46155,0.00620000000000154,1.2141
11-10-2023,1.2311,1.2285,1.2337,1.2266,0.21%,0.0157,1.2291,1.2035,1.46093,-0.00430000000000064,1.2216
12-10-2023,1.2173,1.2312,1.2331,1.217,-1.12%,0.0157,1.2337,1.2035,1.46136,-0.0105000000000004,1.2178
13-10-2023,1.2141,1.2181,1.2225,1.212,-0.26%,0.0161,1.2337,1.2035,1.46241,-0.00140000000000029,1.214
16-10-2023,1.2216,1.2135,1.2219,1.2129,0.62%,0.0161,1.2337,1.2035,1.46255,-9.99999999997669E-05,1.2143
17-10-2023,1.2178,1.2217,1.2217,1.2132,-0.31%,0.0161,1.2337,1.2035,1.46256,-0.00210000000000044,1.216
18-10-2023,1.214,1.2182,1.2211,1.2135,-0.31%,0.0161,1.2337,1.2035,1.46277,0.00150000000000006,1.2248
19-10-2023,1.2143,1.2139,1.2191,1.2088,0.02%,0.0161,1.2337,1.2035,1.46262,-0.00489999999999924,1.2159
20-10-2023,1.216,1.2142,1.217,1.2091,0.14%,0.0161,1.2337,1.2035,1.46311,-0.00699999999999967,1.2108
23-10-2023,1.2248,1.2158,1.2258,1.2141,0.72%,0.0161,1.2337,1.2104,1.46381,-0.00229999999999997,1.2126
24-10-2023,1.2159,1.2246,1.2288,1.2151,-0.73%,0.0161,1.2337,1.2104,1.46404,-0.00549999999999962,1.2122
25-10-2023,1.2108,1.2164,1.2176,1.2104,-0.42%,0.0161,1.2337,1.2088,1.46459,0.00609999999999999,1.2168
26-10-2023,1.2126,1.2111,1.2139,1.2068,0.15%,0.0161,1.2337,1.2088,1.46398,0.0125999999999991,1.2152
27-10-2023,1.2122,1.2127,1.2162,1.2103,-0.03%,0.0161,1.2337,1.2088,1.46272,0.0158000000000005,1.215
30-10-2023,1.2168,1.2113,1.2174,1.2088,0.38%,0.0161,1.2331,1.2088,1.46114,0.0198999999999998,1.2201
31-10-2023,1.2152,1.2169,1.22,1.2117,-0.13%,0.0136999999999998,1.2288,1.2088,1.45915,0.00120000000000076,1.2376
01-11-2023,1.215,1.2152,1.2164,1.2093,-0.02%,0.0136999999999998,1.2288,1.2068,1.45903,-0.00170000000000137,1.2341
02-11-2023,1.2201,1.215,1.2225,1.2135,0.42%,0.0136999999999998,1.2288,1.2068,1.4592,0.00670000000000037,1.2299
03-11-2023,1.2376,1.2197,1.2389,1.2181,1.43%,0.0136999999999998,1.2288,1.2068,1.45853,-0.00150000000000006,1.2282
06-11-2023,1.2341,1.2366,1.2428,1.2335,-0.28%,0.0207999999999999,1.2389,1.2068,1.45868,-0.0227000000000004,1.2221
07-11-2023,1.2299,1.2342,1.2351,1.2259,-0.34%,0.0207999999999999,1.2428,1.2068,1.46095,-0.0199999999999996,1.2222
08-11-2023,1.2282,1.2298,1.2302,1.2238,-0.14%,0.0207999999999999,1.2428,1.2068,1.46295,-0.0139999999999993,1.2278
09-11-2023,1.2221,1.2284,1.2308,1.221,-0.50%,0.0207999999999999,1.2428,1.2068,1.46435,-0.00380000000000003,1.2497
10-11-2023,1.2222,1.2221,1.2237,1.2184,0.01%,0.0207999999999999,1.2428,1.2068,1.46473,-0.00570000000000093,1.2418
13-11-2023,1.2278,1.2217,1.228,1.221,0.46%,0.0207999999999999,1.2428,1.2068,1.4653,-0.0106000000000002,1.2406
14-11-2023,1.2497,1.2278,1.2505,1.2262,1.78%,0.0207999999999999,1.2428,1.2088,1.46636,-0.0150999999999986,1.2461
15-11-2023,1.2418,1.2499,1.25,1.2401,-0.63%,0.0243,1.2505,1.2088,1.46787,-0.0386000000000006,1.2504
16-11-2023,1.2406,1.2415,1.2455,1.2373,-0.10%,0.0243,1.2505,1.2093,1.47173,-0.0245999999999995,1.2537
17-11-2023,1.2461,1.2414,1.2464,1.2371,0.44%,0.0243,1.2505,1.2093,1.47419,-0.0262000000000011,1.2492
20-11-2023,1.2504,1.2454,1.2517,1.2444,0.35%,0.0243,1.2505,1.2135,1.47681,-0.0304000000000002,1.2533
21-11-2023,1.2537,1.2505,1.2559,1.2496,0.26%,0.0243,1.2517,1.2181,1.47985,-0.0307999999999993,1.2603
22-11-2023,1.2492,1.2537,1.2549,1.2446,-0.36%,0.0243,1.2559,1.2184,1.48293,-0.0170999999999992,1.2625
23-11-2023,1.2533,1.2489,1.2562,1.2485,0.33%,0.0243,1.2559,1.2184,1.48464,-0.0147000000000013,1.2693
24-11-2023,1.2603,1.253,1.2615,1.2521,0.56%,0.0243,1.2562,1.2184,1.48611,-0.0231999999999992,1.2694
27-11-2023,1.2625,1.2592,1.2644,1.2588,0.17%,0.0243,1.2615,1.2184,1.48843,-0.0308000000000011,1.2622
28-11-2023,1.2693,1.2624,1.2714,1.2604,0.54%,0.0243,1.2644,1.2184,1.49151,-0.0403000000000002,1.27
29-11-2023,1.2694,1.2696,1.2733,1.2662,0.01%,0.0243,1.2714,1.221,1.49554,-0.0478999999999985,1.2632
30-11-2023,1.2622,1.2695,1.271,1.26,-0.57%,0.0243,1.2733,1.2262,1.50033,-0.0417000000000005,1.2593
01-12-2023,1.27,1.2621,1.2716,1.2611,0.62%,0.0110000000000001,1.2733,1.2371,1.5045,-0.0122,1.2559
04-12-2023,1.2632,1.271,1.2724,1.2601,-0.54%,0.0110000000000001,1.2733,1.2371,1.50572,-0.0295000000000005,1.259
05-12-2023,1.2593,1.2627,1.2651,1.2574,-0.31%,0.0123,1.2733,1.2371,1.50867,-0.0213000000000001,1.2546
06-12-2023,1.2559,1.2599,1.2613,1.2548,-0.27%,0.0123,1.2733,1.2444,1.5108,-0.0145,1.2553
07-12-2023,1.259,1.2559,1.2612,1.2541,0.25%,0.0123,1.2733,1.2446,1.51225,-0.00539999999999985,1.2561
08-12-2023,1.2546,1.2592,1.2601,1.25,-0.35%,0.0123,1.2733,1.2446,1.51279,-0.00549999999999962,1.2618
11-12-2023,1.2553,1.254,1.259,1.2528,0.06%,0.0123,1.2733,1.2485,1.51334,-0.00510000000000055,1.2766
12-12-2023,1.2561,1.2554,1.2614,1.2511,0.06%,0.0123,1.2733,1.2521,1.51385,-0.00239999999999974,1.2675
13-12-2023,1.2618,1.2559,1.2634,1.2497,0.45%,0.0123,1.2733,1.2541,1.51409,0.00329999999999941,1.2642
14-12-2023,1.2766,1.2616,1.2794,1.2609,1.17%,0.0137,1.2733,1.25,1.51376,0.000799999999999912,1.273
15-12-2023,1.2675,1.276,1.279,1.2666,-0.71%,0.0185000000000002,1.2794,1.25,1.51368,-0.0063999999999993,1.2637
18-12-2023,1.2642,1.2675,1.2704,1.2626,-0.26%,0.0185000000000002,1.2794,1.25,1.51432,0.00200000000000067,1.2688
19-12-2023,1.273,1.2643,1.2761,1.2637,0.70%,0.0185000000000002,1.2794,1.2497,1.51412,-0.0022000000000002,1.27
20-12-2023,1.2637,1.273,1.2734,1.2622,-0.73%,0.0185000000000002,1.2794,1.2497,1.51434,-0.00200000000000067,1.2689
21-12-2023,1.2688,1.2638,1.2695,1.2609,0.40%,0.0185000000000002,1.2794,1.2497,1.51454,-0.00109999999999921,1.2726
22-12-2023,1.27,1.2685,1.2744,1.2671,0.09%,0.0185000000000002,1.2794,1.2497,1.51465,-0.00860000000000127,1.2794
25-12-2023,1.2689,1.2707,1.2725,1.268,-0.09%,0.0185000000000002,1.2794,1.2497,1.51551,-0.0147999999999993,1.273
26-12-2023,1.2726,1.2691,1.273,1.2681,0.29%,0.0185000000000002,1.2794,1.2497,1.51699,-0.00990000000000002,1.2729
27-12-2023,1.2794,1.2717,1.2802,1.2696,0.53%,0.0185000000000002,1.2794,1.2497,1.51798,-0.0176999999999996,1.2723
28-12-2023,1.273,1.2795,1.2827,1.2709,-0.50%,0.0185000000000002,1.2802,1.2497,1.51975,-0.0241000000000007,1.2614
29-12-2023,1.2729,1.2729,1.2772,1.2697,-0.01%,0.0185000000000002,1.2827,1.2497,1.52216,-0.0169999999999995,1.2662
01-01-2024,1.2723,1.2729,1.2747,1.2708,-0.05%,0.0185000000000002,1.2827,1.2609,1.52386,-0.0113000000000003,1.2679
02-01-2024,1.2614,1.2727,1.2759,1.2607,-0.86%,0.0124,1.2827,1.2609,1.52499,0.00330000000000119,1.2716
03-01-2024,1.2662,1.2617,1.2676,1.2611,0.38%,0.0152000000000001,1.2827,1.2609,1.52466,0.00579999999999892,1.2747
04-01-2024,1.2679,1.266,1.2729,1.2654,0.13%,0.0152000000000001,1.2827,1.2609,1.52408,-0.00169999999999959,1.2705
05-01-2024,1.2716,1.2679,1.277,1.2608,0.29%,0.0152000000000001,1.2827,1.2609,1.52425,0.00510000000000055,1.2739
08-01-2024,1.2747,1.2719,1.2766,1.267,0.24%,0.0162,1.2827,1.2607,1.52374,-0.00810000000000066,1.276
09-01-2024,1.2705,1.2745,1.2764,1.2687,-0.33%,0.0162,1.2827,1.2607,1.52455,-0.00600000000000023,1.2751
10-01-2024,1.2739,1.2706,1.2744,1.2683,0.27%,0.0162,1.2827,1.2607,1.52515,9.99999999997669E-05,1.2725
11-01-2024,1.276,1.2739,1.2774,1.2687,0.16%,0.0162,1.2827,1.2607,1.52514,-0.00479999999999947,1.2636
12-01-2024,1.2751,1.2756,1.2785,1.2716,-0.07%,0.0162,1.2827,1.2607,1.52562,-0.00389999999999979,1.2672
15-01-2024,1.2725,1.2747,1.2765,1.271,-0.20%,0.0162,1.2827,1.2607,1.52601,0.00479999999999947,1.2705
16-01-2024,1.2636,1.2731,1.2736,1.2616,-0.70%,0.0162,1.2785,1.2607,1.52553,-0.000199999999999534,1.27
17-01-2024,1.2672,1.2631,1.2696,1.2593,0.28%,0.0162,1.2785,1.2607,1.52555,0.00980000000000025,1.2706
18-01-2024,1.2705,1.2672,1.2708,1.2645,0.26%,0.0162,1.2785,1.2607,1.52457,0.00549999999999962,1.2687
19-01-2024,1.27,1.2705,1.2714,1.2658,-0.04%,0.0162,1.2785,1.2608,1.52402,-0.00880000000000081,1.2723
22-01-2024,1.2706,1.269,1.2732,1.2684,0.05%,0.0162,1.2785,1.2608,1.5249,-0.00299999999999834,1.2708
23-01-2024,1.2687,1.2709,1.2747,1.2646,-0.15%,0.0162,1.2785,1.2593,1.5252,-0.00300000000000011,1.2702
24-01-2024,1.2723,1.2686,1.2774,1.2674,0.28%,0.012,1.2785,1.2593,1.5255,0.00329999999999941,1.2707
25-01-2024,1.2708,1.2719,1.2742,1.2679,-0.12%,0.012,1.2785,1.2593,1.52517,0.00259999999999927,1.2697
26-01-2024,1.2702,1.2708,1.2758,1.2672,-0.05%,0.012,1.2785,1.2593,1.52491,-0.000199999999999534,1.2685
29-01-2024,1.2707,1.2693,1.2718,1.2659,0.04%,0.012,1.2785,1.2593,1.52493,0.00459999999999994,1.2742
30-01-2024,1.2697,1.2708,1.2721,1.2637,-0.08%,0.012,1.2785,1.2593,1.52447,0.00480000000000125,1.263
31-01-2024,1.2685,1.2697,1.275,1.2655,-0.09%,0.012,1.2774,1.2593,1.52399,0.00499999999999901,1.2532
01-02-2024,1.2742,1.2687,1.2755,1.2622,0.45%,0.012,1.2774,1.2593,1.52349,0.0044000000000004,1.2597
02-02-2024,1.263,1.274,1.2772,1.2611,-0.88%,0.0133000000000001,1.2774,1.2593,1.52305,-0.0109000000000012,1.2625
05-02-2024,1.2532,1.2631,1.2639,1.2515,-0.78%,0.0160999999999998,1.2774,1.2637,1.52414,0.0041000000000011,1.2616
06-02-2024,1.2597,1.2534,1.2603,1.2527,0.52%,0.0160999999999998,1.2774,1.2637,1.52373,0.0170999999999992,1.2619
07-02-2024,1.2625,1.2596,1.2641,1.2588,0.22%,0.0160999999999998,1.2774,1.2622,1.52202,0.00940000000000119,1.2626
08-02-2024,1.2616,1.2625,1.2638,1.2569,-0.07%,0.0160999999999998,1.2774,1.2611,1.52108,0.00839999999999819,1.2589
09-02-2024,1.2619,1.262,1.2642,1.2596,0.02%,0.0160999999999998,1.2774,1.2515,1.52024,0.00660000000000061,1.2565
12-02-2024,1.2626,1.2621,1.2654,1.2603,0.06%,0.0160999999999998,1.2772,1.2515,1.51958,0.00980000000000025,1.26
13-02-2024,1.2589,1.2628,1.2683,1.257,-0.29%,0.0160999999999998,1.2772,1.2515,1.5186,0.00799999999999912,1.2598
14-02-2024,1.2565,1.2588,1.2611,1.2532,-0.19%,0.0160999999999998,1.2772,1.2515,1.5178,0.0105000000000004,1.2593
15-02-2024,1.26,1.256,1.2602,1.2539,0.28%,0.0160999999999998,1.2772,1.2515,1.51675,0.014800000000001,1.2618
16-02-2024,1.2598,1.2599,1.2624,1.2548,-0.02%,0.0160999999999998,1.2772,1.2515,1.51527,0.00980000000000025,1.2634
19-02-2024,1.2593,1.2599,1.2629,1.258,-0.04%,0.0160999999999998,1.2772,1.2515,1.51429,0.00879999999999903,1.2659
20-02-2024,1.2618,1.2589,1.2668,1.2576,0.20%,0.0160999999999998,1.2772,1.2515,1.51341,0.0151000000000003,1.2679
21-02-2024,1.2634,1.2618,1.2641,1.2599,0.13%,0.0124,1.2683,1.2515,1.5119,0.00130000000000052,1.2682
22-02-2024,1.2659,1.2636,1.2709,1.2609,0.20%,0.0113000000000001,1.2683,1.2527,1.51177,-0.0102000000000011,1.2683
23-02-2024,1.2679,1.2656,1.27,1.2646,0.16%,0.0113000000000001,1.2709,1.2532,1.51279,-0.00600000000000023,1.2661
26-02-2024,1.2682,1.2662,1.2699,1.2654,0.02%,0.0113000000000001,1.2709,1.2532,1.51339,-0.00369999999999848,1.2623
27-02-2024,1.2683,1.2683,1.2696,1.2657,0.01%,0.0113000000000001,1.2709,1.2532,1.51376,-0.0063000000000013,1.265
28-02-2024,1.2661,1.2682,1.2687,1.2618,-0.17%,0.0113000000000001,1.2709,1.2532,1.51439,-0.00609999999999999,1.269
29-02-2024,1.2623,1.2659,1.2681,1.2609,-0.30%,0.0113000000000001,1.2709,1.2532,1.515,-0.00309999999999988,1.2703
01-03-2024,1.265,1.2622,1.2663,1.2597,0.21%,0.01,1.2709,1.2532,1.51531,-0.00339999999999918,1.2729
04-03-2024,1.269,1.2652,1.2706,1.2646,0.32%,0.01,1.2709,1.2539,1.51565,-0.00920000000000165,1.2806
05-03-2024,1.2703,1.269,1.2734,1.2668,0.10%,0.01,1.2709,1.2548,1.51657,-0.00909999999999833,1.2857
06-03-2024,1.2729,1.2705,1.2761,1.2687,0.20%,0.01,1.2734,1.2576,1.51748,-0.0106000000000002,1.2812
07-03-2024,1.2806,1.274,1.281,1.272,0.60%,0.01,1.2761,1.2576,1.51854,-0.0151000000000003,1.2791
08-03-2024,1.2857,1.2808,1.2893,1.2798,0.40%,0.01,1.281,1.2597,1.52005,-0.0190000000000001,1.2796
11-03-2024,1.2812,1.286,1.2863,1.2792,-0.35%,0.01,1.2893,1.2597,1.52195,-0.0223999999999993,1.2751
12-03-2024,1.2791,1.2813,1.2833,1.2743,-0.16%,0.00949999999999984,1.2893,1.2597,1.52419,-0.0157000000000007,1.2739
13-03-2024,1.2796,1.2791,1.2811,1.2771,0.04%,0.00949999999999984,1.2893,1.2597,1.52576,-0.0129000000000001,1.2727
14-03-2024,1.2751,1.2795,1.2822,1.2727,-0.35%,0.00949999999999984,1.2893,1.2597,1.52705,-0.0112000000000005,1.272
15-03-2024,1.2739,1.2751,1.2758,1.2722,-0.09%,0.00950000000000006,1.2893,1.2597,1.52817,-0.00689999999999991,1.2784
18-03-2024,1.2727,1.2729,1.2746,1.2716,-0.09%,0.00950000000000006,1.2893,1.2597,1.52886,-0.00699999999999967,1.2656
19-03-2024,1.272,1.2728,1.2732,1.2665,-0.06%,0.00950000000000006,1.2893,1.2597,1.52956,-0.0106000000000002,1.2601
20-03-2024,1.2784,1.2717,1.2787,1.2681,0.50%,0.00950000000000006,1.2893,1.2646,1.53062,-0.00649999999999906,1.2634
21-03-2024,1.2656,1.2781,1.2803,1.2647,-1.00%,0.0105999999999999,1.2893,1.2668,1.53127,-0.00910000000000011,1.2625
22-03-2024,1.2601,1.2657,1.2675,1.2572,-0.43%,0.0156000000000001,1.2893,1.2687,1.53218,0.00479999999999947,1.2638
25-03-2024,1.2634,1.2596,1.2652,1.2589,0.26%,0.0156000000000001,1.2893,1.2665,1.5317,0.0144000000000002,1.2622
26-03-2024,1.2625,1.2636,1.2667,1.2619,-0.07%,0.0156000000000001,1.2893,1.2665,1.53026,0.0172000000000008,1.2623
27-03-2024,1.2638,1.2626,1.2641,1.2602,0.10%,0.0156000000000001,1.2863,1.2647,1.52854,0.0233999999999988,1.255
28-03-2024,1.2622,1.2638,1.2654,1.2583,-0.13%,0.0156000000000001,1.2833,1.2572,1.5262,0.0175000000000001,1.2577
29-03-2024,1.2623,1.2621,1.2645,1.2607,0.01%,0.0156000000000001,1.2822,1.2572,1.52445,0.0170000000000012,1.2651
01-04-2024,1.255,1.2629,1.2641,1.2536,-0.58%,0.0156000000000001,1.2822,1.2572,1.52275,0.0165999999999986,1.264
02-04-2024,1.2577,1.2547,1.2578,1.2536,0.22%,0.0156000000000001,1.2803,1.2572,1.52109,0.0204000000000004,1.2636
03-04-2024,1.2651,1.2574,1.2655,1.2559,0.59%,0.0156000000000001,1.2803,1.2572,1.51905,0.0154999999999994,1.2652
04-04-2024,1.264,1.2652,1.2683,1.2632,-0.09%,0.0156000000000001,1.2803,1.2572,1.5175,0.00760000000000005,1.2676
05-04-2024,1.2636,1.2641,1.2648,1.2571,-0.03%,0.0156000000000001,1.2803,1.2536,1.51674,0.00760000000000005,1.2531
08-04-2024,1.2652,1.2636,1.2664,1.261,0.13%,0.0156000000000001,1.2803,1.2536,1.51598,0.0145,1.255
09-04-2024,1.2676,1.2649,1.2709,1.2645,0.19%,0.0105,1.2683,1.2536,1.51453,0.000799999999999912,1.245
10-04-2024,1.2531,1.2677,1.2707,1.2517,-1.14%,0.0105,1.2709,1.2536,1.51445,-0.00809999999999889,1.2444
11-04-2024,1.255,1.2533,1.2578,1.2508,0.15%,0.0189999999999999,1.2709,1.2536,1.51526,0.0102999999999991,1.2424
12-04-2024,1.245,1.2553,1.2558,1.2423,-0.80%,0.0189999999999999,1.2709,1.2536,1.51423,0.00730000000000075,1.2446
15-04-2024,1.2444,1.245,1.2498,1.2433,-0.05%,0.0189999999999999,1.2709,1.2536,1.5135,0.0187999999999988,1.2435
16-04-2024,1.2424,1.2439,1.2471,1.2403,-0.16%,0.0189999999999999,1.2709,1.2517,1.51162,0.0182000000000002,1.2371
17-04-2024,1.2446,1.2424,1.2481,1.2414,0.18%,0.0189999999999999,1.2709,1.2508,1.5098,0.0205000000000002,1.2349
18-04-2024,1.2435,1.2451,1.2484,1.243,-0.09%,0.0189999999999999,1.2709,1.2423,1.50775,0.00960000000000072,1.2448
19-04-2024,1.2371,1.2435,1.2468,1.2363,-0.51%,0.0189999999999999,1.2709,1.2423,1.50679,0.0138999999999996,1.2461
22-04-2024,1.2349,1.2371,1.2392,1.2296,-0.18%,0.0189999999999999,1.2709,1.2403,1.5054,0.0281000000000002,1.2513
23-04-2024,1.2448,1.2347,1.2458,1.2329,0.80%,0.0189999999999999,1.2709,1.2403,1.50259,0.029399999999999,1.2489
24-04-2024,1.2461,1.2445,1.2469,1.2419,0.10%,0.0189999999999999,1.2709,1.2403,1.49965,0.0191000000000017,1.2561
25-04-2024,1.2513,1.2462,1.2525,1.2447,0.42%,0.0189999999999999,1.2709,1.2363,1.49774,0.0186999999999991,1.249
26-04-2024,1.2489,1.2518,1.254,1.2446,-0.19%,0.0189999999999999,1.2707,1.2296,1.49587,0.0159000000000002,1.2525
29-04-2024,1.2561,1.2489,1.2569,1.2477,0.58%,0.0135000000000001,1.2578,1.2296,1.49428,0.0044000000000004,1.2531
30-04-2024,1.249,1.2558,1.2564,1.2487,-0.57%,0.0135000000000001,1.2569,1.2296,1.49384,-0.000500000000000611,1.2544
01-05-2024,1.2525,1.2492,1.255,1.2463,0.28%,0.0128999999999999,1.2569,1.2296,1.49389,-0.00419999999999909,1.2561
02-05-2024,1.2531,1.2519,1.2544,1.2469,0.05%,0.0128999999999999,1.2569,1.2296,1.49431,-0.0080000000000009,1.2504
03-05-2024,1.2544,1.2533,1.2633,1.2519,0.10%,0.0128999999999999,1.2569,1.2296,1.49511,-0.0108999999999995,1.2496
06-05-2024,1.2561,1.2543,1.2594,1.2535,0.14%,0.0128999999999999,1.2633,1.2296,1.4962,-0.00919999999999988,1.2522
07-05-2024,1.2504,1.2559,1.257,1.2498,-0.45%,0.0128999999999999,1.2633,1.2296,1.49712,-0.0123999999999995,1.2521
08-05-2024,1.2496,1.2507,1.252,1.2464,-0.06%,0.0128999999999999,1.2633,1.2296,1.49836,-0.0136000000000003,1.2558
09-05-2024,1.2522,1.2489,1.2526,1.2443,0.21%,0.0128999999999999,1.2633,1.2329,1.49972,-0.0142000000000007,1.2588
10-05-2024,1.2521,1.2522,1.254,1.2499,-0.01%,0.0114000000000001,1.2633,1.2419,1.50114,-0.00769999999999982,1.2685
13-05-2024,1.2558,1.2521,1.2568,1.2514,0.30%,0.0114000000000001,1.2633,1.2446,1.50191,-0.00590000000000046,1.2666
14-05-2024,1.2588,1.2557,1.2592,1.2506,0.24%,0.0114000000000001,1.2633,1.2446,1.5025,-0.00389999999999979,1.2699
15-05-2024,1.2685,1.2591,1.2686,1.258,0.77%,0.0114000000000001,1.2633,1.2443,1.50289,-0.0101999999999993,1.2704
16-05-2024,1.2666,1.2679,1.27,1.264,-0.15%,0.0114000000000001,1.2686,1.2443,1.50391,-0.0121000000000002,1.2707
17-05-2024,1.2699,1.267,1.2711,1.2642,0.26%,0.0114000000000001,1.27,1.2443,1.50512,-0.0177999999999994,1.2715
20-05-2024,1.2704,1.2699,1.2725,1.2682,0.04%,0.0114000000000001,1.2711,1.2443,1.5069,-0.0180000000000007,1.2697
21-05-2024,1.2707,1.2704,1.2726,1.2684,0.02%,0.0114000000000001,1.2725,1.2443,1.5087,-0.0170999999999992,1.274
22-05-2024,1.2715,1.2708,1.2761,1.2697,0.06%,0.0105999999999999,1.2726,1.2443,1.51041,-0.0165000000000006,1.2767
23-05-2024,1.2697,1.2715,1.2746,1.2682,-0.14%,0.0105999999999999,1.2761,1.2443,1.51206,-0.0156000000000009,1.276
24-05-2024,1.274,1.269,1.275,1.2676,0.34%,0.0105999999999999,1.2761,1.2443,1.51362,-0.0183,1.2707
27-05-2024,1.2767,1.2726,1.2777,1.2726,0.21%,0.0105999999999999,1.2761,1.2443,1.51545,-0.0236999999999998,1.273
28-05-2024,1.276,1.2768,1.28,1.2751,-0.05%,0.0105999999999999,1.2777,1.2499,1.51782,-0.0245999999999995,1.2739
29-05-2024,1.2707,1.2759,1.2775,1.2696,-0.42%,0.0105999999999999,1.28,1.2506,1.52028,-0.0237999999999996,1.2804
30-05-2024,1.273,1.2699,1.2746,1.2678,0.18%,0.0105999999999999,1.28,1.2506,1.52266,-0.0142000000000007,1.2763
31-05-2024,1.2739,1.273,1.2765,1.2697,0.07%,0.0105999999999999,1.28,1.258,1.52408,-0.0138999999999996,1.2785
03-06-2024,1.2804,1.2729,1.2808,1.2692,0.51%,0.00790000000000002,1.28,1.264,1.52547,-0.00499999999999901,1.2788
04-06-2024,1.2763,1.2805,1.2817,1.274,-0.32%,0.0115999999999998,1.2808,1.2642,1.52597,-0.0135000000000005,1.2721
05-06-2024,1.2785,1.2763,1.2795,1.2752,0.17%,0.0115999999999998,1.2817,1.2676,1.52732,-0.00640000000000107,1.273
06-06-2024,1.2788,1.2785,1.2809,1.276,0.02%,0.0115999999999998,1.2817,1.2676,1.52796,-0.00809999999999889,1.274
07-06-2024,1.2721,1.2788,1.2811,1.2713,-0.52%,0.0115999999999998,1.2817,1.2676,1.52877,-0.0080000000000009,1.2796
10-06-2024,1.273,1.2721,1.2737,1.2685,0.07%,0.0115999999999998,1.2817,1.2676,1.52957,-0.000599999999998602,1.2759
11-06-2024,1.274,1.2729,1.2751,1.2703,0.08%,0.0115999999999998,1.2817,1.2676,1.52963,-0.00390000000000157,1.2682
12-06-2024,1.2796,1.274,1.286,1.2729,0.44%,0.0115999999999998,1.2817,1.2678,1.53002,-0.00140000000000029,1.2703
13-06-2024,1.2759,1.2797,1.2807,1.2735,-0.29%,0.0131000000000001,1.286,1.2678,1.53016,-0.00289999999999857,1.2707
14-06-2024,1.2682,1.2759,1.2763,1.2654,-0.60%,0.0131000000000001,1.286,1.2678,1.53045,0,1.2717
17-06-2024,1.2703,1.2682,1.2709,1.2656,0.17%,0.0131000000000001,1.286,1.2678,1.53045,0.00169999999999959,1.2655
18-06-2024,1.2707,1.27,1.272,1.2666,0.03%,0.0131000000000001,1.286,1.2685,1.53028,0.00300000000000011,1.2645
19-06-2024,1.2717,1.2707,1.2739,1.2696,0.08%,0.0131000000000001,1.286,1.2685,1.52998,0.0022000000000002,1.2679
20-06-2024,1.2655,1.2717,1.2723,1.2651,-0.49%,0.0131000000000001,1.286,1.2654,1.52976,0.00879999999999903,1.2683
21-06-2024,1.2645,1.2656,1.2676,1.262,-0.08%,0.0131000000000001,1.286,1.2654,1.52888,0.0106999999999999,1.262
24-06-2024,1.2679,1.2645,1.2698,1.2629,0.27%,0.0131000000000001,1.286,1.2654,1.52781,0.0140000000000011,1.2638
25-06-2024,1.2683,1.268,1.2702,1.2667,0.03%,0.0131000000000001,1.286,1.2654,1.52641,0.0107999999999997,1.2642
26-06-2024,1.262,1.2685,1.2693,1.2612,-0.50%,0.0131000000000001,1.286,1.2651,1.52533,0.00359999999999872,1.2647
27-06-2024,1.2638,1.2623,1.267,1.261,0.14%,0.0131000000000001,1.286,1.262,1.52497,0.0106000000000002,1.2684
28-06-2024,1.2642,1.2637,1.2663,1.2617,0.03%,0.0131000000000001,1.286,1.262,1.52391,0.0103000000000009,1.274
01-07-2024,1.2647,1.264,1.2708,1.263,0.04%,0.0108999999999999,1.2807,1.262,1.52288,0.0156999999999989,1.2757
02-07-2024,1.2684,1.2645,1.2687,1.2612,0.29%,0.0108999999999999,1.2763,1.2612,1.52131,0.0114000000000001,1.2808
03-07-2024,1.274,1.2675,1.2777,1.2671,0.44%,0.0081,1.2739,1.261,1.52017,0.000700000000000145,1.2804
04-07-2024,1.2757,1.274,1.2767,1.2738,0.13%,0.0106000000000002,1.2777,1.261,1.5201,-0.00399999999999956,1.2783
05-07-2024,1.2808,1.2757,1.2817,1.2751,0.40%,0.0106000000000002,1.2777,1.261,1.5205,-0.00500000000000078,1.2845
08-07-2024,1.2804,1.2786,1.2845,1.2786,-0.03%,0.0106000000000002,1.2817,1.261,1.521,-0.00689999999999991,1.2909
09-07-2024,1.2783,1.2808,1.2825,1.2775,-0.16%,0.0106000000000002,1.2845,1.261,1.52169,-0.0151999999999983,1.2992
10-07-2024,1.2845,1.2786,1.2849,1.278,0.49%,0.0106000000000002,1.2845,1.261,1.52321,-0.0141000000000009,1.2966
11-07-2024,1.2909,1.2847,1.2947,1.2844,0.50%,0.0106000000000002,1.2849,1.261,1.52462,-0.0167000000000002,1.2965
12-07-2024,1.2992,1.2909,1.2993,1.2899,0.64%,0.0106000000000002,1.2947,1.261,1.52629,-0.0223999999999993,1.3008
15-07-2024,1.2966,1.2992,1.2994,1.2955,-0.20%,0.0106000000000002,1.2993,1.261,1.52853,-0.036900000000001,1.2941
16-07-2024,1.2965,1.2967,1.2979,1.2935,-0.01%,0.0106000000000002,1.2994,1.2612,1.53222,-0.0329999999999995,1.2919
17-07-2024,1.3008,1.2971,1.3044,1.2963,0.33%,0.0106000000000002,1.2994,1.2612,1.53552,-0.0330999999999992,1.2932
18-07-2024,1.2941,1.3008,1.3012,1.2937,-0.52%,0.0106000000000002,1.3044,1.2612,1.53883,-0.0363000000000007,1.2905
19-07-2024,1.2919,1.2941,1.2954,1.2898,-0.17%,0.0106000000000002,1.3044,1.2671,1.54246,-0.0266000000000002,1.2906
22-07-2024,1.2932,1.2908,1.2942,1.2903,0.10%,0.0103,1.3044,1.2738,1.54512,-0.0167999999999999,1.2851
23-07-2024,1.2905,1.2931,1.2934,1.2884,-0.21%,0.0103,1.3044,1.2751,1.5468,-0.0173999999999985,1.2872
24-07-2024,1.2906,1.2905,1.2937,1.2874,0.01%,0.0103,1.3044,1.2775,1.54854,-0.0119000000000007,1.2859
25-07-2024,1.2851,1.2905,1.2915,1.2847,-0.43%,0.0103,1.3044,1.2775,1.54973,-0.00970000000000049,1.2834
26-07-2024,1.2872,1.2851,1.2878,1.2847,0.16%,0.0103,1.3044,1.278,1.5507,-0.00649999999999906,1.2856
29-07-2024,1.2859,1.2872,1.2888,1.2803,-0.10%,0.0103,1.3044,1.2844,1.55135,-0.00250000000000128,1.2739
30-07-2024,1.2834,1.2861,1.2866,1.2817,-0.19%,0.00939999999999985,1.3044,1.2874,1.5516,0.00480000000000125,1.2798
31-07-2024,1.2856,1.2834,1.2864,1.2818,0.17%,0.00849999999999995,1.3044,1.2847,1.55112,0.0157999999999987,1.2773
01-08-2024,1.2739,1.2856,1.2863,1.2724,-0.91%,0.00849999999999995,1.3044,1.2847,1.54954,0.0111000000000008,1.2689
02-08-2024,1.2798,1.2747,1.2839,1.2704,0.46%,0.0139,1.3044,1.2803,1.54843,0.0223999999999993,1.2691
05-08-2024,1.2773,1.2805,1.2817,1.2706,-0.20%,0.0139,1.3012,1.2803,1.54619,0.0203000000000007,1.2747
06-08-2024,1.2689,1.2777,1.2803,1.267,-0.66%,0.0139,1.2954,1.2803,1.54416,0.0163999999999991,1.2759
07-08-2024,1.2691,1.2689,1.2735,1.2678,0.02%,0.0139,1.2942,1.2724,1.54252,0.0219000000000005,1.2764
08-08-2024,1.2747,1.269,1.2752,1.2662,0.44%,0.0139,1.2937,1.2704,1.54033,0.0241000000000007,1.2857
09-08-2024,1.2759,1.2746,1.2773,1.2723,0.09%,0.0139,1.2937,1.2704,1.53792,0.0159000000000002,1.2825
12-08-2024,1.2764,1.2754,1.2794,1.2744,0.04%,0.0139,1.2915,1.267,1.53633,0.0150999999999986,1.2851
13-08-2024,1.2857,1.2764,1.2873,1.2757,0.73%,0.0139,1.2888,1.267,1.53482,0.00870000000000104,1.2944
14-08-2024,1.2825,1.2861,1.2868,1.2818,-0.25%,0.0139,1.2888,1.2662,1.53395,0.00109999999999921,1.2988
15-08-2024,1.2851,1.2825,1.2871,1.2796,0.20%,0.0139,1.2873,1.2662,1.53384,0.00360000000000049,1.3029
16-08-2024,1.2944,1.2851,1.2945,1.2849,0.72%,0.0139,1.2873,1.2662,1.53348,-0.00169999999999959,1.3092
19-08-2024,1.2988,1.2933,1.2997,1.2929,0.34%,0.0139,1.2945,1.2662,1.53365,-0.00769999999999982,1.3088
20-08-2024,1.3029,1.2993,1.3052,1.2971,0.32%,0.0135000000000001,1.2997,1.2662,1.53442,-0.0246000000000013,1.3209
21-08-2024,1.3092,1.3029,1.3119,1.3008,0.48%,0.0133000000000001,1.3052,1.2662,1.53688,-0.0223999999999993,1.319
22-08-2024,1.3088,1.3092,1.3129,1.3073,-0.03%,0.0133000000000001,1.3119,1.2662,1.53912,-0.0314999999999994,1.3255
23-08-2024,1.3209,1.3089,1.323,1.3082,0.92%,0.0116000000000001,1.3129,1.2662,1.54227,-0.0400000000000009,1.319
26-08-2024,1.319,1.321,1.3222,1.3177,-0.14%,0.0147999999999999,1.323,1.2662,1.54627,-0.0519999999999996,1.3168
27-08-2024,1.3255,1.319,1.3266,1.3177,0.49%,0.0147999999999999,1.323,1.2723,1.55147,-0.0443999999999996,1.3126
28-08-2024,1.319,1.3255,1.3262,1.3165,-0.49%,0.0147999999999999,1.3266,1.2744,1.55591,-0.0501000000000005,1.3149
29-08-2024,1.3168,1.319,1.3227,1.3142,-0.17%,0.0147999999999999,1.3266,1.2757,1.56092,-0.0426000000000002,1.3111
30-08-2024,1.3126,1.3164,1.3199,1.3106,-0.32%,0.0147999999999999,1.3266,1.2796,1.56518,-0.0302999999999987,1.3142
02-09-2024,1.3149,1.3119,1.3155,1.3117,0.18%,0.0147999999999999,1.3266,1.2796,1.56821,-0.0294000000000008,1.3175
03-09-2024,1.3111,1.3149,1.3149,1.3084,-0.29%,0.0147999999999999,1.3266,1.2849,1.57115,-0.0297999999999998,1.3123
04-09-2024,1.3142,1.3112,1.3175,1.3097,0.24%,0.0147999999999999,1.3266,1.2929,1.57413,-0.0179000000000009,1.3072
05-09-2024,1.3175,1.3146,1.3185,1.3134,0.25%,0.0147999999999999,1.3266,1.2971,1.57592,-0.0152999999999999,1.3079
06-09-2024,1.3123,1.3176,1.3238,1.3107,-0.39%,0.0147999999999999,1.3266,1.3008,1.57745,-0.0146999999999995,1.3043
09-09-2024,1.3072,1.3114,1.3143,1.3065,-0.39%,0.0147999999999999,1.3266,1.3073,1.57892,-0.0022000000000002,1.3123
10-09-2024,1.3079,1.3072,1.3107,1.3046,0.05%,0.0147999999999999,1.3266,1.3082,1.57914,0.00169999999999959,1.3122
11-09-2024,1.3043,1.3079,1.3111,1.2999,-0.28%,0.0131000000000001,1.3266,1.3084,1.57897,0.0130999999999997,1.3216
12-09-2024,1.3123,1.3043,1.3127,1.3029,0.61%,0.0131000000000001,1.3266,1.3084,1.57766,0.0146999999999995,1.316
13-09-2024,1.3122,1.3124,1.3157,1.3112,-0.01%,0.0131000000000001,1.3262,1.3065,1.57619,0.0131000000000014,1.3212
16-09-2024,1.3216,1.312,1.3218,1.3117,0.72%,0.0131000000000001,1.3238,1.3046,1.57488,0.00699999999999967,1.3284
17-09-2024,1.316,1.3213,1.3229,1.3143,-0.42%,0.0131000000000001,1.3238,1.2999,1.57418,-0.00490000000000102,1.3321
18-09-2024,1.3212,1.316,1.3297,1.3153,0.40%,0.0131000000000001,1.3238,1.2999,1.57467,-0.00409999999999933,1.3346
19-09-2024,1.3284,1.3211,1.3314,1.315,0.54%,0.0144000000000002,1.3297,1.2999,1.57508,-0.00619999999999976,1.3412
20-09-2024,1.3321,1.3284,1.334,1.3265,0.28%,0.0164,1.3314,1.2999,1.5757,-0.0172000000000008,1.3323
23-09-2024,1.3346,1.3316,1.3359,1.3245,0.19%,0.0164,1.334,1.2999,1.57742,-0.0169999999999995,1.3415
24-09-2024,1.3412,1.3345,1.3415,1.3329,0.49%,0.0164,1.3359,1.2999,1.57912,-0.0168999999999997,1.3373
25-09-2024,1.3323,1.3412,1.3429,1.3309,-0.66%,0.0164,1.3415,1.2999,1.58081,-0.0297999999999998,1.337
26-09-2024,1.3415,1.3321,1.3434,1.3309,0.69%,0.0164,1.3429,1.2999,1.58379,-0.0249000000000006,1.3285
27-09-2024,1.3373,1.3414,1.3427,1.3357,-0.31%,0.0164,1.3434,1.2999,1.58628,-0.0335000000000001,
30-09-2024,1.337,1.3366,1.3422,1.3347,-0.02%,0.0164,1.3434,1.3029,1.58963,-0.0322999999999993,
01-10-2024,1.3285,1.337,1.3389,1.3234,-0.64%,0.0164,1.3434,1.3112,1.59286,-0.0245999999999995,
